data_preset,sample_id,record,mode,sample_winner,overlay_path,region,kernel_size,confidence_threshold,candidate_name,baseline_name,pixels,region_ratio,candidate_better_ratio,baseline_better_ratio,neutral_ratio,candidate_psnr,baseline_psnr,psnr_delta_candidate_minus_baseline,candidate_mae,baseline_mae
train_minor_0507,ARPG_2_4_Easy_4_Easy_5_fps_60_frame_0236_0238,ARPG_2,4_Easy/4_Easy_5/fps_60,candidate_win,/workspace/src/GFI_docker/compare_outputs/GFI_prediction_region_compare/train_minor_0507_twostage/ARPG_2/candidate_win/ARPG_2_4_Easy_4_Easy_5_fps_60_frame_0236_0238_winner_overlay.png,all,9,0.08,Splat Training,FineTuning,518400,1.0,0.13010609567901235,0.10570408950617284,0.7641898148148148,21.555553651910234,21.536806401534385,0.018747250375849234,0.046049438416957855,0.0467514768242836
train_minor_0507,ARPG_2_4_Easy_4_Easy_5_fps_60_frame_0236_0238,ARPG_2,4_Easy/4_Easy_5/fps_60,candidate_win,/workspace/src/GFI_docker/compare_outputs/GFI_prediction_region_compare/train_minor_0507_twostage/ARPG_2/candidate_win/ARPG_2_4_Easy_4_Easy_5_fps_60_frame_0236_0238_winner_overlay.png,hit_both,9,0.08,Splat Training,FineTuning,441668,0.851983024691358,0.10471892915040257,0.08973482344204244,0.805546247407555,21.827966038754344,21.82331111444505,0.004654924309292596,0.0440196767449379,0.044644132256507874
train_minor_0507,ARPG_2_4_Easy_4_Easy_5_fps_60_frame_0236_0238,ARPG_2,4_Easy/4_Easy_5/fps_60,candidate_win,/workspace/src/GFI_docker/compare_outputs/GFI_prediction_region_compare/train_minor_0507_twostage/ARPG_2/candidate_win/ARPG_2_4_Easy_4_Easy_5_fps_60_frame_0236_0238_winner_overlay.png,clean_both_no_hole_no_multi,9,0.08,Splat Training,FineTuning,434767,0.8386709104938271,0.1013876398162694,0.08902469598658592,0.8095876641971447,21.930393569463007,21.97140553885972,-0.041011969396713255,0.04360803961753845,0.04400153085589409
train_minor_0507,ARPG_2_4_Easy_4_Easy_5_fps_60_frame_0236_0238,ARPG_2,4_Easy/4_Easy_5/fps_60,candidate_win,/workspace/src/GFI_docker/compare_outputs/GFI_prediction_region_compare/train_minor_0507_twostage/ARPG_2/candidate_win/ARPG_2_4_Easy_4_Easy_5_fps_60_frame_0236_0238_winner_overlay.png,hole_any,9,0.08,Splat Training,FineTuning,76732,0.14801697530864197,0.27623416566751813,0.19762289527185528,0.5261429390606266,20.25235594590811,20.177635067126175,0.07472087878193534,0.05773274227976799,0.058881282806396484
train_minor_0507,ARPG_2_4_Easy_4_Easy_5_fps_60_frame_0236_0238,ARPG_2,4_Easy/4_Easy_5/fps_60,candidate_win,/workspace/src/GFI_docker/compare_outputs/GFI_prediction_region_compare/train_minor_0507_twostage/ARPG_2/candidate_win/ARPG_2_4_Easy_4_Easy_5_fps_60_frame_0236_0238_winner_overlay.png,many_to_one_any,9,0.08,Splat Training,FineTuning,33227,0.06409529320987654,0.181388629728835,0.13200108345622535,0.6866102868149396,20.722607919408183,20.28986896240426,0.43273895700392373,0.050912998616695404,0.054626885801553726
train_minor_0507,ARPG_2_4_Easy_4_Easy_5_fps_60_frame_0236_0238,ARPG_2,4_Easy/4_Easy_5/fps_60,candidate_win,/workspace/src/GFI_docker/compare_outputs/GFI_prediction_region_compare/train_minor_0507_twostage/ARPG_2/candidate_win/ARPG_2_4_Easy_4_Easy_5_fps_60_frame_0236_0238_winner_overlay.png,bmv_hole,9,0.08,Splat Training,FineTuning,41338,0.07974151234567901,0.1697469640524457,0.14374183559920653,0.6865112003483478,21.448470440345293,21.371839247407717,0.07663119293757603,0.04828549548983574,0.049107830971479416
train_minor_0507,ARPG_2_4_Easy_4_Easy_5_fps_60_frame_0236_0238,ARPG_2,4_Easy/4_Easy_5/fps_60,candidate_win,/workspace/src/GFI_docker/compare_outputs/GFI_prediction_region_compare/train_minor_0507_twostage/ARPG_2/candidate_win/ARPG_2_4_Easy_4_Easy_5_fps_60_frame_0236_0238_winner_overlay.png,fmv_hole,9,0.08,Splat Training,FineTuning,38945,0.07512538580246914,0.404596225446142,0.2618564642444473,0.3335473103094107,19.116961915206787,19.062273396829212,0.05468851837757427,0.06962394714355469,0.07095886021852493
train_minor_0507,ARPG_2_4_Easy_4_Easy_5_fps_60_frame_0236_0238,ARPG_2,4_Easy/4_Easy_5/fps_60,candidate_win,/workspace/src/GFI_docker/compare_outputs/GFI_prediction_region_compare/train_minor_0507_twostage/ARPG_2/candidate_win/ARPG_2_4_Easy_4_Easy_5_fps_60_frame_0236_0238_winner_overlay.png,bmv_many_to_one,9,0.08,Splat Training,FineTuning,2140,0.004128086419753086,0.6079439252336448,0.11542056074766355,0.2766355140186916,19.38720992822041,16.459450975374274,2.927758952846137,0.06034817919135094,0.09402907639741898
train_minor_0507,ARPG_2_4_Easy_4_Easy_5_fps_60_frame_0236_0238,ARPG_2,4_Easy/4_Easy_5/fps_60,candidate_win,/workspace/src/GFI_docker/compare_outputs/GFI_prediction_region_compare/train_minor_0507_twostage/ARPG_2/candidate_win/ARPG_2_4_Easy_4_Easy_5_fps_60_frame_0236_0238_winner_overlay.png,fmv_many_to_one,9,0.08,Splat Training,FineTuning,31459,0.06068479938271605,0.15935026542483868,0.13287135636860675,0.7077783782065545,20.7339764982256,20.459890166831247,0.27408633139435423,0.050799597054719925,0.05334142968058586
train_minor_0507,ARPG_2_4_Easy_4_Easy_5_fps_60_frame_0368_0370,ARPG_2,4_Easy/4_Easy_5/fps_60,candidate_win,/workspace/src/GFI_docker/compare_outputs/GFI_prediction_region_compare/train_minor_0507_twostage/ARPG_2/candidate_win/ARPG_2_4_Easy_4_Easy_5_fps_60_frame_0368_0370_winner_overlay.png,all,9,0.08,Splat Training,FineTuning,518400,1.0,0.26026234567901235,0.2331346450617284,0.5066030092592593,35.75381613881433,35.05831768793961,0.695498450874716,0.004788735881447792,0.005217148922383785
train_minor_0507,ARPG_2_4_Easy_4_Easy_5_fps_60_frame_0368_0370,ARPG_2,4_Easy/4_Easy_5/fps_60,candidate_win,/workspace/src/GFI_docker/compare_outputs/GFI_prediction_region_compare/train_minor_0507_twostage/ARPG_2/candidate_win/ARPG_2_4_Easy_4_Easy_5_fps_60_frame_0368_0370_winner_overlay.png,hit_both,9,0.08,Splat Training,FineTuning,488857,0.9430111882716049,0.2543136336392851,0.2334404539568831,0.5122459124038318,36.286156446057525,35.62709796610847,0.6590584799490529,0.004532002843916416,0.004875566810369492
train_minor_0507,ARPG_2_4_Easy_4_Easy_5_fps_60_frame_0368_0370,ARPG_2,4_Easy/4_Easy_5/fps_60,candidate_win,/workspace/src/GFI_docker/compare_outputs/GFI_prediction_region_compare/train_minor_0507_twostage/ARPG_2/candidate_win/ARPG_2_4_Easy_4_Easy_5_fps_60_frame_0368_0370_winner_overlay.png,clean_both_no_hole_no_multi,9,0.08,Splat Training,FineTuning,485345,0.9362364969135802,0.25348978561641716,0.23356375361856,0.5129464607650228,36.44835834581026,36.25250746988701,0.19585087592325578,0.004454643931239843,0.004677268676459789
train_minor_0507,ARPG_2_4_Easy_4_Easy_5_fps_60_frame_0368_0370,ARPG_2,4_Easy/4_Easy_5/fps_60,candidate_win,/workspace/src/GFI_docker/compare_outputs/GFI_prediction_region_compare/train_minor_0507_twostage/ARPG_2/candidate_win/ARPG_2_4_Easy_4_Easy_5_fps_60_frame_0368_0370_winner_overlay.png,hole_any,9,0.08,Splat Training,FineTuning,29543,0.05698881172839506,0.35869749179162574,0.22807433232914734,0.4132281758792269,31.11648813661572,30.242124313653317,0.8743638229624047,0.009037010371685028,0.010869412682950497
train_minor_0507,ARPG_2_4_Easy_4_Easy_5_fps_60_frame_0368_0370,ARPG_2,4_Easy/4_Easy_5/fps_60,candidate_win,/workspace/src/GFI_docker/compare_outputs/GFI_prediction_region_compare/train_minor_0507_twostage/ARPG_2/candidate_win/ARPG_2_4_Easy_4_Easy_5_fps_60_frame_0368_0370_winner_overlay.png,many_to_one_any,9,0.08,Splat Training,FineTuning,15435,0.029774305555555554,0.2899902818270165,0.2110787172011662,0.4989310009718173,30.040512129714077,26.932652789082056,3.1078593406320216,0.010616565123200417,0.015285607427358627
train_minor_0507,ARPG_2_4_Easy_4_Easy_5_fps_60_frame_0368_0370,ARPG_2,4_Easy/4_Easy_5/fps_60,candidate_win,/workspace/src/GFI_docker/compare_outputs/GFI_prediction_region_compare/train_minor_0507_twostage/ARPG_2/candidate_win/ARPG_2_4_Easy_4_Easy_5_fps_60_frame_0368_0370_winner_overlay.png,bmv_hole,9,0.08,Splat Training,FineTuning,15228,0.029375,0.2864460204885737,0.2127659574468085,0.5007880220646178,30.733538768136835,29.21092298979394,1.522615778342896,0.009291449561715126,0.011972784996032715
train_minor_0507,ARPG_2_4_Easy_4_Easy_5_fps_60_frame_0368_0370,ARPG_2,4_Easy/4_Easy_5/fps_60,candidate_win,/workspace/src/GFI_docker/compare_outputs/GFI_prediction_region_compare/train_minor_0507_twostage/ARPG_2/candidate_win/ARPG_2_4_Easy_4_Easy_5_fps_60_frame_0368_0370_winner_overlay.png,fmv_hole,9,0.08,Splat Training,FineTuning,14863,0.02867091049382716,0.4331561595909305,0.245374419699926,0.3214694207091435,31.27228419534926,31.662636209223848,-0.39035201387458685,0.008980760350823402,0.009754098951816559
train_minor_0507,ARPG_2_4_Easy_4_Easy_5_fps_60_frame_0368_0370,ARPG_2,4_Easy/4_Easy_5/fps_60,candidate_win,/workspace/src/GFI_docker/compare_outputs/GFI_prediction_region_compare/train_minor_0507_twostage/ARPG_2/candidate_win/ARPG_2_4_Easy_4_Easy_5_fps_60_frame_0368_0370_winner_overlay.png,bmv_many_to_one,9,0.08,Splat Training,FineTuning,864,0.0016666666666666668,0.48032407407407407,0.21412037037037038,0.3055555555555556,25.624711907708164,25.38759421190852,0.23711769579964326,0.02739802747964859,0.029386043548583984
train_minor_0507,ARPG_2_4_Easy_4_Easy_5_fps_60_frame_0368_0370,ARPG_2,4_Easy/4_Easy_5/fps_60,candidate_win,/workspace/src/GFI_docker/compare_outputs/GFI_prediction_region_compare/train_minor_0507_twostage/ARPG_2/candidate_win/ARPG_2_4_Easy_4_Easy_5_fps_60_frame_0368_0370_winner_overlay.png,fmv_many_to_one,9,0.08,Splat Training,FineTuning,14604,0.028171296296296295,0.2786222952615722,0.21206518761983018,0.5093125171185976,30.459522201066967,27.04501122786371,3.4145109732032566,0.009682548232376575,0.014469489455223083
train_minor_0507,ARPG_2_4_Easy_4_Easy_5_fps_60_frame_0370_0372,ARPG_2,4_Easy/4_Easy_5/fps_60,candidate_win,/workspace/src/GFI_docker/compare_outputs/GFI_prediction_region_compare/train_minor_0507_twostage/ARPG_2/candidate_win/ARPG_2_4_Easy_4_Easy_5_fps_60_frame_0370_0372_winner_overlay.png,all,9,0.08,Splat Training,FineTuning,518400,1.0,0.26881751543209875,0.24777970679012346,0.4834027777777778,36.053513341600365,35.25833238332706,0.7951809582733063,0.004365880973637104,0.004757908172905445
train_minor_0507,ARPG_2_4_Easy_4_Easy_5_fps_60_frame_0370_0372,ARPG_2,4_Easy/4_Easy_5/fps_60,candidate_win,/workspace/src/GFI_docker/compare_outputs/GFI_prediction_region_compare/train_minor_0507_twostage/ARPG_2/candidate_win/ARPG_2_4_Easy_4_Easy_5_fps_60_frame_0370_0372_winner_overlay.png,hit_both,9,0.08,Splat Training,FineTuning,492662,0.9503510802469136,0.2659470387405564,0.2476484892279088,0.4864044720315348,36.50754060052731,35.823451351939816,0.6840892485874903,0.004163824953138828,0.004480527248233557
train_minor_0507,ARPG_2_4_Easy_4_Easy_5_fps_60_frame_0370_0372,ARPG_2,4_Easy/4_Easy_5/fps_60,candidate_win,/workspace/src/GFI_docker/compare_outputs/GFI_prediction_region_compare/train_minor_0507_twostage/ARPG_2/candidate_win/ARPG_2_4_Easy_4_Easy_5_fps_60_frame_0370_0372_winner_overlay.png,clean_both_no_hole_no_multi,9,0.08,Splat Training,FineTuning,489587,0.9444193672839506,0.26523988586298247,0.2478619734592626,0.48689814067775494,36.70266228235951,36.2172129127725,0.485449369587009,0.004091980401426554,0.004340254236012697
train_minor_0507,ARPG_2_4_Easy_4_Easy_5_fps_60_frame_0370_0372,ARPG_2,4_Easy/4_Easy_5/fps_60,candidate_win,/workspace/src/GFI_docker/compare_outputs/GFI_prediction_region_compare/train_minor_0507_twostage/ARPG_2/candidate_win/ARPG_2_4_Easy_4_Easy_5_fps_60_frame_0370_0372_winner_overlay.png,hole_any,9,0.08,Splat Training,FineTuning,25738,0.04964891975308642,0.3237625301111198,0.2502913979330173,0.4259460719558629,31.429426014423413,30.026718067990075,1.4027079464333383,0.00823349691927433,0.010067359544336796
train_minor_0507,ARPG_2_4_Easy_4_Easy_5_fps_60_frame_0370_0372,ARPG_2,4_Easy/4_Easy_5/fps_60,candidate_win,/workspace/src/GFI_docker/compare_outputs/GFI_prediction_region_compare/train_minor_0507_twostage/ARPG_2/candidate_win/ARPG_2_4_Easy_4_Easy_5_fps_60_frame_0370_0372_winner_overlay.png,many_to_one_any,9,0.08,Splat Training,FineTuning,13501,0.026043595679012346,0.31827272053921934,0.19265239611880602,0.4890748833419747,29.87171494508454,27.81459904043155,2.057115904652992,0.010172666981816292,0.01345627848058939
train_minor_0507,ARPG_2_4_Easy_4_Easy_5_fps_60_frame_0370_0372,ARPG_2,4_Easy/4_Easy_5/fps_60,candidate_win,/workspace/src/GFI_docker/compare_outputs/GFI_prediction_region_compare/train_minor_0507_twostage/ARPG_2/candidate_win/ARPG_2_4_Easy_4_Easy_5_fps_60_frame_0370_0372_winner_overlay.png,bmv_hole,9,0.08,Splat Training,FineTuning,13230,0.025520833333333333,0.3130763416477702,0.19334845049130764,0.4935752078609221,31.488018315195177,28.86816466594858,2.619853649246597,0.008389528840780258,0.01149990875273943
train_minor_0507,ARPG_2_4_Easy_4_Easy_5_fps_60_frame_0370_0372,ARPG_2,4_Easy/4_Easy_5/fps_60,candidate_win,/workspace/src/GFI_docker/compare_outputs/GFI_prediction_region_compare/train_minor_0507_twostage/ARPG_2/candidate_win/ARPG_2_4_Easy_4_Easy_5_fps_60_frame_0370_0372_winner_overlay.png,fmv_hole,9,0.08,Splat Training,FineTuning,12937,0.02495563271604938,0.33864110690268223,0.3088042049934297,0.35255468810388807,31.01679934979103,30.688761655583466,0.3280376942075627,0.008468491025269032,0.009331295266747475
train_minor_0507,ARPG_2_4_Easy_4_Easy_5_fps_60_frame_0370_0372,ARPG_2,4_Easy/4_Easy_5/fps_60,candidate_win,/workspace/src/GFI_docker/compare_outputs/GFI_prediction_region_compare/train_minor_0507_twostage/ARPG_2/candidate_win/ARPG_2_4_Easy_4_Easy_5_fps_60_frame_0370_0372_winner_overlay.png,bmv_many_to_one,9,0.08,Splat Training,FineTuning,775,0.0014949845679012345,0.4993548387096774,0.2232258064516129,0.27741935483870966,22.543955429222176,22.8816492194264,-0.33769379020422363,0.03715791925787926,0.038481973111629486
train_minor_0507,ARPG_2_4_Easy_4_Easy_5_fps_60_frame_0370_0372,ARPG_2,4_Easy/4_Easy_5/fps_60,candidate_win,/workspace/src/GFI_docker/compare_outputs/GFI_prediction_region_compare/train_minor_0507_twostage/ARPG_2/candidate_win/ARPG_2_4_Easy_4_Easy_5_fps_60_frame_0370_0372_winner_overlay.png,fmv_many_to_one,9,0.08,Splat Training,FineTuning,12755,0.0246045524691358,0.30733045864366915,0.19176793414347315,0.5009016072128577,31.030513917038064,28.385064619345343,2.6454492976927213,0.008666395209729671,0.012011591345071793
train_minor_0507,ARPG_2_4_Easy_4_Easy_5_fps_60_frame_0376_0378,ARPG_2,4_Easy/4_Easy_5/fps_60,candidate_win,/workspace/src/GFI_docker/compare_outputs/GFI_prediction_region_compare/train_minor_0507_twostage/ARPG_2/candidate_win/ARPG_2_4_Easy_4_Easy_5_fps_60_frame_0376_0378_winner_overlay.png,all,9,0.08,Splat Training,FineTuning,518400,1.0,0.33715470679012344,0.18316743827160495,0.4796778549382716,36.634352723762134,35.611252424711346,1.023100299050789,0.0038885718677192926,0.00442011933773756
train_minor_0507,ARPG_2_4_Easy_4_Easy_5_fps_60_frame_0376_0378,ARPG_2,4_Easy/4_Easy_5/fps_60,candidate_win,/workspace/src/GFI_docker/compare_outputs/GFI_prediction_region_compare/train_minor_0507_twostage/ARPG_2/candidate_win/ARPG_2_4_Easy_4_Easy_5_fps_60_frame_0376_0378_winner_overlay.png,hit_both,9,0.08,Splat Training,FineTuning,499489,0.9635204475308642,0.33527264864691714,0.18231232319430457,0.4824150281587783,37.061376209716535,36.0250238086114,1.036352401105134,0.003726049792021513,0.0042153592221438885
train_minor_0507,ARPG_2_4_Easy_4_Easy_5_fps_60_frame_0376_0378,ARPG_2,4_Easy/4_Easy_5/fps_60,candidate_win,/workspace/src/GFI_docker/compare_outputs/GFI_prediction_region_compare/train_minor_0507_twostage/ARPG_2/candidate_win/ARPG_2_4_Easy_4_Easy_5_fps_60_frame_0376_0378_winner_overlay.png,clean_both_no_hole_no_multi,9,0.08,Splat Training,FineTuning,495504,0.9558333333333333,0.33436258839484645,0.18266855565242662,0.4829688559527269,37.31743684286564,36.3175446836629,0.9998921592027372,0.0036474389489740133,0.004099070560187101
train_minor_0507,ARPG_2_4_Easy_4_Easy_5_fps_60_frame_0376_0378,ARPG_2,4_Easy/4_Easy_5/fps_60,candidate_win,/workspace/src/GFI_docker/compare_outputs/GFI_prediction_region_compare/train_minor_0507_twostage/ARPG_2/candidate_win/ARPG_2_4_Easy_4_Easy_5_fps_60_frame_0376_0378_winner_overlay.png,hole_any,9,0.08,Splat Training,FineTuning,18911,0.036479552469135805,0.3868647876897044,0.20575326529533075,0.40738194701496483,31.22673259396864,30.29609112412365,0.9306414698449927,0.008181150071322918,0.00982835702598095
train_minor_0507,ARPG_2_4_Easy_4_Easy_5_fps_60_frame_0376_0378,ARPG_2,4_Easy/4_Easy_5/fps_60,candidate_win,/workspace/src/GFI_docker/compare_outputs/GFI_prediction_region_compare/train_minor_0507_twostage/ARPG_2/candidate_win/ARPG_2_4_Easy_4_Easy_5_fps_60_frame_0376_0378_winner_overlay.png,many_to_one_any,9,0.08,Splat Training,FineTuning,10475,0.020206404320987654,0.42787589498806683,0.13241050119331743,0.43971360381861574,29.372305936645333,28.000512622580437,1.3717933140648952,0.010611508972942829,0.01355746015906334
train_minor_0507,ARPG_2_4_Easy_4_Easy_5_fps_60_frame_0376_0378,ARPG_2,4_Easy/4_Easy_5/fps_60,candidate_win,/workspace/src/GFI_docker/compare_outputs/GFI_prediction_region_compare/train_minor_0507_twostage/ARPG_2/candidate_win/ARPG_2_4_Easy_4_Easy_5_fps_60_frame_0376_0378_winner_overlay.png,bmv_hole,9,0.08,Splat Training,FineTuning,9609,0.01853587962962963,0.41523571651576646,0.13976480382974296,0.4449994796544906,31.161856249831974,30.20556231558857,0.9562939342434049,0.007857149466872215,0.00995267927646637
train_minor_0507,ARPG_2_4_Easy_4_Easy_5_fps_60_frame_0376_0378,ARPG_2,4_Easy/4_Easy_5/fps_60,candidate_win,/workspace/src/GFI_docker/compare_outputs/GFI_prediction_region_compare/train_minor_0507_twostage/ARPG_2/candidate_win/ARPG_2_4_Easy_4_Easy_5_fps_60_frame_0376_0378_winner_overlay.png,fmv_hole,9,0.08,Splat Training,FineTuning,9513,0.018350694444444444,0.3566698202459792,0.2748869967413014,0.36844318301271944,31.316175436195955,30.417942089914547,0.8982333462814083,0.008509991690516472,0.00969337485730648
train_minor_0507,ARPG_2_4_Easy_4_Easy_5_fps_60_frame_0376_0378,ARPG_2,4_Easy/4_Easy_5/fps_60,candidate_win,/workspace/src/GFI_docker/compare_outputs/GFI_prediction_region_compare/train_minor_0507_twostage/ARPG_2/candidate_win/ARPG_2_4_Easy_4_Easy_5_fps_60_frame_0376_0378_winner_overlay.png,bmv_many_to_one,9,0.08,Splat Training,FineTuning,1779,0.003431712962962963,0.48454187745924676,0.15177065767284992,0.3636874648679033,25.626218992154005,24.49683325209387,1.1293857400601333,0.02010088600218296,0.02361244335770607
train_minor_0507,ARPG_2_4_Easy_4_Easy_5_fps_60_frame_0376_0378,ARPG_2,4_Easy/4_Easy_5/fps_60,candidate_win,/workspace/src/GFI_docker/compare_outputs/GFI_prediction_region_compare/train_minor_0507_twostage/ARPG_2/candidate_win/ARPG_2_4_Easy_4_Easy_5_fps_60_frame_0376_0378_winner_overlay.png,fmv_many_to_one,9,0.08,Splat Training,FineTuning,8719,0.016819058641975308,0.41621745613029015,0.12879917421722675,0.4549833696524831,30.707376200054487,29.189847244451023,1.5175289556034635,0.008778815157711506,0.011628424748778343
train_minor_0507,ARPG_2_4_Easy_4_Easy_5_fps_60_frame_0378_0380,ARPG_2,4_Easy/4_Easy_5/fps_60,candidate_win,/workspace/src/GFI_docker/compare_outputs/GFI_prediction_region_compare/train_minor_0507_twostage/ARPG_2/candidate_win/ARPG_2_4_Easy_4_Easy_5_fps_60_frame_0378_0380_winner_overlay.png,all,9,0.08,Splat Training,FineTuning,518400,1.0,0.33294945987654323,0.14051697530864196,0.5265335648148148,35.96837755406868,34.898858572559696,1.0695189815089847,0.004677759017795324,0.005259467754513025
train_minor_0507,ARPG_2_4_Easy_4_Easy_5_fps_60_frame_0378_0380,ARPG_2,4_Easy/4_Easy_5/fps_60,candidate_win,/workspace/src/GFI_docker/compare_outputs/GFI_prediction_region_compare/train_minor_0507_twostage/ARPG_2/candidate_win/ARPG_2_4_Easy_4_Easy_5_fps_60_frame_0378_0380_winner_overlay.png,hit_both,9,0.08,Splat Training,FineTuning,498469,0.9615528549382716,0.32978580413225295,0.13973587123772993,0.5304783246300171,36.37161069344022,35.28855999497363,1.083050698466586,0.0045138574205338955,0.005043958313763142
train_minor_0507,ARPG_2_4_Easy_4_Easy_5_fps_60_frame_0378_0380,ARPG_2,4_Easy/4_Easy_5/fps_60,candidate_win,/workspace/src/GFI_docker/compare_outputs/GFI_prediction_region_compare/train_minor_0507_twostage/ARPG_2/candidate_win/ARPG_2_4_Easy_4_Easy_5_fps_60_frame_0378_0380_winner_overlay.png,clean_both_no_hole_no_multi,9,0.08,Splat Training,FineTuning,493875,0.9526909722222222,0.3289921538850924,0.13973171349025562,0.531276132624652,36.587039905588995,35.48629261510311,1.1007472904858844,0.004429350141435862,0.004935719538480043
train_minor_0507,ARPG_2_4_Easy_4_Easy_5_fps_60_frame_0378_0380,ARPG_2,4_Easy/4_Easy_5/fps_60,candidate_win,/workspace/src/GFI_docker/compare_outputs/GFI_prediction_region_compare/train_minor_0507_twostage/ARPG_2/candidate_win/ARPG_2_4_Easy_4_Easy_5_fps_60_frame_0378_0380_winner_overlay.png,hole_any,9,0.08,Splat Training,FineTuning,19931,0.038447145061728395,0.4120716471827806,0.1600521800210727,0.4278761727961467,30.893109892113063,29.920667353770423,0.9724425383426407,0.00877688080072403,0.010649354197084904
train_minor_0507,ARPG_2_4_Easy_4_Easy_5_fps_60_frame_0378_0380,ARPG_2,4_Easy/4_Easy_5/fps_60,candidate_win,/workspace/src/GFI_docker/compare_outputs/GFI_prediction_region_compare/train_minor_0507_twostage/ARPG_2/candidate_win/ARPG_2_4_Easy_4_Easy_5_fps_60_frame_0378_0380_winner_overlay.png,many_to_one_any,9,0.08,Splat Training,FineTuning,10716,0.020671296296296295,0.4058417319895483,0.13279208659947742,0.46136618141097424,28.66391952583424,27.700719893167953,0.963199632666285,0.012563585303723812,0.015219560824334621
train_minor_0507,ARPG_2_4_Easy_4_Easy_5_fps_60_frame_0378_0380,ARPG_2,4_Easy/4_Easy_5/fps_60,candidate_win,/workspace/src/GFI_docker/compare_outputs/GFI_prediction_region_compare/train_minor_0507_twostage/ARPG_2/candidate_win/ARPG_2_4_Easy_4_Easy_5_fps_60_frame_0378_0380_winner_overlay.png,bmv_hole,9,0.08,Splat Training,FineTuning,10140,0.019560185185185184,0.4025641025641026,0.1398422090729783,0.45759368836291914,31.14236030196391,30.17437742582956,0.9679828761343501,0.008071315474808216,0.010091529227793217
train_minor_0507,ARPG_2_4_Easy_4_Easy_5_fps_60_frame_0378_0380,ARPG_2,4_Easy/4_Easy_5/fps_60,candidate_win,/workspace/src/GFI_docker/compare_outputs/GFI_prediction_region_compare/train_minor_0507_twostage/ARPG_2/candidate_win/ARPG_2_4_Easy_4_Easy_5_fps_60_frame_0378_0380_winner_overlay.png,fmv_hole,9,0.08,Splat Training,FineTuning,10074,0.01943287037037037,0.42277149096684535,0.17967043875322614,0.3975580702799285,30.617738946343444,29.67214376002895,0.9455951863144954,0.009516246616840363,0.011220239102840424
train_minor_0507,ARPG_2_4_Easy_4_Easy_5_fps_60_frame_0378_0380,ARPG_2,4_Easy/4_Easy_5/fps_60,candidate_win,/workspace/src/GFI_docker/compare_outputs/GFI_prediction_region_compare/train_minor_0507_twostage/ARPG_2/candidate_win/ARPG_2_4_Easy_4_Easy_5_fps_60_frame_0378_0380_winner_overlay.png,bmv_many_to_one,9,0.08,Splat Training,FineTuning,2581,0.004978780864197531,0.3727237504843084,0.17822549399457574,0.44905075552111584,26.861296199677472,25.658289077675196,1.2030071220022762,0.01962050423026085,0.022714506834745407
train_minor_0507,ARPG_2_4_Easy_4_Easy_5_fps_60_frame_0378_0380,ARPG_2,4_Easy/4_Easy_5/fps_60,candidate_win,/workspace/src/GFI_docker/compare_outputs/GFI_prediction_region_compare/train_minor_0507_twostage/ARPG_2/candidate_win/ARPG_2_4_Easy_4_Easy_5_fps_60_frame_0378_0380_winner_overlay.png,fmv_many_to_one,9,0.08,Splat Training,FineTuning,8166,0.015752314814814816,0.4159931422973304,0.11866274797942689,0.4653441097232427,29.318969615722818,28.515764880887602,0.8032047348352158,0.010507460683584213,0.01302323304116726
train_minor_0507,ARPG_2_4_Easy_4_Easy_5_fps_60_frame_0464_0466,ARPG_2,4_Easy/4_Easy_5/fps_60,candidate_win,/workspace/src/GFI_docker/compare_outputs/GFI_prediction_region_compare/train_minor_0507_twostage/ARPG_2/candidate_win/ARPG_2_4_Easy_4_Easy_5_fps_60_frame_0464_0466_winner_overlay.png,all,9,0.08,Splat Training,FineTuning,518400,1.0,0.16356288580246914,0.15165123456790122,0.6847858796296297,19.90783713288917,19.880774350054438,0.027062782834732957,0.05271033197641373,0.05479560047388077
train_minor_0507,ARPG_2_4_Easy_4_Easy_5_fps_60_frame_0464_0466,ARPG_2,4_Easy/4_Easy_5/fps_60,candidate_win,/workspace/src/GFI_docker/compare_outputs/GFI_prediction_region_compare/train_minor_0507_twostage/ARPG_2/candidate_win/ARPG_2_4_Easy_4_Easy_5_fps_60_frame_0464_0466_winner_overlay.png,hit_both,9,0.08,Splat Training,FineTuning,444963,0.8583391203703704,0.14396028433824834,0.13164240622253987,0.7243973094392118,20.058118620677988,20.069629173335144,-0.011510552657156836,0.05159105733036995,0.05279984325170517
train_minor_0507,ARPG_2_4_Easy_4_Easy_5_fps_60_frame_0464_0466,ARPG_2,4_Easy/4_Easy_5/fps_60,candidate_win,/workspace/src/GFI_docker/compare_outputs/GFI_prediction_region_compare/train_minor_0507_twostage/ARPG_2/candidate_win/ARPG_2_4_Easy_4_Easy_5_fps_60_frame_0464_0466_winner_overlay.png,clean_both_no_hole_no_multi,9,0.08,Splat Training,FineTuning,433508,0.8362422839506173,0.14124998846618747,0.13073807173108684,0.7280119398027257,20.120030679281314,20.153611097328312,-0.03358041804699852,0.05101172626018524,0.05207948759198189
train_minor_0507,ARPG_2_4_Easy_4_Easy_5_fps_60_frame_0464_0466,ARPG_2,4_Easy/4_Easy_5/fps_60,candidate_win,/workspace/src/GFI_docker/compare_outputs/GFI_prediction_region_compare/train_minor_0507_twostage/ARPG_2/candidate_win/ARPG_2_4_Easy_4_Easy_5_fps_60_frame_0464_0466_winner_overlay.png,hole_any,9,0.08,Splat Training,FineTuning,73437,0.14166087962962962,0.2823372414450481,0.27288696433677845,0.4447757942181734,19.09408605687063,18.88454055556982,0.20954550130080918,0.05949213728308678,0.06688820570707321
train_minor_0507,ARPG_2_4_Easy_4_Easy_5_fps_60_frame_0464_0466,ARPG_2,4_Easy/4_Easy_5/fps_60,candidate_win,/workspace/src/GFI_docker/compare_outputs/GFI_prediction_region_compare/train_minor_0507_twostage/ARPG_2/candidate_win/ARPG_2_4_Easy_4_Easy_5_fps_60_frame_0464_0466_winner_overlay.png,many_to_one_any,9,0.08,Splat Training,FineTuning,35319,0.06813078703703704,0.19485262889662788,0.166624196608058,0.6385231744953141,18.869336017771406,18.576545531309414,0.29279048646199257,0.06572932004928589,0.07003333419561386
train_minor_0507,ARPG_2_4_Easy_4_Easy_5_fps_60_frame_0464_0466,ARPG_2,4_Easy/4_Easy_5/fps_60,candidate_win,/workspace/src/GFI_docker/compare_outputs/GFI_prediction_region_compare/train_minor_0507_twostage/ARPG_2/candidate_win/ARPG_2_4_Easy_4_Easy_5_fps_60_frame_0464_0466_winner_overlay.png,bmv_hole,9,0.08,Splat Training,FineTuning,39339,0.07588541666666666,0.18495640458578003,0.20735148326088615,0.6076921121533339,18.579478922401403,18.614339942955503,-0.03486102055410001,0.0650036633014679,0.06710322201251984
train_minor_0507,ARPG_2_4_Easy_4_Easy_5_fps_60_frame_0464_0466,ARPG_2,4_Easy/4_Easy_5/fps_60,candidate_win,/workspace/src/GFI_docker/compare_outputs/GFI_prediction_region_compare/train_minor_0507_twostage/ARPG_2/candidate_win/ARPG_2_4_Easy_4_Easy_5_fps_60_frame_0464_0466_winner_overlay.png,fmv_hole,9,0.08,Splat Training,FineTuning,37658,0.07264274691358025,0.39478995167029585,0.351425991821127,0.2537840565085772,19.821739256437546,19.22649519246424,0.5952440639733041,0.05291979759931564,0.0665663480758667
train_minor_0507,ARPG_2_4_Easy_4_Easy_5_fps_60_frame_0464_0466,ARPG_2,4_Easy/4_Easy_5/fps_60,candidate_win,/workspace/src/GFI_docker/compare_outputs/GFI_prediction_region_compare/train_minor_0507_twostage/ARPG_2/candidate_win/ARPG_2_4_Easy_4_Easy_5_fps_60_frame_0464_0466_winner_overlay.png,bmv_many_to_one,9,0.08,Splat Training,FineTuning,3846,0.007418981481481481,0.27587103484139364,0.17290691627665106,0.5512220488819553,15.806534412976983,15.677638394404422,0.1288960185725614,0.11105502396821976,0.11576581001281738
train_minor_0507,ARPG_2_4_Easy_4_Easy_5_fps_60_frame_0464_0466,ARPG_2,4_Easy/4_Easy_5/fps_60,candidate_win,/workspace/src/GFI_docker/compare_outputs/GFI_prediction_region_compare/train_minor_0507_twostage/ARPG_2/candidate_win/ARPG_2_4_Easy_4_Easy_5_fps_60_frame_0464_0466_winner_overlay.png,fmv_many_to_one,9,0.08,Splat Training,FineTuning,31820,0.06138117283950617,0.1876178504085481,0.16539912005028284,0.646983029541169,19.409872378358347,19.051447434800664,0.35842494355768295,0.06064131483435631,0.06510219722986221
train_minor_0507,ARPG_2_4_Easy_4_Easy_5_fps_60_frame_0506_0508,ARPG_2,4_Easy/4_Easy_5/fps_60,candidate_win,/workspace/src/GFI_docker/compare_outputs/GFI_prediction_region_compare/train_minor_0507_twostage/ARPG_2/candidate_win/ARPG_2_4_Easy_4_Easy_5_fps_60_frame_0506_0508_winner_overlay.png,all,9,0.08,Splat Training,FineTuning,518400,1.0,0.43712384259259257,0.26295331790123455,0.2999228395061728,20.650063898101926,19.766550877370832,0.883513020731094,0.04381652921438217,0.053091052919626236
train_minor_0507,ARPG_2_4_Easy_4_Easy_5_fps_60_frame_0506_0508,ARPG_2,4_Easy/4_Easy_5/fps_60,candidate_win,/workspace/src/GFI_docker/compare_outputs/GFI_prediction_region_compare/train_minor_0507_twostage/ARPG_2/candidate_win/ARPG_2_4_Easy_4_Easy_5_fps_60_frame_0506_0508_winner_overlay.png,hit_both,9,0.08,Splat Training,FineTuning,366329,0.7066531635802469,0.42810970466438636,0.25056438338215103,0.3213259119534626,21.737148475328016,20.76343720124637,0.9737112740816478,0.03617791458964348,0.04458412900567055
train_minor_0507,ARPG_2_4_Easy_4_Easy_5_fps_60_frame_0506_0508,ARPG_2,4_Easy/4_Easy_5/fps_60,candidate_win,/workspace/src/GFI_docker/compare_outputs/GFI_prediction_region_compare/train_minor_0507_twostage/ARPG_2/candidate_win/ARPG_2_4_Easy_4_Easy_5_fps_60_frame_0506_0508_winner_overlay.png,clean_both_no_hole_no_multi,9,0.08,Splat Training,FineTuning,321000,0.6192129629629629,0.44422429906542055,0.22542990654205608,0.3303457943925234,22.316775266922203,21.0693995940739,1.2473756728483032,0.03279411420226097,0.042975764721632004
train_minor_0507,ARPG_2_4_Easy_4_Easy_5_fps_60_frame_0506_0508,ARPG_2,4_Easy/4_Easy_5/fps_60,candidate_win,/workspace/src/GFI_docker/compare_outputs/GFI_prediction_region_compare/train_minor_0507_twostage/ARPG_2/candidate_win/ARPG_2_4_Easy_4_Easy_5_fps_60_frame_0506_0508_winner_overlay.png,hole_any,9,0.08,Splat Training,FineTuning,152071,0.29334683641975307,0.45883830579137375,0.2927974432995114,0.24836425090911482,18.793404671369217,18.022820077692714,0.770584593676503,0.06221745163202286,0.07358366996049881
train_minor_0507,ARPG_2_4_Easy_4_Easy_5_fps_60_frame_0506_0508,ARPG_2,4_Easy/4_Easy_5/fps_60,candidate_win,/workspace/src/GFI_docker/compare_outputs/GFI_prediction_region_compare/train_minor_0507_twostage/ARPG_2/candidate_win/ARPG_2_4_Easy_4_Easy_5_fps_60_frame_0506_0508_winner_overlay.png,many_to_one_any,9,0.08,Splat Training,FineTuning,78939,0.15227430555555554,0.3678283231355857,0.3645093046529599,0.2676623722114544,19.209749704274543,18.70700162327562,0.5027480809989235,0.056675512343645096,0.06012546643614769
train_minor_0507,ARPG_2_4_Easy_4_Easy_5_fps_60_frame_0506_0508,ARPG_2,4_Easy/4_Easy_5/fps_60,candidate_win,/workspace/src/GFI_docker/compare_outputs/GFI_prediction_region_compare/train_minor_0507_twostage/ARPG_2/candidate_win/ARPG_2_4_Easy_4_Easy_5_fps_60_frame_0506_0508_winner_overlay.png,bmv_hole,9,0.08,Splat Training,FineTuning,89549,0.1727411265432099,0.44554378050006144,0.3058325609442875,0.2486236585556511,18.386421081385777,17.64983821907101,0.7365828623147657,0.06559503823518753,0.07757426798343658
train_minor_0507,ARPG_2_4_Easy_4_Easy_5_fps_60_frame_0506_0508,ARPG_2,4_Easy/4_Easy_5/fps_60,candidate_win,/workspace/src/GFI_docker/compare_outputs/GFI_prediction_region_compare/train_minor_0507_twostage/ARPG_2/candidate_win/ARPG_2_4_Easy_4_Easy_5_fps_60_frame_0506_0508_winner_overlay.png,fmv_hole,9,0.08,Splat Training,FineTuning,87889,0.1695389660493827,0.45151270352376294,0.3059654791839707,0.24252181729226638,18.34839254101916,18.078144832129908,0.27024770888925076,0.0681670531630516,0.07524564862251282
train_minor_0507,ARPG_2_4_Easy_4_Easy_5_fps_60_frame_0506_0508,ARPG_2,4_Easy/4_Easy_5/fps_60,candidate_win,/workspace/src/GFI_docker/compare_outputs/GFI_prediction_region_compare/train_minor_0507_twostage/ARPG_2/candidate_win/ARPG_2_4_Easy_4_Easy_5_fps_60_frame_0506_0508_winner_overlay.png,bmv_many_to_one,9,0.08,Splat Training,FineTuning,32392,0.06248456790123457,0.4279451716473203,0.33641022474685106,0.2356446036058286,18.87830926829129,17.991964758754204,0.8863445095370857,0.06010538339614868,0.0658990666270256
train_minor_0507,ARPG_2_4_Easy_4_Easy_5_fps_60_frame_0506_0508,ARPG_2,4_Easy/4_Easy_5/fps_60,candidate_win,/workspace/src/GFI_docker/compare_outputs/GFI_prediction_region_compare/train_minor_0507_twostage/ARPG_2/candidate_win/ARPG_2_4_Easy_4_Easy_5_fps_60_frame_0506_0508_winner_overlay.png,fmv_many_to_one,9,0.08,Splat Training,FineTuning,53147,0.10252121913580246,0.31947240672098143,0.41183886202419706,0.2686887312548215,19.19852809000904,18.963452624444955,0.23507546556408698,0.056814346462488174,0.05771583691239357
train_minor_0507,ARPG_2_4_Easy_4_Easy_5_fps_60_frame_0508_0510,ARPG_2,4_Easy/4_Easy_5/fps_60,candidate_win,/workspace/src/GFI_docker/compare_outputs/GFI_prediction_region_compare/train_minor_0507_twostage/ARPG_2/candidate_win/ARPG_2_4_Easy_4_Easy_5_fps_60_frame_0508_0510_winner_overlay.png,all,9,0.08,Splat Training,FineTuning,518400,1.0,0.5328472222222222,0.2431539351851852,0.2239988425925926,21.650967583665786,18.92720054993429,2.7237670337314945,0.03891466185450554,0.06128720939159393
train_minor_0507,ARPG_2_4_Easy_4_Easy_5_fps_60_frame_0508_0510,ARPG_2,4_Easy/4_Easy_5/fps_60,candidate_win,/workspace/src/GFI_docker/compare_outputs/GFI_prediction_region_compare/train_minor_0507_twostage/ARPG_2/candidate_win/ARPG_2_4_Easy_4_Easy_5_fps_60_frame_0508_0510_winner_overlay.png,hit_both,9,0.08,Splat Training,FineTuning,351665,0.6783661265432098,0.5034592581007493,0.24669216441784084,0.24984857748140987,23.219056716834604,20.732049666811957,2.4870070500226475,0.030434058979153633,0.047817252576351166
train_minor_0507,ARPG_2_4_Easy_4_Easy_5_fps_60_frame_0508_0510,ARPG_2,4_Easy/4_Easy_5/fps_60,candidate_win,/workspace/src/GFI_docker/compare_outputs/GFI_prediction_region_compare/train_minor_0507_twostage/ARPG_2/candidate_win/ARPG_2_4_Easy_4_Easy_5_fps_60_frame_0508_0510_winner_overlay.png,clean_both_no_hole_no_multi,9,0.08,Splat Training,FineTuning,303917,0.5862596450617283,0.5167002833010329,0.23588677171727807,0.2474129449816891,23.903516541264214,20.951672526510514,2.9518440147537,0.027189694344997406,0.045580215752124786
train_minor_0507,ARPG_2_4_Easy_4_Easy_5_fps_60_frame_0508_0510,ARPG_2,4_Easy/4_Easy_5/fps_60,candidate_win,/workspace/src/GFI_docker/compare_outputs/GFI_prediction_region_compare/train_minor_0507_twostage/ARPG_2/candidate_win/ARPG_2_4_Easy_4_Easy_5_fps_60_frame_0508_0510_winner_overlay.png,hole_any,9,0.08,Splat Training,FineTuning,166735,0.3216338734567901,0.5948301196509431,0.23569136653971873,0.16947851380933818,19.504629051512495,16.579001336043945,2.9256277154685506,0.056801315397024155,0.08969707787036896
train_minor_0507,ARPG_2_4_Easy_4_Easy_5_fps_60_frame_0508_0510,ARPG_2,4_Easy/4_Easy_5/fps_60,candidate_win,/workspace/src/GFI_docker/compare_outputs/GFI_prediction_region_compare/train_minor_0507_twostage/ARPG_2/candidate_win/ARPG_2_4_Easy_4_Easy_5_fps_60_frame_0508_0510_winner_overlay.png,many_to_one_any,9,0.08,Splat Training,FineTuning,86060,0.1660108024691358,0.48674180804090167,0.28076923076923077,0.23248896118986753,20.03778071618388,18.734055975276608,1.303724740907274,0.051964037120342255,0.0685526579618454
train_minor_0507,ARPG_2_4_Easy_4_Easy_5_fps_60_frame_0508_0510,ARPG_2,4_Easy/4_Easy_5/fps_60,candidate_win,/workspace/src/GFI_docker/compare_outputs/GFI_prediction_region_compare/train_minor_0507_twostage/ARPG_2/candidate_win/ARPG_2_4_Easy_4_Easy_5_fps_60_frame_0508_0510_winner_overlay.png,bmv_hole,9,0.08,Splat Training,FineTuning,97746,0.18855324074074073,0.6099686943711251,0.21205982853518301,0.17797147709369182,18.831880926222023,16.552306970247592,2.2795739559744312,0.06320548802614212,0.09411001950502396
train_minor_0507,ARPG_2_4_Easy_4_Easy_5_fps_60_frame_0508_0510,ARPG_2,4_Easy/4_Easy_5/fps_60,candidate_win,/workspace/src/GFI_docker/compare_outputs/GFI_prediction_region_compare/train_minor_0507_twostage/ARPG_2/candidate_win/ARPG_2_4_Easy_4_Easy_5_fps_60_frame_0508_0510_winner_overlay.png,fmv_hole,9,0.08,Splat Training,FineTuning,99476,0.19189043209876544,0.5816880453576743,0.26429490530379185,0.1540170493385339,19.376560717785786,16.02413472137529,3.3524259964104957,0.0583074651658535,0.09480742365121841
train_minor_0507,ARPG_2_4_Easy_4_Easy_5_fps_60_frame_0508_0510,ARPG_2,4_Easy/4_Easy_5/fps_60,candidate_win,/workspace/src/GFI_docker/compare_outputs/GFI_prediction_region_compare/train_minor_0507_twostage/ARPG_2/candidate_win/ARPG_2_4_Easy_4_Easy_5_fps_60_frame_0508_0510_winner_overlay.png,bmv_many_to_one,9,0.08,Splat Training,FineTuning,40702,0.07851466049382716,0.4259987224215026,0.34374232224460716,0.23025895533389024,19.618115767739045,19.22219286465446,0.39592290308458544,0.05617218464612961,0.06549221277236938
train_minor_0507,ARPG_2_4_Easy_4_Easy_5_fps_60_frame_0508_0510,ARPG_2,4_Easy/4_Easy_5/fps_60,candidate_win,/workspace/src/GFI_docker/compare_outputs/GFI_prediction_region_compare/train_minor_0507_twostage/ARPG_2/candidate_win/ARPG_2_4_Easy_4_Easy_5_fps_60_frame_0508_0510_winner_overlay.png,fmv_many_to_one,9,0.08,Splat Training,FineTuning,52063,0.10043016975308643,0.49599523654034533,0.26114515106697656,0.24285961239267811,19.962485963902513,18.430411795473933,1.5320741684285792,0.05303201079368591,0.07165614515542984
train_minor_0507,ARPG_2_4_Easy_4_Easy_5_fps_60_frame_0510_0512,ARPG_2,4_Easy/4_Easy_5/fps_60,candidate_win,/workspace/src/GFI_docker/compare_outputs/GFI_prediction_region_compare/train_minor_0507_twostage/ARPG_2/candidate_win/ARPG_2_4_Easy_4_Easy_5_fps_60_frame_0510_0512_winner_overlay.png,all,9,0.08,Splat Training,FineTuning,518400,1.0,0.5043769290123457,0.2768094135802469,0.2188136574074074,20.80345856255548,20.012024581879245,0.7914339806762349,0.04109065607190132,0.054829347878694534
train_minor_0507,ARPG_2_4_Easy_4_Easy_5_fps_60_frame_0510_0512,ARPG_2,4_Easy/4_Easy_5/fps_60,candidate_win,/workspace/src/GFI_docker/compare_outputs/GFI_prediction_region_compare/train_minor_0507_twostage/ARPG_2/candidate_win/ARPG_2_4_Easy_4_Easy_5_fps_60_frame_0510_0512_winner_overlay.png,hit_both,9,0.08,Splat Training,FineTuning,358400,0.691358024691358,0.46675502232142857,0.28200892857142856,0.25123604910714287,22.821275671693982,21.93289338776593,0.8883822839280526,0.031500283628702164,0.04104527458548546
train_minor_0507,ARPG_2_4_Easy_4_Easy_5_fps_60_frame_0510_0512,ARPG_2,4_Easy/4_Easy_5/fps_60,candidate_win,/workspace/src/GFI_docker/compare_outputs/GFI_prediction_region_compare/train_minor_0507_twostage/ARPG_2/candidate_win/ARPG_2_4_Easy_4_Easy_5_fps_60_frame_0510_0512_winner_overlay.png,clean_both_no_hole_no_multi,9,0.08,Splat Training,FineTuning,307940,0.594020061728395,0.46837695654997724,0.2727934013119439,0.25882964213807885,24.691760659247365,22.640046587306873,2.0517140719404914,0.02511592209339142,0.03645775839686394
train_minor_0507,ARPG_2_4_Easy_4_Easy_5_fps_60_frame_0510_0512,ARPG_2,4_Easy/4_Easy_5/fps_60,candidate_win,/workspace/src/GFI_docker/compare_outputs/GFI_prediction_region_compare/train_minor_0507_twostage/ARPG_2/candidate_win/ARPG_2_4_Easy_4_Easy_5_fps_60_frame_0510_0512_winner_overlay.png,hole_any,9,0.08,Splat Training,FineTuning,160000,0.30864197530864196,0.58865,0.2651625,0.1461875,18.17315605882275,17.457689638227293,0.7154664205954582,0.0625731348991394,0.0857057049870491
train_minor_0507,ARPG_2_4_Easy_4_Easy_5_fps_60_frame_0510_0512,ARPG_2,4_Easy/4_Easy_5/fps_60,candidate_win,/workspace/src/GFI_docker/compare_outputs/GFI_prediction_region_compare/train_minor_0507_twostage/ARPG_2/candidate_win/ARPG_2_4_Easy_4_Easy_5_fps_60_frame_0510_0512_winner_overlay.png,many_to_one_any,9,0.08,Splat Training,FineTuning,84367,0.16274498456790124,0.49800277359631134,0.31102208209370963,0.19097514430997903,17.98453909411716,18.433598600681137,-0.44905950656397664,0.06559371948242188,0.07229399681091309
train_minor_0507,ARPG_2_4_Easy_4_Easy_5_fps_60_frame_0510_0512,ARPG_2,4_Easy/4_Easy_5/fps_60,candidate_win,/workspace/src/GFI_docker/compare_outputs/GFI_prediction_region_compare/train_minor_0507_twostage/ARPG_2/candidate_win/ARPG_2_4_Easy_4_Easy_5_fps_60_frame_0510_0512_winner_overlay.png,bmv_hole,9,0.08,Splat Training,FineTuning,90688,0.17493827160493827,0.584608768525053,0.2602769936485533,0.1551142378263938,17.06302490379276,17.36703210433414,-0.3040072005413812,0.07091192901134491,0.08645191788673401
train_minor_0507,ARPG_2_4_Easy_4_Easy_5_fps_60_frame_0510_0512,ARPG_2,4_Easy/4_Easy_5/fps_60,candidate_win,/workspace/src/GFI_docker/compare_outputs/GFI_prediction_region_compare/train_minor_0507_twostage/ARPG_2/candidate_win/ARPG_2_4_Easy_4_Easy_5_fps_60_frame_0510_0512_winner_overlay.png,fmv_hole,9,0.08,Splat Training,FineTuning,96531,0.18620949074074075,0.5833462825413598,0.2838466399395013,0.13280707751913892,18.621935097574333,17.2321586382719,1.389776459302432,0.06315627694129944,0.09071142226457596
train_minor_0507,ARPG_2_4_Easy_4_Easy_5_fps_60_frame_0510_0512,ARPG_2,4_Easy/4_Easy_5/fps_60,candidate_win,/workspace/src/GFI_docker/compare_outputs/GFI_prediction_region_compare/train_minor_0507_twostage/ARPG_2/candidate_win/ARPG_2_4_Easy_4_Easy_5_fps_60_frame_0510_0512_winner_overlay.png,bmv_many_to_one,9,0.08,Splat Training,FineTuning,44366,0.08558256172839507,0.47076590181670647,0.3561511067033314,0.17308299147996214,18.95823632764544,19.6759199883341,-0.7176836606886603,0.0612223818898201,0.0640343576669693
train_minor_0507,ARPG_2_4_Easy_4_Easy_5_fps_60_frame_0510_0512,ARPG_2,4_Easy/4_Easy_5/fps_60,candidate_win,/workspace/src/GFI_docker/compare_outputs/GFI_prediction_region_compare/train_minor_0507_twostage/ARPG_2/candidate_win/ARPG_2_4_Easy_4_Easy_5_fps_60_frame_0510_0512_winner_overlay.png,fmv_many_to_one,9,0.08,Splat Training,FineTuning,52719,0.10169560185185185,0.5197177488192113,0.28401525066863936,0.19626700051214932,16.92453018556238,17.55782873962858,-0.6332985540662008,0.07724933326244354,0.08359863609075546
train_minor_0507,ARPG_2_4_Easy_4_Easy_5_fps_60_frame_0512_0514,ARPG_2,4_Easy/4_Easy_5/fps_60,candidate_win,/workspace/src/GFI_docker/compare_outputs/GFI_prediction_region_compare/train_minor_0507_twostage/ARPG_2/candidate_win/ARPG_2_4_Easy_4_Easy_5_fps_60_frame_0512_0514_winner_overlay.png,all,9,0.08,Splat Training,FineTuning,518400,1.0,0.4707060185185185,0.32674961419753085,0.20254436728395062,19.85031235909094,19.796589534137617,0.053722824953322146,0.045011889189481735,0.051657598465681076
train_minor_0507,ARPG_2_4_Easy_4_Easy_5_fps_60_frame_0512_0514,ARPG_2,4_Easy/4_Easy_5/fps_60,candidate_win,/workspace/src/GFI_docker/compare_outputs/GFI_prediction_region_compare/train_minor_0507_twostage/ARPG_2/candidate_win/ARPG_2_4_Easy_4_Easy_5_fps_60_frame_0512_0514_winner_overlay.png,hit_both,9,0.08,Splat Training,FineTuning,356610,0.6879050925925926,0.42633689464681307,0.33694231793836404,0.23672078741482291,20.105404106493346,20.328030298886045,-0.2226261923926991,0.041312288492918015,0.04499772936105728
train_minor_0507,ARPG_2_4_Easy_4_Easy_5_fps_60_frame_0512_0514,ARPG_2,4_Easy/4_Easy_5/fps_60,candidate_win,/workspace/src/GFI_docker/compare_outputs/GFI_prediction_region_compare/train_minor_0507_twostage/ARPG_2/candidate_win/ARPG_2_4_Easy_4_Easy_5_fps_60_frame_0512_0514_winner_overlay.png,clean_both_no_hole_no_multi,9,0.08,Splat Training,FineTuning,300801,0.5802488425925926,0.45249849568319256,0.35658126136548746,0.19092024295131999,23.56993619240932,24.02344764612323,-0.45351145371391155,0.026156146079301834,0.0303751640021801
train_minor_0507,ARPG_2_4_Easy_4_Easy_5_fps_60_frame_0512_0514,ARPG_2,4_Easy/4_Easy_5/fps_60,candidate_win,/workspace/src/GFI_docker/compare_outputs/GFI_prediction_region_compare/train_minor_0507_twostage/ARPG_2/candidate_win/ARPG_2_4_Easy_4_Easy_5_fps_60_frame_0512_0514_winner_overlay.png,hole_any,9,0.08,Splat Training,FineTuning,161790,0.3120949074074074,0.5685023796279127,0.3042833302429075,0.1272142901291798,19.335940996926894,18.814065606945817,0.5218753899810764,0.05316635221242905,0.06633701175451279
train_minor_0507,ARPG_2_4_Easy_4_Easy_5_fps_60_frame_0512_0514,ARPG_2,4_Easy/4_Easy_5/fps_60,candidate_win,/workspace/src/GFI_docker/compare_outputs/GFI_prediction_region_compare/train_minor_0507_twostage/ARPG_2/candidate_win/ARPG_2_4_Easy_4_Easy_5_fps_60_frame_0512_0514_winner_overlay.png,many_to_one_any,9,0.08,Splat Training,FineTuning,83637,0.16133680555555555,0.3678993746786709,0.25885672609012755,0.3732438992312015,15.22791803015897,15.300350014069743,-0.07243198391077321,0.09997835010290146,0.10380636900663376
train_minor_0507,ARPG_2_4_Easy_4_Easy_5_fps_60_frame_0512_0514,ARPG_2,4_Easy/4_Easy_5/fps_60,candidate_win,/workspace/src/GFI_docker/compare_outputs/GFI_prediction_region_compare/train_minor_0507_twostage/ARPG_2/candidate_win/ARPG_2_4_Easy_4_Easy_5_fps_60_frame_0512_0514_winner_overlay.png,bmv_hole,9,0.08,Splat Training,FineTuning,92004,0.17747685185185186,0.6016260162601627,0.26676014086344074,0.13161384287639669,18.642298502260225,18.324195053038608,0.31810344922161704,0.06048251688480377,0.07268403470516205
train_minor_0507,ARPG_2_4_Easy_4_Easy_5_fps_60_frame_0512_0514,ARPG_2,4_Easy/4_Easy_5/fps_60,candidate_win,/workspace/src/GFI_docker/compare_outputs/GFI_prediction_region_compare/train_minor_0507_twostage/ARPG_2/candidate_win/ARPG_2_4_Easy_4_Easy_5_fps_60_frame_0512_0514_winner_overlay.png,fmv_hole,9,0.08,Splat Training,FineTuning,95194,0.1836304012345679,0.5314095426182323,0.34371914196272874,0.12487131541903901,18.941927122084273,18.696528879726834,0.2453982423574388,0.05559680238366127,0.06717703491449356
train_minor_0507,ARPG_2_4_Easy_4_Easy_5_fps_60_frame_0512_0514,ARPG_2,4_Easy/4_Easy_5/fps_60,candidate_win,/workspace/src/GFI_docker/compare_outputs/GFI_prediction_region_compare/train_minor_0507_twostage/ARPG_2/candidate_win/ARPG_2_4_Easy_4_Easy_5_fps_60_frame_0512_0514_winner_overlay.png,bmv_many_to_one,9,0.08,Splat Training,FineTuning,50022,0.09649305555555555,0.313322138259166,0.2558474271320619,0.43083043460877213,14.871253589130824,14.897405970477166,-0.02615238134634268,0.10726642608642578,0.110610730946064
train_minor_0507,ARPG_2_4_Easy_4_Easy_5_fps_60_frame_0512_0514,ARPG_2,4_Easy/4_Easy_5/fps_60,candidate_win,/workspace/src/GFI_docker/compare_outputs/GFI_prediction_region_compare/train_minor_0507_twostage/ARPG_2/candidate_win/ARPG_2_4_Easy_4_Easy_5_fps_60_frame_0512_0514_winner_overlay.png,fmv_many_to_one,9,0.08,Splat Training,FineTuning,55912,0.10785493827160494,0.33790599513521247,0.2048576334239519,0.4572363714408356,14.024455042845918,14.071546090041018,-0.04709104719509938,0.12658947706222534,0.1293811798095703
train_minor_0507,ARPG_2_4_Easy_4_Easy_5_fps_60_frame_0514_0516,ARPG_2,4_Easy/4_Easy_5/fps_60,baseline_win,/workspace/src/GFI_docker/compare_outputs/GFI_prediction_region_compare/train_minor_0507_twostage/ARPG_2/baseline_win/ARPG_2_4_Easy_4_Easy_5_fps_60_frame_0514_0516_winner_overlay.png,all,9,0.08,Splat Training,FineTuning,518400,1.0,0.35468364197530866,0.3848726851851852,0.26044367283950615,21.23156572747785,21.533784764622137,-0.3022190371442868,0.03835449367761612,0.03929787129163742
train_minor_0507,ARPG_2_4_Easy_4_Easy_5_fps_60_frame_0514_0516,ARPG_2,4_Easy/4_Easy_5/fps_60,baseline_win,/workspace/src/GFI_docker/compare_outputs/GFI_prediction_region_compare/train_minor_0507_twostage/ARPG_2/baseline_win/ARPG_2_4_Easy_4_Easy_5_fps_60_frame_0514_0516_winner_overlay.png,hit_both,9,0.08,Splat Training,FineTuning,362467,0.6992033179012346,0.30328554047678824,0.3899113574477125,0.30680310207549927,21.407640867612354,21.838368803965935,-0.43072793635358053,0.035714488476514816,0.035324353724718094
train_minor_0507,ARPG_2_4_Easy_4_Easy_5_fps_60_frame_0514_0516,ARPG_2,4_Easy/4_Easy_5/fps_60,baseline_win,/workspace/src/GFI_docker/compare_outputs/GFI_prediction_region_compare/train_minor_0507_twostage/ARPG_2/baseline_win/ARPG_2_4_Easy_4_Easy_5_fps_60_frame_0514_0516_winner_overlay.png,clean_both_no_hole_no_multi,9,0.08,Splat Training,FineTuning,310078,0.5981442901234568,0.32020007868987804,0.4290468849773283,0.25075303633279367,24.814336992495505,26.23906428984713,-1.4247272973516232,0.02231164276599884,0.02135526016354561
train_minor_0507,ARPG_2_4_Easy_4_Easy_5_fps_60_frame_0514_0516,ARPG_2,4_Easy/4_Easy_5/fps_60,baseline_win,/workspace/src/GFI_docker/compare_outputs/GFI_prediction_region_compare/train_minor_0507_twostage/ARPG_2/baseline_win/ARPG_2_4_Easy_4_Easy_5_fps_60_frame_0514_0516_winner_overlay.png,hole_any,9,0.08,Splat Training,FineTuning,155933,0.3007966820987654,0.4741587733193102,0.37316026755080706,0.1526809591298827,20.847918853189412,20.898795570779466,-0.050876717590053744,0.0444912314414978,0.048534367233514786
train_minor_0507,ARPG_2_4_Easy_4_Easy_5_fps_60_frame_0514_0516,ARPG_2,4_Easy/4_Easy_5/fps_60,baseline_win,/workspace/src/GFI_docker/compare_outputs/GFI_prediction_region_compare/train_minor_0507_twostage/ARPG_2/baseline_win/ARPG_2_4_Easy_4_Easy_5_fps_60_frame_0514_0516_winner_overlay.png,many_to_one_any,9,0.08,Splat Training,FineTuning,77681,0.14984760802469135,0.269911561385667,0.22690233132941132,0.5031861072849216,16.242853378226204,16.230147120195216,0.012706258030988238,0.09221851825714111,0.09439967572689056
train_minor_0507,ARPG_2_4_Easy_4_Easy_5_fps_60_frame_0514_0516,ARPG_2,4_Easy/4_Easy_5/fps_60,baseline_win,/workspace/src/GFI_docker/compare_outputs/GFI_prediction_region_compare/train_minor_0507_twostage/ARPG_2/baseline_win/ARPG_2_4_Easy_4_Easy_5_fps_60_frame_0514_0516_winner_overlay.png,bmv_hole,9,0.08,Splat Training,FineTuning,82836,0.15979166666666667,0.4665121444782462,0.3758148631029987,0.15767299241875513,20.575181206811358,21.242644282685422,-0.6674630758740641,0.04572979360818863,0.04683414474129677
train_minor_0507,ARPG_2_4_Easy_4_Easy_5_fps_60_frame_0514_0516,ARPG_2,4_Easy/4_Easy_5/fps_60,baseline_win,/workspace/src/GFI_docker/compare_outputs/GFI_prediction_region_compare/train_minor_0507_twostage/ARPG_2/baseline_win/ARPG_2_4_Easy_4_Easy_5_fps_60_frame_0514_0516_winner_overlay.png,fmv_hole,9,0.08,Splat Training,FineTuning,83233,0.16055748456790123,0.5044033015750964,0.3486838153136376,0.14691288311126596,21.1660609610681,20.378551217559092,0.787509743509009,0.04300716891884804,0.052269309759140015
train_minor_0507,ARPG_2_4_Easy_4_Easy_5_fps_60_frame_0514_0516,ARPG_2,4_Easy/4_Easy_5/fps_60,baseline_win,/workspace/src/GFI_docker/compare_outputs/GFI_prediction_region_compare/train_minor_0507_twostage/ARPG_2/baseline_win/ARPG_2_4_Easy_4_Easy_5_fps_60_frame_0514_0516_winner_overlay.png,bmv_many_to_one,9,0.08,Splat Training,FineTuning,49145,0.09480131172839507,0.20150574829585918,0.21412147726116593,0.5843727744429749,15.018712440205007,14.978008412010604,0.04070402819440311,0.11550930887460709,0.11734368652105331
train_minor_0507,ARPG_2_4_Easy_4_Easy_5_fps_60_frame_0514_0516,ARPG_2,4_Easy/4_Easy_5/fps_60,baseline_win,/workspace/src/GFI_docker/compare_outputs/GFI_prediction_region_compare/train_minor_0507_twostage/ARPG_2/baseline_win/ARPG_2_4_Easy_4_Easy_5_fps_60_frame_0514_0516_winner_overlay.png,fmv_many_to_one,9,0.08,Splat Training,FineTuning,52019,0.10034529320987655,0.2502354908783329,0.15667352313577732,0.5930909859858897,15.592454397265115,15.632495355047366,-0.04004095778225114,0.10541444271802902,0.10698088258504868
train_minor_0507,ARPG_2_4_Easy_4_Easy_5_fps_60_frame_0770_0772,ARPG_2,4_Easy/4_Easy_5/fps_60,candidate_win,/workspace/src/GFI_docker/compare_outputs/GFI_prediction_region_compare/train_minor_0507_twostage/ARPG_2/candidate_win/ARPG_2_4_Easy_4_Easy_5_fps_60_frame_0770_0772_winner_overlay.png,all,9,0.08,Splat Training,FineTuning,518400,1.0,0.12850501543209877,0.09045331790123456,0.7810416666666666,20.85925785449451,20.813384727703315,0.04587312679119293,0.050300754606723785,0.051407888531684875
train_minor_0507,ARPG_2_4_Easy_4_Easy_5_fps_60_frame_0770_0772,ARPG_2,4_Easy/4_Easy_5/fps_60,candidate_win,/workspace/src/GFI_docker/compare_outputs/GFI_prediction_region_compare/train_minor_0507_twostage/ARPG_2/candidate_win/ARPG_2_4_Easy_4_Easy_5_fps_60_frame_0770_0772_winner_overlay.png,hit_both,9,0.08,Splat Training,FineTuning,439026,0.8468865740740741,0.09930619143285363,0.07922993171247261,0.8214638768546737,21.01828876779843,21.01393889660535,0.004349871193081611,0.0489332340657711,0.049512337893247604
train_minor_0507,ARPG_2_4_Easy_4_Easy_5_fps_60_frame_0770_0772,ARPG_2,4_Easy/4_Easy_5/fps_60,candidate_win,/workspace/src/GFI_docker/compare_outputs/GFI_prediction_region_compare/train_minor_0507_twostage/ARPG_2/candidate_win/ARPG_2_4_Easy_4_Easy_5_fps_60_frame_0770_0772_winner_overlay.png,clean_both_no_hole_no_multi,9,0.08,Splat Training,FineTuning,432299,0.8339101080246913,0.09847813666004317,0.07845264504428648,0.8230692182956704,21.127797987029886,21.115175378864567,0.012622608165319349,0.04831987991929054,0.04893573373556137
train_minor_0507,ARPG_2_4_Easy_4_Easy_5_fps_60_frame_0770_0772,ARPG_2,4_Easy/4_Easy_5/fps_60,candidate_win,/workspace/src/GFI_docker/compare_outputs/GFI_prediction_region_compare/train_minor_0507_twostage/ARPG_2/candidate_win/ARPG_2_4_Easy_4_Easy_5_fps_60_frame_0770_0772_winner_overlay.png,hole_any,9,0.08,Splat Training,FineTuning,79374,0.15311342592592592,0.29000680323531636,0.15253105550936075,0.5574621412553229,20.071511163039073,19.845630392695863,0.22588077034320975,0.057864751666784286,0.0618923045694828
train_minor_0507,ARPG_2_4_Easy_4_Easy_5_fps_60_frame_0770_0772,ARPG_2,4_Easy/4_Easy_5/fps_60,candidate_win,/workspace/src/GFI_docker/compare_outputs/GFI_prediction_region_compare/train_minor_0507_twostage/ARPG_2/candidate_win/ARPG_2_4_Easy_4_Easy_5_fps_60_frame_0770_0772_winner_overlay.png,many_to_one_any,9,0.08,Splat Training,FineTuning,36995,0.07136381172839507,0.1621300175699419,0.12555750777132044,0.7123124746587377,19.31735372293522,19.32934761700813,-0.011993894072908518,0.06399310380220413,0.06460748612880707
train_minor_0507,ARPG_2_4_Easy_4_Easy_5_fps_60_frame_0770_0772,ARPG_2,4_Easy/4_Easy_5/fps_60,candidate_win,/workspace/src/GFI_docker/compare_outputs/GFI_prediction_region_compare/train_minor_0507_twostage/ARPG_2/candidate_win/ARPG_2_4_Easy_4_Easy_5_fps_60_frame_0770_0772_winner_overlay.png,bmv_hole,9,0.08,Splat Training,FineTuning,44145,0.08515625,0.1963529278513988,0.1400611620795107,0.6635859100690905,20.26990497268728,20.126756506868396,0.1431484658188822,0.056672122329473495,0.05862666666507721
train_minor_0507,ARPG_2_4_Easy_4_Easy_5_fps_60_frame_0770_0772,ARPG_2,4_Easy/4_Easy_5/fps_60,candidate_win,/workspace/src/GFI_docker/compare_outputs/GFI_prediction_region_compare/train_minor_0507_twostage/ARPG_2/candidate_win/ARPG_2_4_Easy_4_Easy_5_fps_60_frame_0770_0772_winner_overlay.png,fmv_hole,9,0.08,Splat Training,FineTuning,40493,0.07811149691358024,0.41152791840565034,0.17084434346677205,0.4176277381275776,19.75879979369185,19.397207212971878,0.3615925807199716,0.06016009300947189,0.06710725277662277
train_minor_0507,ARPG_2_4_Easy_4_Easy_5_fps_60_frame_0770_0772,ARPG_2,4_Easy/4_Easy_5/fps_60,candidate_win,/workspace/src/GFI_docker/compare_outputs/GFI_prediction_region_compare/train_minor_0507_twostage/ARPG_2/candidate_win/ARPG_2_4_Easy_4_Easy_5_fps_60_frame_0770_0772_winner_overlay.png,bmv_many_to_one,9,0.08,Splat Training,FineTuning,1783,0.003439429012345679,0.1514301738642737,0.11441390914189568,0.7341559169938306,15.374108687028835,15.392483602265393,-0.01837491523655821,0.11813753098249435,0.11998137831687927
train_minor_0507,ARPG_2_4_Easy_4_Easy_5_fps_60_frame_0770_0772,ARPG_2,4_Easy/4_Easy_5/fps_60,candidate_win,/workspace/src/GFI_docker/compare_outputs/GFI_prediction_region_compare/train_minor_0507_twostage/ARPG_2/candidate_win/ARPG_2_4_Easy_4_Easy_5_fps_60_frame_0770_0772_winner_overlay.png,fmv_many_to_one,9,0.08,Splat Training,FineTuning,35341,0.06817322530864198,0.16275713760221838,0.12645369400979034,0.7107891683879913,19.613897236304368,19.633427795908958,-0.019530559604589826,0.061521098017692566,0.0620158389210701
train_minor_0507,ARPG_2_4_Easy_4_Easy_5_fps_60_frame_0778_0780,ARPG_2,4_Easy/4_Easy_5/fps_60,candidate_win,/workspace/src/GFI_docker/compare_outputs/GFI_prediction_region_compare/train_minor_0507_twostage/ARPG_2/candidate_win/ARPG_2_4_Easy_4_Easy_5_fps_60_frame_0778_0780_winner_overlay.png,all,9,0.08,Splat Training,FineTuning,518400,1.0,0.12347608024691357,0.07988811728395062,0.7966358024691358,20.537999476858385,20.493277801009818,0.044721675848567344,0.05385227128863335,0.05540040507912636
train_minor_0507,ARPG_2_4_Easy_4_Easy_5_fps_60_frame_0778_0780,ARPG_2,4_Easy/4_Easy_5/fps_60,candidate_win,/workspace/src/GFI_docker/compare_outputs/GFI_prediction_region_compare/train_minor_0507_twostage/ARPG_2/candidate_win/ARPG_2_4_Easy_4_Easy_5_fps_60_frame_0778_0780_winner_overlay.png,hit_both,9,0.08,Splat Training,FineTuning,439837,0.8484510030864197,0.0930253707623506,0.07008960137505485,0.8368850278625946,20.579308862711073,20.60121563975634,-0.02190677704526678,0.053350068628787994,0.053901687264442444
train_minor_0507,ARPG_2_4_Easy_4_Easy_5_fps_60_frame_0778_0780,ARPG_2,4_Easy/4_Easy_5/fps_60,candidate_win,/workspace/src/GFI_docker/compare_outputs/GFI_prediction_region_compare/train_minor_0507_twostage/ARPG_2/candidate_win/ARPG_2_4_Easy_4_Easy_5_fps_60_frame_0778_0780_winner_overlay.png,clean_both_no_hole_no_multi,9,0.08,Splat Training,FineTuning,433505,0.8362364969135803,0.09233803531677835,0.06848594595218048,0.8391760187310412,20.60863155338952,20.624398975523057,-0.015767422133535547,0.05312028527259827,0.0536966435611248
train_minor_0507,ARPG_2_4_Easy_4_Easy_5_fps_60_frame_0778_0780,ARPG_2,4_Easy/4_Easy_5/fps_60,candidate_win,/workspace/src/GFI_docker/compare_outputs/GFI_prediction_region_compare/train_minor_0507_twostage/ARPG_2/candidate_win/ARPG_2_4_Easy_4_Easy_5_fps_60_frame_0778_0780_winner_overlay.png,hole_any,9,0.08,Splat Training,FineTuning,78563,0.15154899691358026,0.2939551697363899,0.13474536359354913,0.5712994666700609,20.31371378725141,19.934044879778426,0.37966890747298265,0.05666380748152733,0.06379110366106033
train_minor_0507,ARPG_2_4_Easy_4_Easy_5_fps_60_frame_0778_0780,ARPG_2,4_Easy/4_Easy_5/fps_60,candidate_win,/workspace/src/GFI_docker/compare_outputs/GFI_prediction_region_compare/train_minor_0507_twostage/ARPG_2/candidate_win/ARPG_2_4_Easy_4_Easy_5_fps_60_frame_0778_0780_winner_overlay.png,many_to_one_any,9,0.08,Splat Training,FineTuning,35695,0.06885609567901235,0.13534108418546015,0.1106037260120465,0.7540551898024933,19.946948180156923,20.067178218811257,-0.12023003865433424,0.05994031950831413,0.06027420237660408
train_minor_0507,ARPG_2_4_Easy_4_Easy_5_fps_60_frame_0778_0780,ARPG_2,4_Easy/4_Easy_5/fps_60,candidate_win,/workspace/src/GFI_docker/compare_outputs/GFI_prediction_region_compare/train_minor_0507_twostage/ARPG_2/candidate_win/ARPG_2_4_Easy_4_Easy_5_fps_60_frame_0778_0780_winner_overlay.png,bmv_hole,9,0.08,Splat Training,FineTuning,43012,0.08297067901234569,0.1693713382311913,0.10327350506835302,0.7273551567004557,20.436543416155803,20.38566161595474,0.05088180020106492,0.05587046965956688,0.05776147544384003
train_minor_0507,ARPG_2_4_Easy_4_Easy_5_fps_60_frame_0778_0780,ARPG_2,4_Easy/4_Easy_5/fps_60,candidate_win,/workspace/src/GFI_docker/compare_outputs/GFI_prediction_region_compare/train_minor_0507_twostage/ARPG_2/candidate_win/ARPG_2_4_Easy_4_Easy_5_fps_60_frame_0778_0780_winner_overlay.png,fmv_hole,9,0.08,Splat Training,FineTuning,40014,0.0771875,0.4489928525016244,0.17401409506672666,0.37699305243164893,20.21292027549969,19.468172524276323,0.7447477512233682,0.05755665525794029,0.0710214152932167
train_minor_0507,ARPG_2_4_Easy_4_Easy_5_fps_60_frame_0778_0780,ARPG_2,4_Easy/4_Easy_5/fps_60,candidate_win,/workspace/src/GFI_docker/compare_outputs/GFI_prediction_region_compare/train_minor_0507_twostage/ARPG_2/candidate_win/ARPG_2_4_Easy_4_Easy_5_fps_60_frame_0778_0780_winner_overlay.png,bmv_many_to_one,9,0.08,Splat Training,FineTuning,1953,0.003767361111111111,0.15821812596006143,0.25140809011776755,0.590373783922171,16.72399513172946,16.81654483375594,-0.09254970202648138,0.10013218969106674,0.10050768405199051
train_minor_0507,ARPG_2_4_Easy_4_Easy_5_fps_60_frame_0778_0780,ARPG_2,4_Easy/4_Easy_5/fps_60,candidate_win,/workspace/src/GFI_docker/compare_outputs/GFI_prediction_region_compare/train_minor_0507_twostage/ARPG_2/candidate_win/ARPG_2_4_Easy_4_Easy_5_fps_60_frame_0778_0780_winner_overlay.png,fmv_many_to_one,9,0.08,Splat Training,FineTuning,33950,0.06548996913580248,0.13440353460972018,0.10427098674521355,0.7613254786450663,20.182330232621325,20.301018924932002,-0.11868869231067691,0.05790198594331741,0.05826103314757347
train_minor_0507,ARPG_2_4_Easy_4_Easy_5_fps_60_frame_0786_0788,ARPG_2,4_Easy/4_Easy_5/fps_60,candidate_win,/workspace/src/GFI_docker/compare_outputs/GFI_prediction_region_compare/train_minor_0507_twostage/ARPG_2/candidate_win/ARPG_2_4_Easy_4_Easy_5_fps_60_frame_0786_0788_winner_overlay.png,all,9,0.08,Splat Training,FineTuning,518400,1.0,0.18064429012345679,0.10372685185185185,0.7156288580246913,20.404366062514896,20.18845544330412,0.21591061921077426,0.05392841249704361,0.05812357738614082
train_minor_0507,ARPG_2_4_Easy_4_Easy_5_fps_60_frame_0786_0788,ARPG_2,4_Easy/4_Easy_5/fps_60,candidate_win,/workspace/src/GFI_docker/compare_outputs/GFI_prediction_region_compare/train_minor_0507_twostage/ARPG_2/candidate_win/ARPG_2_4_Easy_4_Easy_5_fps_60_frame_0786_0788_winner_overlay.png,hit_both,9,0.08,Splat Training,FineTuning,436723,0.8424440586419754,0.147459602539825,0.09146758929573208,0.7610728081644429,20.528147621125356,20.4806582130525,0.047489408072856065,0.05292438715696335,0.055376771837472916
train_minor_0507,ARPG_2_4_Easy_4_Easy_5_fps_60_frame_0786_0788,ARPG_2,4_Easy/4_Easy_5/fps_60,candidate_win,/workspace/src/GFI_docker/compare_outputs/GFI_prediction_region_compare/train_minor_0507_twostage/ARPG_2/candidate_win/ARPG_2_4_Easy_4_Easy_5_fps_60_frame_0786_0788_winner_overlay.png,clean_both_no_hole_no_multi,9,0.08,Splat Training,FineTuning,429120,0.8277777777777777,0.14517384414615958,0.09091862416107382,0.7639075316927666,20.59479512393812,20.56507751274293,0.029717611195188454,0.052563074976205826,0.05491344630718231
train_minor_0507,ARPG_2_4_Easy_4_Easy_5_fps_60_frame_0786_0788,ARPG_2,4_Easy/4_Easy_5/fps_60,candidate_win,/workspace/src/GFI_docker/compare_outputs/GFI_prediction_region_compare/train_minor_0507_twostage/ARPG_2/candidate_win/ARPG_2_4_Easy_4_Easy_5_fps_60_frame_0786_0788_winner_overlay.png,hole_any,9,0.08,Splat Training,FineTuning,81677,0.1575559413580247,0.35808122237594425,0.16927654051936286,0.4726422371046929,19.796454835846234,18.891832050259573,0.9046227855866604,0.05929695442318916,0.07281071692705154
train_minor_0507,ARPG_2_4_Easy_4_Easy_5_fps_60_frame_0786_0788,ARPG_2,4_Easy/4_Easy_5/fps_60,candidate_win,/workspace/src/GFI_docker/compare_outputs/GFI_prediction_region_compare/train_minor_0507_twostage/ARPG_2/candidate_win/ARPG_2_4_Easy_4_Easy_5_fps_60_frame_0786_0788_winner_overlay.png,many_to_one_any,9,0.08,Splat Training,FineTuning,35410,0.06830632716049383,0.21287771815871223,0.12177351030782264,0.6653487715334652,19.501194954349593,19.334229689735288,0.16696526461430494,0.05995451658964157,0.06412817537784576
train_minor_0507,ARPG_2_4_Easy_4_Easy_5_fps_60_frame_0786_0788,ARPG_2,4_Easy/4_Easy_5/fps_60,candidate_win,/workspace/src/GFI_docker/compare_outputs/GFI_prediction_region_compare/train_minor_0507_twostage/ARPG_2/candidate_win/ARPG_2_4_Easy_4_Easy_5_fps_60_frame_0786_0788_winner_overlay.png,bmv_hole,9,0.08,Splat Training,FineTuning,44252,0.08536265432098765,0.2213007321702974,0.12392660218747176,0.6547726656422309,19.947291014001408,19.75842178440925,0.18886922959215724,0.05659319460391998,0.06123892217874527
train_minor_0507,ARPG_2_4_Easy_4_Easy_5_fps_60_frame_0786_0788,ARPG_2,4_Easy/4_Easy_5/fps_60,candidate_win,/workspace/src/GFI_docker/compare_outputs/GFI_prediction_region_compare/train_minor_0507_twostage/ARPG_2/candidate_win/ARPG_2_4_Easy_4_Easy_5_fps_60_frame_0786_0788_winner_overlay.png,fmv_hole,9,0.08,Splat Training,FineTuning,41697,0.08043402777777778,0.5199175000599564,0.22531596997385903,0.2547665299661846,19.587034441985164,18.0589847766882,1.5280496652969653,0.06268415600061417,0.08628787100315094
train_minor_0507,ARPG_2_4_Easy_4_Easy_5_fps_60_frame_0786_0788,ARPG_2,4_Easy/4_Easy_5/fps_60,candidate_win,/workspace/src/GFI_docker/compare_outputs/GFI_prediction_region_compare/train_minor_0507_twostage/ARPG_2/candidate_win/ARPG_2_4_Easy_4_Easy_5_fps_60_frame_0786_0788_winner_overlay.png,bmv_many_to_one,9,0.08,Splat Training,FineTuning,2187,0.00421875,0.3868312757201646,0.20256058527663465,0.41060813900320076,19.283635374161268,18.55654542302863,0.727089951132637,0.07282546162605286,0.08089692145586014
train_minor_0507,ARPG_2_4_Easy_4_Easy_5_fps_60_frame_0786_0788,ARPG_2,4_Easy/4_Easy_5/fps_60,candidate_win,/workspace/src/GFI_docker/compare_outputs/GFI_prediction_region_compare/train_minor_0507_twostage/ARPG_2/candidate_win/ARPG_2_4_Easy_4_Easy_5_fps_60_frame_0786_0788_winner_overlay.png,fmv_many_to_one,9,0.08,Splat Training,FineTuning,33482,0.0645871913580247,0.20455767277940387,0.11609222866017561,0.6793500985604205,19.47075124510196,19.314348069845472,0.1564031752564894,0.059531934559345245,0.06361186504364014
train_minor_0507,ARPG_2_4_Medium_4_Medium_5_fps_60_frame_0236_0238,ARPG_2,4_Medium/4_Medium_5/fps_60,candidate_win,/workspace/src/GFI_docker/compare_outputs/GFI_prediction_region_compare/train_minor_0507_twostage/ARPG_2/candidate_win/ARPG_2_4_Medium_4_Medium_5_fps_60_frame_0236_0238_winner_overlay.png,all,9,0.08,Splat Training,FineTuning,518400,1.0,0.13010609567901235,0.10570408950617284,0.7641898148148148,21.555553651910234,21.536806401534385,0.018747250375849234,0.046049438416957855,0.0467514768242836
train_minor_0507,ARPG_2_4_Medium_4_Medium_5_fps_60_frame_0236_0238,ARPG_2,4_Medium/4_Medium_5/fps_60,candidate_win,/workspace/src/GFI_docker/compare_outputs/GFI_prediction_region_compare/train_minor_0507_twostage/ARPG_2/candidate_win/ARPG_2_4_Medium_4_Medium_5_fps_60_frame_0236_0238_winner_overlay.png,hit_both,9,0.08,Splat Training,FineTuning,441668,0.851983024691358,0.10471892915040257,0.08973482344204244,0.805546247407555,21.827966038754344,21.82331111444505,0.004654924309292596,0.0440196767449379,0.044644132256507874
train_minor_0507,ARPG_2_4_Medium_4_Medium_5_fps_60_frame_0236_0238,ARPG_2,4_Medium/4_Medium_5/fps_60,candidate_win,/workspace/src/GFI_docker/compare_outputs/GFI_prediction_region_compare/train_minor_0507_twostage/ARPG_2/candidate_win/ARPG_2_4_Medium_4_Medium_5_fps_60_frame_0236_0238_winner_overlay.png,clean_both_no_hole_no_multi,9,0.08,Splat Training,FineTuning,434767,0.8386709104938271,0.1013876398162694,0.08902469598658592,0.8095876641971447,21.930393569463007,21.97140553885972,-0.041011969396713255,0.04360803961753845,0.04400153085589409
train_minor_0507,ARPG_2_4_Medium_4_Medium_5_fps_60_frame_0236_0238,ARPG_2,4_Medium/4_Medium_5/fps_60,candidate_win,/workspace/src/GFI_docker/compare_outputs/GFI_prediction_region_compare/train_minor_0507_twostage/ARPG_2/candidate_win/ARPG_2_4_Medium_4_Medium_5_fps_60_frame_0236_0238_winner_overlay.png,hole_any,9,0.08,Splat Training,FineTuning,76732,0.14801697530864197,0.27623416566751813,0.19762289527185528,0.5261429390606266,20.25235594590811,20.177635067126175,0.07472087878193534,0.05773274227976799,0.058881282806396484
train_minor_0507,ARPG_2_4_Medium_4_Medium_5_fps_60_frame_0236_0238,ARPG_2,4_Medium/4_Medium_5/fps_60,candidate_win,/workspace/src/GFI_docker/compare_outputs/GFI_prediction_region_compare/train_minor_0507_twostage/ARPG_2/candidate_win/ARPG_2_4_Medium_4_Medium_5_fps_60_frame_0236_0238_winner_overlay.png,many_to_one_any,9,0.08,Splat Training,FineTuning,33227,0.06409529320987654,0.181388629728835,0.13200108345622535,0.6866102868149396,20.722607919408183,20.28986896240426,0.43273895700392373,0.050912998616695404,0.054626885801553726
train_minor_0507,ARPG_2_4_Medium_4_Medium_5_fps_60_frame_0236_0238,ARPG_2,4_Medium/4_Medium_5/fps_60,candidate_win,/workspace/src/GFI_docker/compare_outputs/GFI_prediction_region_compare/train_minor_0507_twostage/ARPG_2/candidate_win/ARPG_2_4_Medium_4_Medium_5_fps_60_frame_0236_0238_winner_overlay.png,bmv_hole,9,0.08,Splat Training,FineTuning,41338,0.07974151234567901,0.1697469640524457,0.14374183559920653,0.6865112003483478,21.448470440345293,21.371839247407717,0.07663119293757603,0.04828549548983574,0.049107830971479416
train_minor_0507,ARPG_2_4_Medium_4_Medium_5_fps_60_frame_0236_0238,ARPG_2,4_Medium/4_Medium_5/fps_60,candidate_win,/workspace/src/GFI_docker/compare_outputs/GFI_prediction_region_compare/train_minor_0507_twostage/ARPG_2/candidate_win/ARPG_2_4_Medium_4_Medium_5_fps_60_frame_0236_0238_winner_overlay.png,fmv_hole,9,0.08,Splat Training,FineTuning,38945,0.07512538580246914,0.404596225446142,0.2618564642444473,0.3335473103094107,19.116961915206787,19.062273396829212,0.05468851837757427,0.06962394714355469,0.07095886021852493
train_minor_0507,ARPG_2_4_Medium_4_Medium_5_fps_60_frame_0236_0238,ARPG_2,4_Medium/4_Medium_5/fps_60,candidate_win,/workspace/src/GFI_docker/compare_outputs/GFI_prediction_region_compare/train_minor_0507_twostage/ARPG_2/candidate_win/ARPG_2_4_Medium_4_Medium_5_fps_60_frame_0236_0238_winner_overlay.png,bmv_many_to_one,9,0.08,Splat Training,FineTuning,2140,0.004128086419753086,0.6079439252336448,0.11542056074766355,0.2766355140186916,19.38720992822041,16.459450975374274,2.927758952846137,0.06034817919135094,0.09402907639741898
train_minor_0507,ARPG_2_4_Medium_4_Medium_5_fps_60_frame_0236_0238,ARPG_2,4_Medium/4_Medium_5/fps_60,candidate_win,/workspace/src/GFI_docker/compare_outputs/GFI_prediction_region_compare/train_minor_0507_twostage/ARPG_2/candidate_win/ARPG_2_4_Medium_4_Medium_5_fps_60_frame_0236_0238_winner_overlay.png,fmv_many_to_one,9,0.08,Splat Training,FineTuning,31459,0.06068479938271605,0.15935026542483868,0.13287135636860675,0.7077783782065545,20.7339764982256,20.459890166831247,0.27408633139435423,0.050799597054719925,0.05334142968058586
train_minor_0507,ARPG_2_4_Medium_4_Medium_5_fps_60_frame_0368_0370,ARPG_2,4_Medium/4_Medium_5/fps_60,candidate_win,/workspace/src/GFI_docker/compare_outputs/GFI_prediction_region_compare/train_minor_0507_twostage/ARPG_2/candidate_win/ARPG_2_4_Medium_4_Medium_5_fps_60_frame_0368_0370_winner_overlay.png,all,9,0.08,Splat Training,FineTuning,518400,1.0,0.26026234567901235,0.2331346450617284,0.5066030092592593,35.75381613881433,35.05831768793961,0.695498450874716,0.004788735881447792,0.005217146594077349
train_minor_0507,ARPG_2_4_Medium_4_Medium_5_fps_60_frame_0368_0370,ARPG_2,4_Medium/4_Medium_5/fps_60,candidate_win,/workspace/src/GFI_docker/compare_outputs/GFI_prediction_region_compare/train_minor_0507_twostage/ARPG_2/candidate_win/ARPG_2_4_Medium_4_Medium_5_fps_60_frame_0368_0370_winner_overlay.png,hit_both,9,0.08,Splat Training,FineTuning,488857,0.9430111882716049,0.2543136336392851,0.2334404539568831,0.5122459124038318,36.286156446057525,35.62709796610847,0.6590584799490529,0.004532002843916416,0.004875564016401768
train_minor_0507,ARPG_2_4_Medium_4_Medium_5_fps_60_frame_0368_0370,ARPG_2,4_Medium/4_Medium_5/fps_60,candidate_win,/workspace/src/GFI_docker/compare_outputs/GFI_prediction_region_compare/train_minor_0507_twostage/ARPG_2/candidate_win/ARPG_2_4_Medium_4_Medium_5_fps_60_frame_0368_0370_winner_overlay.png,clean_both_no_hole_no_multi,9,0.08,Splat Training,FineTuning,485345,0.9362364969135802,0.25348978561641716,0.23356375361856,0.5129464607650228,36.44835834581026,36.25250746988701,0.19585087592325578,0.004454643931239843,0.004677266348153353
train_minor_0507,ARPG_2_4_Medium_4_Medium_5_fps_60_frame_0368_0370,ARPG_2,4_Medium/4_Medium_5/fps_60,candidate_win,/workspace/src/GFI_docker/compare_outputs/GFI_prediction_region_compare/train_minor_0507_twostage/ARPG_2/candidate_win/ARPG_2_4_Medium_4_Medium_5_fps_60_frame_0368_0370_winner_overlay.png,hole_any,9,0.08,Splat Training,FineTuning,29543,0.05698881172839506,0.35869749179162574,0.22807433232914734,0.4132281758792269,31.11648813661572,30.242124313653317,0.8743638229624047,0.009037010371685028,0.010869412682950497
train_minor_0507,ARPG_2_4_Medium_4_Medium_5_fps_60_frame_0368_0370,ARPG_2,4_Medium/4_Medium_5/fps_60,candidate_win,/workspace/src/GFI_docker/compare_outputs/GFI_prediction_region_compare/train_minor_0507_twostage/ARPG_2/candidate_win/ARPG_2_4_Medium_4_Medium_5_fps_60_frame_0368_0370_winner_overlay.png,many_to_one_any,9,0.08,Splat Training,FineTuning,15435,0.029774305555555554,0.2899902818270165,0.2110787172011662,0.4989310009718173,30.040512129714077,26.932652789082056,3.1078593406320216,0.010616565123200417,0.015285607427358627
train_minor_0507,ARPG_2_4_Medium_4_Medium_5_fps_60_frame_0368_0370,ARPG_2,4_Medium/4_Medium_5/fps_60,candidate_win,/workspace/src/GFI_docker/compare_outputs/GFI_prediction_region_compare/train_minor_0507_twostage/ARPG_2/candidate_win/ARPG_2_4_Medium_4_Medium_5_fps_60_frame_0368_0370_winner_overlay.png,bmv_hole,9,0.08,Splat Training,FineTuning,15228,0.029375,0.2864460204885737,0.2127659574468085,0.5007880220646178,30.733538768136835,29.21092298979394,1.522615778342896,0.009291449561715126,0.011972784996032715
train_minor_0507,ARPG_2_4_Medium_4_Medium_5_fps_60_frame_0368_0370,ARPG_2,4_Medium/4_Medium_5/fps_60,candidate_win,/workspace/src/GFI_docker/compare_outputs/GFI_prediction_region_compare/train_minor_0507_twostage/ARPG_2/candidate_win/ARPG_2_4_Medium_4_Medium_5_fps_60_frame_0368_0370_winner_overlay.png,fmv_hole,9,0.08,Splat Training,FineTuning,14863,0.02867091049382716,0.4331561595909305,0.245374419699926,0.3214694207091435,31.27228419534926,31.662636209223848,-0.39035201387458685,0.008980760350823402,0.009754098951816559
train_minor_0507,ARPG_2_4_Medium_4_Medium_5_fps_60_frame_0368_0370,ARPG_2,4_Medium/4_Medium_5/fps_60,candidate_win,/workspace/src/GFI_docker/compare_outputs/GFI_prediction_region_compare/train_minor_0507_twostage/ARPG_2/candidate_win/ARPG_2_4_Medium_4_Medium_5_fps_60_frame_0368_0370_winner_overlay.png,bmv_many_to_one,9,0.08,Splat Training,FineTuning,864,0.0016666666666666668,0.48032407407407407,0.21412037037037038,0.3055555555555556,25.624711907708164,25.38759421190852,0.23711769579964326,0.02739802747964859,0.029386043548583984
train_minor_0507,ARPG_2_4_Medium_4_Medium_5_fps_60_frame_0368_0370,ARPG_2,4_Medium/4_Medium_5/fps_60,candidate_win,/workspace/src/GFI_docker/compare_outputs/GFI_prediction_region_compare/train_minor_0507_twostage/ARPG_2/candidate_win/ARPG_2_4_Medium_4_Medium_5_fps_60_frame_0368_0370_winner_overlay.png,fmv_many_to_one,9,0.08,Splat Training,FineTuning,14604,0.028171296296296295,0.2786222952615722,0.21206518761983018,0.5093125171185976,30.459522201066967,27.04501122786371,3.4145109732032566,0.009682548232376575,0.014469489455223083
train_minor_0507,ARPG_2_4_Medium_4_Medium_5_fps_60_frame_0370_0372,ARPG_2,4_Medium/4_Medium_5/fps_60,candidate_win,/workspace/src/GFI_docker/compare_outputs/GFI_prediction_region_compare/train_minor_0507_twostage/ARPG_2/candidate_win/ARPG_2_4_Medium_4_Medium_5_fps_60_frame_0370_0372_winner_overlay.png,all,9,0.08,Splat Training,FineTuning,518400,1.0,0.26881751543209875,0.24777970679012346,0.4834027777777778,36.053513341600365,35.25833238332706,0.7951809582733063,0.004365880973637104,0.004757908172905445
train_minor_0507,ARPG_2_4_Medium_4_Medium_5_fps_60_frame_0370_0372,ARPG_2,4_Medium/4_Medium_5/fps_60,candidate_win,/workspace/src/GFI_docker/compare_outputs/GFI_prediction_region_compare/train_minor_0507_twostage/ARPG_2/candidate_win/ARPG_2_4_Medium_4_Medium_5_fps_60_frame_0370_0372_winner_overlay.png,hit_both,9,0.08,Splat Training,FineTuning,492662,0.9503510802469136,0.2659470387405564,0.2476484892279088,0.4864044720315348,36.50754060052731,35.823451351939816,0.6840892485874903,0.004163824953138828,0.004480527248233557
train_minor_0507,ARPG_2_4_Medium_4_Medium_5_fps_60_frame_0370_0372,ARPG_2,4_Medium/4_Medium_5/fps_60,candidate_win,/workspace/src/GFI_docker/compare_outputs/GFI_prediction_region_compare/train_minor_0507_twostage/ARPG_2/candidate_win/ARPG_2_4_Medium_4_Medium_5_fps_60_frame_0370_0372_winner_overlay.png,clean_both_no_hole_no_multi,9,0.08,Splat Training,FineTuning,489587,0.9444193672839506,0.26523988586298247,0.2478619734592626,0.48689814067775494,36.70266228235951,36.2172129127725,0.485449369587009,0.004091980401426554,0.004340254236012697
train_minor_0507,ARPG_2_4_Medium_4_Medium_5_fps_60_frame_0370_0372,ARPG_2,4_Medium/4_Medium_5/fps_60,candidate_win,/workspace/src/GFI_docker/compare_outputs/GFI_prediction_region_compare/train_minor_0507_twostage/ARPG_2/candidate_win/ARPG_2_4_Medium_4_Medium_5_fps_60_frame_0370_0372_winner_overlay.png,hole_any,9,0.08,Splat Training,FineTuning,25738,0.04964891975308642,0.3237625301111198,0.2502913979330173,0.4259460719558629,31.429426014423413,30.026718067990075,1.4027079464333383,0.00823349691927433,0.010067359544336796
train_minor_0507,ARPG_2_4_Medium_4_Medium_5_fps_60_frame_0370_0372,ARPG_2,4_Medium/4_Medium_5/fps_60,candidate_win,/workspace/src/GFI_docker/compare_outputs/GFI_prediction_region_compare/train_minor_0507_twostage/ARPG_2/candidate_win/ARPG_2_4_Medium_4_Medium_5_fps_60_frame_0370_0372_winner_overlay.png,many_to_one_any,9,0.08,Splat Training,FineTuning,13501,0.026043595679012346,0.31827272053921934,0.19265239611880602,0.4890748833419747,29.87171494508454,27.81459904043155,2.057115904652992,0.010172666981816292,0.01345627848058939
train_minor_0507,ARPG_2_4_Medium_4_Medium_5_fps_60_frame_0370_0372,ARPG_2,4_Medium/4_Medium_5/fps_60,candidate_win,/workspace/src/GFI_docker/compare_outputs/GFI_prediction_region_compare/train_minor_0507_twostage/ARPG_2/candidate_win/ARPG_2_4_Medium_4_Medium_5_fps_60_frame_0370_0372_winner_overlay.png,bmv_hole,9,0.08,Splat Training,FineTuning,13230,0.025520833333333333,0.3130763416477702,0.19334845049130764,0.4935752078609221,31.488018315195177,28.86816466594858,2.619853649246597,0.008389528840780258,0.01149990875273943
train_minor_0507,ARPG_2_4_Medium_4_Medium_5_fps_60_frame_0370_0372,ARPG_2,4_Medium/4_Medium_5/fps_60,candidate_win,/workspace/src/GFI_docker/compare_outputs/GFI_prediction_region_compare/train_minor_0507_twostage/ARPG_2/candidate_win/ARPG_2_4_Medium_4_Medium_5_fps_60_frame_0370_0372_winner_overlay.png,fmv_hole,9,0.08,Splat Training,FineTuning,12937,0.02495563271604938,0.33864110690268223,0.3088042049934297,0.35255468810388807,31.01679934979103,30.688761655583466,0.3280376942075627,0.008468491025269032,0.009331295266747475
train_minor_0507,ARPG_2_4_Medium_4_Medium_5_fps_60_frame_0370_0372,ARPG_2,4_Medium/4_Medium_5/fps_60,candidate_win,/workspace/src/GFI_docker/compare_outputs/GFI_prediction_region_compare/train_minor_0507_twostage/ARPG_2/candidate_win/ARPG_2_4_Medium_4_Medium_5_fps_60_frame_0370_0372_winner_overlay.png,bmv_many_to_one,9,0.08,Splat Training,FineTuning,775,0.0014949845679012345,0.4993548387096774,0.2232258064516129,0.27741935483870966,22.543955429222176,22.8816492194264,-0.33769379020422363,0.03715791925787926,0.038481973111629486
train_minor_0507,ARPG_2_4_Medium_4_Medium_5_fps_60_frame_0370_0372,ARPG_2,4_Medium/4_Medium_5/fps_60,candidate_win,/workspace/src/GFI_docker/compare_outputs/GFI_prediction_region_compare/train_minor_0507_twostage/ARPG_2/candidate_win/ARPG_2_4_Medium_4_Medium_5_fps_60_frame_0370_0372_winner_overlay.png,fmv_many_to_one,9,0.08,Splat Training,FineTuning,12755,0.0246045524691358,0.30733045864366915,0.19176793414347315,0.5009016072128577,31.030513917038064,28.385064619345343,2.6454492976927213,0.008666395209729671,0.012011591345071793
train_minor_0507,ARPG_2_4_Medium_4_Medium_5_fps_60_frame_0376_0378,ARPG_2,4_Medium/4_Medium_5/fps_60,candidate_win,/workspace/src/GFI_docker/compare_outputs/GFI_prediction_region_compare/train_minor_0507_twostage/ARPG_2/candidate_win/ARPG_2_4_Medium_4_Medium_5_fps_60_frame_0376_0378_winner_overlay.png,all,9,0.08,Splat Training,FineTuning,518400,1.0,0.33715470679012344,0.18316743827160495,0.4796778549382716,36.634352723762134,35.611252424711346,1.023100299050789,0.0038885718677192926,0.00442011933773756
train_minor_0507,ARPG_2_4_Medium_4_Medium_5_fps_60_frame_0376_0378,ARPG_2,4_Medium/4_Medium_5/fps_60,candidate_win,/workspace/src/GFI_docker/compare_outputs/GFI_prediction_region_compare/train_minor_0507_twostage/ARPG_2/candidate_win/ARPG_2_4_Medium_4_Medium_5_fps_60_frame_0376_0378_winner_overlay.png,hit_both,9,0.08,Splat Training,FineTuning,499489,0.9635204475308642,0.33527264864691714,0.18231232319430457,0.4824150281587783,37.061376209716535,36.0250238086114,1.036352401105134,0.003726049792021513,0.0042153592221438885
train_minor_0507,ARPG_2_4_Medium_4_Medium_5_fps_60_frame_0376_0378,ARPG_2,4_Medium/4_Medium_5/fps_60,candidate_win,/workspace/src/GFI_docker/compare_outputs/GFI_prediction_region_compare/train_minor_0507_twostage/ARPG_2/candidate_win/ARPG_2_4_Medium_4_Medium_5_fps_60_frame_0376_0378_winner_overlay.png,clean_both_no_hole_no_multi,9,0.08,Splat Training,FineTuning,495504,0.9558333333333333,0.33436258839484645,0.18266855565242662,0.4829688559527269,37.31743684286564,36.3175446836629,0.9998921592027372,0.0036474389489740133,0.004099070560187101
train_minor_0507,ARPG_2_4_Medium_4_Medium_5_fps_60_frame_0376_0378,ARPG_2,4_Medium/4_Medium_5/fps_60,candidate_win,/workspace/src/GFI_docker/compare_outputs/GFI_prediction_region_compare/train_minor_0507_twostage/ARPG_2/candidate_win/ARPG_2_4_Medium_4_Medium_5_fps_60_frame_0376_0378_winner_overlay.png,hole_any,9,0.08,Splat Training,FineTuning,18911,0.036479552469135805,0.3868647876897044,0.20575326529533075,0.40738194701496483,31.22673259396864,30.29609112412365,0.9306414698449927,0.008181150071322918,0.00982835702598095
train_minor_0507,ARPG_2_4_Medium_4_Medium_5_fps_60_frame_0376_0378,ARPG_2,4_Medium/4_Medium_5/fps_60,candidate_win,/workspace/src/GFI_docker/compare_outputs/GFI_prediction_region_compare/train_minor_0507_twostage/ARPG_2/candidate_win/ARPG_2_4_Medium_4_Medium_5_fps_60_frame_0376_0378_winner_overlay.png,many_to_one_any,9,0.08,Splat Training,FineTuning,10475,0.020206404320987654,0.42787589498806683,0.13241050119331743,0.43971360381861574,29.372305936645333,28.000512622580437,1.3717933140648952,0.010611508972942829,0.01355746015906334
train_minor_0507,ARPG_2_4_Medium_4_Medium_5_fps_60_frame_0376_0378,ARPG_2,4_Medium/4_Medium_5/fps_60,candidate_win,/workspace/src/GFI_docker/compare_outputs/GFI_prediction_region_compare/train_minor_0507_twostage/ARPG_2/candidate_win/ARPG_2_4_Medium_4_Medium_5_fps_60_frame_0376_0378_winner_overlay.png,bmv_hole,9,0.08,Splat Training,FineTuning,9609,0.01853587962962963,0.41523571651576646,0.13976480382974296,0.4449994796544906,31.161856249831974,30.20556231558857,0.9562939342434049,0.007857149466872215,0.00995267927646637
train_minor_0507,ARPG_2_4_Medium_4_Medium_5_fps_60_frame_0376_0378,ARPG_2,4_Medium/4_Medium_5/fps_60,candidate_win,/workspace/src/GFI_docker/compare_outputs/GFI_prediction_region_compare/train_minor_0507_twostage/ARPG_2/candidate_win/ARPG_2_4_Medium_4_Medium_5_fps_60_frame_0376_0378_winner_overlay.png,fmv_hole,9,0.08,Splat Training,FineTuning,9513,0.018350694444444444,0.3566698202459792,0.2748869967413014,0.36844318301271944,31.316175436195955,30.417942089914547,0.8982333462814083,0.008509991690516472,0.00969337485730648
train_minor_0507,ARPG_2_4_Medium_4_Medium_5_fps_60_frame_0376_0378,ARPG_2,4_Medium/4_Medium_5/fps_60,candidate_win,/workspace/src/GFI_docker/compare_outputs/GFI_prediction_region_compare/train_minor_0507_twostage/ARPG_2/candidate_win/ARPG_2_4_Medium_4_Medium_5_fps_60_frame_0376_0378_winner_overlay.png,bmv_many_to_one,9,0.08,Splat Training,FineTuning,1779,0.003431712962962963,0.48454187745924676,0.15177065767284992,0.3636874648679033,25.626218992154005,24.49683325209387,1.1293857400601333,0.02010088600218296,0.02361244335770607
train_minor_0507,ARPG_2_4_Medium_4_Medium_5_fps_60_frame_0376_0378,ARPG_2,4_Medium/4_Medium_5/fps_60,candidate_win,/workspace/src/GFI_docker/compare_outputs/GFI_prediction_region_compare/train_minor_0507_twostage/ARPG_2/candidate_win/ARPG_2_4_Medium_4_Medium_5_fps_60_frame_0376_0378_winner_overlay.png,fmv_many_to_one,9,0.08,Splat Training,FineTuning,8719,0.016819058641975308,0.41621745613029015,0.12879917421722675,0.4549833696524831,30.707376200054487,29.189847244451023,1.5175289556034635,0.008778815157711506,0.011628424748778343
train_minor_0507,ARPG_2_4_Medium_4_Medium_5_fps_60_frame_0378_0380,ARPG_2,4_Medium/4_Medium_5/fps_60,candidate_win,/workspace/src/GFI_docker/compare_outputs/GFI_prediction_region_compare/train_minor_0507_twostage/ARPG_2/candidate_win/ARPG_2_4_Medium_4_Medium_5_fps_60_frame_0378_0380_winner_overlay.png,all,9,0.08,Splat Training,FineTuning,518400,1.0,0.33294945987654323,0.14051697530864196,0.5265335648148148,35.96837755406868,34.898858572559696,1.0695189815089847,0.004677759017795324,0.005259467754513025
train_minor_0507,ARPG_2_4_Medium_4_Medium_5_fps_60_frame_0378_0380,ARPG_2,4_Medium/4_Medium_5/fps_60,candidate_win,/workspace/src/GFI_docker/compare_outputs/GFI_prediction_region_compare/train_minor_0507_twostage/ARPG_2/candidate_win/ARPG_2_4_Medium_4_Medium_5_fps_60_frame_0378_0380_winner_overlay.png,hit_both,9,0.08,Splat Training,FineTuning,498469,0.9615528549382716,0.32978580413225295,0.13973587123772993,0.5304783246300171,36.37161069344022,35.28855999497363,1.083050698466586,0.0045138574205338955,0.005043958313763142
train_minor_0507,ARPG_2_4_Medium_4_Medium_5_fps_60_frame_0378_0380,ARPG_2,4_Medium/4_Medium_5/fps_60,candidate_win,/workspace/src/GFI_docker/compare_outputs/GFI_prediction_region_compare/train_minor_0507_twostage/ARPG_2/candidate_win/ARPG_2_4_Medium_4_Medium_5_fps_60_frame_0378_0380_winner_overlay.png,clean_both_no_hole_no_multi,9,0.08,Splat Training,FineTuning,493875,0.9526909722222222,0.3289921538850924,0.13973171349025562,0.531276132624652,36.587039905588995,35.48629261510311,1.1007472904858844,0.004429350141435862,0.004935719538480043
train_minor_0507,ARPG_2_4_Medium_4_Medium_5_fps_60_frame_0378_0380,ARPG_2,4_Medium/4_Medium_5/fps_60,candidate_win,/workspace/src/GFI_docker/compare_outputs/GFI_prediction_region_compare/train_minor_0507_twostage/ARPG_2/candidate_win/ARPG_2_4_Medium_4_Medium_5_fps_60_frame_0378_0380_winner_overlay.png,hole_any,9,0.08,Splat Training,FineTuning,19931,0.038447145061728395,0.4120716471827806,0.1600521800210727,0.4278761727961467,30.893109892113063,29.920667353770423,0.9724425383426407,0.00877688080072403,0.010649354197084904
train_minor_0507,ARPG_2_4_Medium_4_Medium_5_fps_60_frame_0378_0380,ARPG_2,4_Medium/4_Medium_5/fps_60,candidate_win,/workspace/src/GFI_docker/compare_outputs/GFI_prediction_region_compare/train_minor_0507_twostage/ARPG_2/candidate_win/ARPG_2_4_Medium_4_Medium_5_fps_60_frame_0378_0380_winner_overlay.png,many_to_one_any,9,0.08,Splat Training,FineTuning,10716,0.020671296296296295,0.4058417319895483,0.13279208659947742,0.46136618141097424,28.66391952583424,27.700719893167953,0.963199632666285,0.012563585303723812,0.015219560824334621
train_minor_0507,ARPG_2_4_Medium_4_Medium_5_fps_60_frame_0378_0380,ARPG_2,4_Medium/4_Medium_5/fps_60,candidate_win,/workspace/src/GFI_docker/compare_outputs/GFI_prediction_region_compare/train_minor_0507_twostage/ARPG_2/candidate_win/ARPG_2_4_Medium_4_Medium_5_fps_60_frame_0378_0380_winner_overlay.png,bmv_hole,9,0.08,Splat Training,FineTuning,10140,0.019560185185185184,0.4025641025641026,0.1398422090729783,0.45759368836291914,31.14236030196391,30.17437742582956,0.9679828761343501,0.008071315474808216,0.010091529227793217
train_minor_0507,ARPG_2_4_Medium_4_Medium_5_fps_60_frame_0378_0380,ARPG_2,4_Medium/4_Medium_5/fps_60,candidate_win,/workspace/src/GFI_docker/compare_outputs/GFI_prediction_region_compare/train_minor_0507_twostage/ARPG_2/candidate_win/ARPG_2_4_Medium_4_Medium_5_fps_60_frame_0378_0380_winner_overlay.png,fmv_hole,9,0.08,Splat Training,FineTuning,10074,0.01943287037037037,0.42277149096684535,0.17967043875322614,0.3975580702799285,30.617738946343444,29.67214376002895,0.9455951863144954,0.009516246616840363,0.011220239102840424
train_minor_0507,ARPG_2_4_Medium_4_Medium_5_fps_60_frame_0378_0380,ARPG_2,4_Medium/4_Medium_5/fps_60,candidate_win,/workspace/src/GFI_docker/compare_outputs/GFI_prediction_region_compare/train_minor_0507_twostage/ARPG_2/candidate_win/ARPG_2_4_Medium_4_Medium_5_fps_60_frame_0378_0380_winner_overlay.png,bmv_many_to_one,9,0.08,Splat Training,FineTuning,2581,0.004978780864197531,0.3727237504843084,0.17822549399457574,0.44905075552111584,26.861296199677472,25.658289077675196,1.2030071220022762,0.01962050423026085,0.022714506834745407
train_minor_0507,ARPG_2_4_Medium_4_Medium_5_fps_60_frame_0378_0380,ARPG_2,4_Medium/4_Medium_5/fps_60,candidate_win,/workspace/src/GFI_docker/compare_outputs/GFI_prediction_region_compare/train_minor_0507_twostage/ARPG_2/candidate_win/ARPG_2_4_Medium_4_Medium_5_fps_60_frame_0378_0380_winner_overlay.png,fmv_many_to_one,9,0.08,Splat Training,FineTuning,8166,0.015752314814814816,0.4159931422973304,0.11866274797942689,0.4653441097232427,29.318969615722818,28.515764880887602,0.8032047348352158,0.010507460683584213,0.01302323304116726
train_minor_0507,ARPG_2_4_Medium_4_Medium_5_fps_60_frame_0464_0466,ARPG_2,4_Medium/4_Medium_5/fps_60,candidate_win,/workspace/src/GFI_docker/compare_outputs/GFI_prediction_region_compare/train_minor_0507_twostage/ARPG_2/candidate_win/ARPG_2_4_Medium_4_Medium_5_fps_60_frame_0464_0466_winner_overlay.png,all,9,0.08,Splat Training,FineTuning,518400,1.0,0.16356288580246914,0.15165123456790122,0.6847858796296297,19.90783713288917,19.880774350054438,0.027062782834732957,0.05271033197641373,0.05479560047388077
train_minor_0507,ARPG_2_4_Medium_4_Medium_5_fps_60_frame_0464_0466,ARPG_2,4_Medium/4_Medium_5/fps_60,candidate_win,/workspace/src/GFI_docker/compare_outputs/GFI_prediction_region_compare/train_minor_0507_twostage/ARPG_2/candidate_win/ARPG_2_4_Medium_4_Medium_5_fps_60_frame_0464_0466_winner_overlay.png,hit_both,9,0.08,Splat Training,FineTuning,444963,0.8583391203703704,0.14396028433824834,0.13164240622253987,0.7243973094392118,20.058118620677988,20.069629173335144,-0.011510552657156836,0.05159105733036995,0.05279984325170517
train_minor_0507,ARPG_2_4_Medium_4_Medium_5_fps_60_frame_0464_0466,ARPG_2,4_Medium/4_Medium_5/fps_60,candidate_win,/workspace/src/GFI_docker/compare_outputs/GFI_prediction_region_compare/train_minor_0507_twostage/ARPG_2/candidate_win/ARPG_2_4_Medium_4_Medium_5_fps_60_frame_0464_0466_winner_overlay.png,clean_both_no_hole_no_multi,9,0.08,Splat Training,FineTuning,433508,0.8362422839506173,0.14124998846618747,0.13073807173108684,0.7280119398027257,20.120030679281314,20.153611097328312,-0.03358041804699852,0.05101172626018524,0.05207948759198189
train_minor_0507,ARPG_2_4_Medium_4_Medium_5_fps_60_frame_0464_0466,ARPG_2,4_Medium/4_Medium_5/fps_60,candidate_win,/workspace/src/GFI_docker/compare_outputs/GFI_prediction_region_compare/train_minor_0507_twostage/ARPG_2/candidate_win/ARPG_2_4_Medium_4_Medium_5_fps_60_frame_0464_0466_winner_overlay.png,hole_any,9,0.08,Splat Training,FineTuning,73437,0.14166087962962962,0.2823372414450481,0.27288696433677845,0.4447757942181734,19.09408605687063,18.88454055556982,0.20954550130080918,0.05949213728308678,0.06688820570707321
train_minor_0507,ARPG_2_4_Medium_4_Medium_5_fps_60_frame_0464_0466,ARPG_2,4_Medium/4_Medium_5/fps_60,candidate_win,/workspace/src/GFI_docker/compare_outputs/GFI_prediction_region_compare/train_minor_0507_twostage/ARPG_2/candidate_win/ARPG_2_4_Medium_4_Medium_5_fps_60_frame_0464_0466_winner_overlay.png,many_to_one_any,9,0.08,Splat Training,FineTuning,35319,0.06813078703703704,0.19485262889662788,0.166624196608058,0.6385231744953141,18.869336017771406,18.576545531309414,0.29279048646199257,0.06572932004928589,0.07003333419561386
train_minor_0507,ARPG_2_4_Medium_4_Medium_5_fps_60_frame_0464_0466,ARPG_2,4_Medium/4_Medium_5/fps_60,candidate_win,/workspace/src/GFI_docker/compare_outputs/GFI_prediction_region_compare/train_minor_0507_twostage/ARPG_2/candidate_win/ARPG_2_4_Medium_4_Medium_5_fps_60_frame_0464_0466_winner_overlay.png,bmv_hole,9,0.08,Splat Training,FineTuning,39339,0.07588541666666666,0.18495640458578003,0.20735148326088615,0.6076921121533339,18.579478922401403,18.614339942955503,-0.03486102055410001,0.0650036633014679,0.06710322201251984
train_minor_0507,ARPG_2_4_Medium_4_Medium_5_fps_60_frame_0464_0466,ARPG_2,4_Medium/4_Medium_5/fps_60,candidate_win,/workspace/src/GFI_docker/compare_outputs/GFI_prediction_region_compare/train_minor_0507_twostage/ARPG_2/candidate_win/ARPG_2_4_Medium_4_Medium_5_fps_60_frame_0464_0466_winner_overlay.png,fmv_hole,9,0.08,Splat Training,FineTuning,37658,0.07264274691358025,0.39478995167029585,0.351425991821127,0.2537840565085772,19.821739256437546,19.22649519246424,0.5952440639733041,0.05291979759931564,0.0665663480758667
train_minor_0507,ARPG_2_4_Medium_4_Medium_5_fps_60_frame_0464_0466,ARPG_2,4_Medium/4_Medium_5/fps_60,candidate_win,/workspace/src/GFI_docker/compare_outputs/GFI_prediction_region_compare/train_minor_0507_twostage/ARPG_2/candidate_win/ARPG_2_4_Medium_4_Medium_5_fps_60_frame_0464_0466_winner_overlay.png,bmv_many_to_one,9,0.08,Splat Training,FineTuning,3846,0.007418981481481481,0.27587103484139364,0.17290691627665106,0.5512220488819553,15.806534412976983,15.677638394404422,0.1288960185725614,0.11105502396821976,0.11576581001281738
train_minor_0507,ARPG_2_4_Medium_4_Medium_5_fps_60_frame_0464_0466,ARPG_2,4_Medium/4_Medium_5/fps_60,candidate_win,/workspace/src/GFI_docker/compare_outputs/GFI_prediction_region_compare/train_minor_0507_twostage/ARPG_2/candidate_win/ARPG_2_4_Medium_4_Medium_5_fps_60_frame_0464_0466_winner_overlay.png,fmv_many_to_one,9,0.08,Splat Training,FineTuning,31820,0.06138117283950617,0.1876178504085481,0.16539912005028284,0.646983029541169,19.409872378358347,19.051447434800664,0.35842494355768295,0.06064131483435631,0.06510219722986221
train_minor_0507,ARPG_2_4_Medium_4_Medium_5_fps_60_frame_0506_0508,ARPG_2,4_Medium/4_Medium_5/fps_60,candidate_win,/workspace/src/GFI_docker/compare_outputs/GFI_prediction_region_compare/train_minor_0507_twostage/ARPG_2/candidate_win/ARPG_2_4_Medium_4_Medium_5_fps_60_frame_0506_0508_winner_overlay.png,all,9,0.08,Splat Training,FineTuning,518400,1.0,0.43712384259259257,0.26295331790123455,0.2999228395061728,20.650063898101926,19.766550877370832,0.883513020731094,0.04381652921438217,0.053091052919626236
train_minor_0507,ARPG_2_4_Medium_4_Medium_5_fps_60_frame_0506_0508,ARPG_2,4_Medium/4_Medium_5/fps_60,candidate_win,/workspace/src/GFI_docker/compare_outputs/GFI_prediction_region_compare/train_minor_0507_twostage/ARPG_2/candidate_win/ARPG_2_4_Medium_4_Medium_5_fps_60_frame_0506_0508_winner_overlay.png,hit_both,9,0.08,Splat Training,FineTuning,366329,0.7066531635802469,0.42810970466438636,0.25056438338215103,0.3213259119534626,21.737148475328016,20.76343720124637,0.9737112740816478,0.03617791458964348,0.04458412900567055
train_minor_0507,ARPG_2_4_Medium_4_Medium_5_fps_60_frame_0506_0508,ARPG_2,4_Medium/4_Medium_5/fps_60,candidate_win,/workspace/src/GFI_docker/compare_outputs/GFI_prediction_region_compare/train_minor_0507_twostage/ARPG_2/candidate_win/ARPG_2_4_Medium_4_Medium_5_fps_60_frame_0506_0508_winner_overlay.png,clean_both_no_hole_no_multi,9,0.08,Splat Training,FineTuning,321000,0.6192129629629629,0.44422429906542055,0.22542990654205608,0.3303457943925234,22.316775266922203,21.0693995940739,1.2473756728483032,0.03279411420226097,0.042975764721632004
train_minor_0507,ARPG_2_4_Medium_4_Medium_5_fps_60_frame_0506_0508,ARPG_2,4_Medium/4_Medium_5/fps_60,candidate_win,/workspace/src/GFI_docker/compare_outputs/GFI_prediction_region_compare/train_minor_0507_twostage/ARPG_2/candidate_win/ARPG_2_4_Medium_4_Medium_5_fps_60_frame_0506_0508_winner_overlay.png,hole_any,9,0.08,Splat Training,FineTuning,152071,0.29334683641975307,0.45883830579137375,0.2927974432995114,0.24836425090911482,18.793404671369217,18.022820077692714,0.770584593676503,0.06221745163202286,0.07358366996049881
train_minor_0507,ARPG_2_4_Medium_4_Medium_5_fps_60_frame_0506_0508,ARPG_2,4_Medium/4_Medium_5/fps_60,candidate_win,/workspace/src/GFI_docker/compare_outputs/GFI_prediction_region_compare/train_minor_0507_twostage/ARPG_2/candidate_win/ARPG_2_4_Medium_4_Medium_5_fps_60_frame_0506_0508_winner_overlay.png,many_to_one_any,9,0.08,Splat Training,FineTuning,78939,0.15227430555555554,0.3678283231355857,0.3645093046529599,0.2676623722114544,19.209749704274543,18.70700162327562,0.5027480809989235,0.056675512343645096,0.06012546643614769
train_minor_0507,ARPG_2_4_Medium_4_Medium_5_fps_60_frame_0506_0508,ARPG_2,4_Medium/4_Medium_5/fps_60,candidate_win,/workspace/src/GFI_docker/compare_outputs/GFI_prediction_region_compare/train_minor_0507_twostage/ARPG_2/candidate_win/ARPG_2_4_Medium_4_Medium_5_fps_60_frame_0506_0508_winner_overlay.png,bmv_hole,9,0.08,Splat Training,FineTuning,89549,0.1727411265432099,0.44554378050006144,0.3058325609442875,0.2486236585556511,18.386421081385777,17.64983821907101,0.7365828623147657,0.06559503823518753,0.07757426798343658
train_minor_0507,ARPG_2_4_Medium_4_Medium_5_fps_60_frame_0506_0508,ARPG_2,4_Medium/4_Medium_5/fps_60,candidate_win,/workspace/src/GFI_docker/compare_outputs/GFI_prediction_region_compare/train_minor_0507_twostage/ARPG_2/candidate_win/ARPG_2_4_Medium_4_Medium_5_fps_60_frame_0506_0508_winner_overlay.png,fmv_hole,9,0.08,Splat Training,FineTuning,87889,0.1695389660493827,0.45151270352376294,0.3059654791839707,0.24252181729226638,18.34839254101916,18.078144832129908,0.27024770888925076,0.0681670531630516,0.07524564862251282
train_minor_0507,ARPG_2_4_Medium_4_Medium_5_fps_60_frame_0506_0508,ARPG_2,4_Medium/4_Medium_5/fps_60,candidate_win,/workspace/src/GFI_docker/compare_outputs/GFI_prediction_region_compare/train_minor_0507_twostage/ARPG_2/candidate_win/ARPG_2_4_Medium_4_Medium_5_fps_60_frame_0506_0508_winner_overlay.png,bmv_many_to_one,9,0.08,Splat Training,FineTuning,32392,0.06248456790123457,0.4279451716473203,0.33641022474685106,0.2356446036058286,18.87830926829129,17.991964758754204,0.8863445095370857,0.06010538339614868,0.0658990666270256
train_minor_0507,ARPG_2_4_Medium_4_Medium_5_fps_60_frame_0506_0508,ARPG_2,4_Medium/4_Medium_5/fps_60,candidate_win,/workspace/src/GFI_docker/compare_outputs/GFI_prediction_region_compare/train_minor_0507_twostage/ARPG_2/candidate_win/ARPG_2_4_Medium_4_Medium_5_fps_60_frame_0506_0508_winner_overlay.png,fmv_many_to_one,9,0.08,Splat Training,FineTuning,53147,0.10252121913580246,0.31947240672098143,0.41183886202419706,0.2686887312548215,19.19852809000904,18.963452624444955,0.23507546556408698,0.056814346462488174,0.05771583691239357
train_minor_0507,ARPG_2_4_Medium_4_Medium_5_fps_60_frame_0508_0510,ARPG_2,4_Medium/4_Medium_5/fps_60,candidate_win,/workspace/src/GFI_docker/compare_outputs/GFI_prediction_region_compare/train_minor_0507_twostage/ARPG_2/candidate_win/ARPG_2_4_Medium_4_Medium_5_fps_60_frame_0508_0510_winner_overlay.png,all,9,0.08,Splat Training,FineTuning,518400,1.0,0.5328472222222222,0.2431539351851852,0.2239988425925926,21.650967583665786,18.92720054993429,2.7237670337314945,0.03891466185450554,0.06128720939159393
train_minor_0507,ARPG_2_4_Medium_4_Medium_5_fps_60_frame_0508_0510,ARPG_2,4_Medium/4_Medium_5/fps_60,candidate_win,/workspace/src/GFI_docker/compare_outputs/GFI_prediction_region_compare/train_minor_0507_twostage/ARPG_2/candidate_win/ARPG_2_4_Medium_4_Medium_5_fps_60_frame_0508_0510_winner_overlay.png,hit_both,9,0.08,Splat Training,FineTuning,351665,0.6783661265432098,0.5034592581007493,0.24669216441784084,0.24984857748140987,23.219056716834604,20.732049666811957,2.4870070500226475,0.030434058979153633,0.047817252576351166
train_minor_0507,ARPG_2_4_Medium_4_Medium_5_fps_60_frame_0508_0510,ARPG_2,4_Medium/4_Medium_5/fps_60,candidate_win,/workspace/src/GFI_docker/compare_outputs/GFI_prediction_region_compare/train_minor_0507_twostage/ARPG_2/candidate_win/ARPG_2_4_Medium_4_Medium_5_fps_60_frame_0508_0510_winner_overlay.png,clean_both_no_hole_no_multi,9,0.08,Splat Training,FineTuning,303917,0.5862596450617283,0.5167002833010329,0.23588677171727807,0.2474129449816891,23.903516541264214,20.951672526510514,2.9518440147537,0.027189694344997406,0.045580215752124786
train_minor_0507,ARPG_2_4_Medium_4_Medium_5_fps_60_frame_0508_0510,ARPG_2,4_Medium/4_Medium_5/fps_60,candidate_win,/workspace/src/GFI_docker/compare_outputs/GFI_prediction_region_compare/train_minor_0507_twostage/ARPG_2/candidate_win/ARPG_2_4_Medium_4_Medium_5_fps_60_frame_0508_0510_winner_overlay.png,hole_any,9,0.08,Splat Training,FineTuning,166735,0.3216338734567901,0.5948301196509431,0.23569136653971873,0.16947851380933818,19.504629051512495,16.579001336043945,2.9256277154685506,0.056801315397024155,0.08969707787036896
train_minor_0507,ARPG_2_4_Medium_4_Medium_5_fps_60_frame_0508_0510,ARPG_2,4_Medium/4_Medium_5/fps_60,candidate_win,/workspace/src/GFI_docker/compare_outputs/GFI_prediction_region_compare/train_minor_0507_twostage/ARPG_2/candidate_win/ARPG_2_4_Medium_4_Medium_5_fps_60_frame_0508_0510_winner_overlay.png,many_to_one_any,9,0.08,Splat Training,FineTuning,86060,0.1660108024691358,0.48674180804090167,0.28076923076923077,0.23248896118986753,20.03778071618388,18.734055975276608,1.303724740907274,0.051964037120342255,0.0685526579618454
train_minor_0507,ARPG_2_4_Medium_4_Medium_5_fps_60_frame_0508_0510,ARPG_2,4_Medium/4_Medium_5/fps_60,candidate_win,/workspace/src/GFI_docker/compare_outputs/GFI_prediction_region_compare/train_minor_0507_twostage/ARPG_2/candidate_win/ARPG_2_4_Medium_4_Medium_5_fps_60_frame_0508_0510_winner_overlay.png,bmv_hole,9,0.08,Splat Training,FineTuning,97746,0.18855324074074073,0.6099686943711251,0.21205982853518301,0.17797147709369182,18.831880926222023,16.552306970247592,2.2795739559744312,0.06320548802614212,0.09411001950502396
train_minor_0507,ARPG_2_4_Medium_4_Medium_5_fps_60_frame_0508_0510,ARPG_2,4_Medium/4_Medium_5/fps_60,candidate_win,/workspace/src/GFI_docker/compare_outputs/GFI_prediction_region_compare/train_minor_0507_twostage/ARPG_2/candidate_win/ARPG_2_4_Medium_4_Medium_5_fps_60_frame_0508_0510_winner_overlay.png,fmv_hole,9,0.08,Splat Training,FineTuning,99476,0.19189043209876544,0.5816880453576743,0.26429490530379185,0.1540170493385339,19.376560717785786,16.02413472137529,3.3524259964104957,0.0583074651658535,0.09480742365121841
train_minor_0507,ARPG_2_4_Medium_4_Medium_5_fps_60_frame_0508_0510,ARPG_2,4_Medium/4_Medium_5/fps_60,candidate_win,/workspace/src/GFI_docker/compare_outputs/GFI_prediction_region_compare/train_minor_0507_twostage/ARPG_2/candidate_win/ARPG_2_4_Medium_4_Medium_5_fps_60_frame_0508_0510_winner_overlay.png,bmv_many_to_one,9,0.08,Splat Training,FineTuning,40702,0.07851466049382716,0.4259987224215026,0.34374232224460716,0.23025895533389024,19.618115767739045,19.22219286465446,0.39592290308458544,0.05617218464612961,0.06549221277236938
train_minor_0507,ARPG_2_4_Medium_4_Medium_5_fps_60_frame_0508_0510,ARPG_2,4_Medium/4_Medium_5/fps_60,candidate_win,/workspace/src/GFI_docker/compare_outputs/GFI_prediction_region_compare/train_minor_0507_twostage/ARPG_2/candidate_win/ARPG_2_4_Medium_4_Medium_5_fps_60_frame_0508_0510_winner_overlay.png,fmv_many_to_one,9,0.08,Splat Training,FineTuning,52063,0.10043016975308643,0.49599523654034533,0.26114515106697656,0.24285961239267811,19.962485963902513,18.430411795473933,1.5320741684285792,0.05303201079368591,0.07165614515542984
train_minor_0507,ARPG_2_4_Medium_4_Medium_5_fps_60_frame_0510_0512,ARPG_2,4_Medium/4_Medium_5/fps_60,candidate_win,/workspace/src/GFI_docker/compare_outputs/GFI_prediction_region_compare/train_minor_0507_twostage/ARPG_2/candidate_win/ARPG_2_4_Medium_4_Medium_5_fps_60_frame_0510_0512_winner_overlay.png,all,9,0.08,Splat Training,FineTuning,518400,1.0,0.5043769290123457,0.2768094135802469,0.2188136574074074,20.80345856255548,20.012024581879245,0.7914339806762349,0.04109065607190132,0.054829347878694534
train_minor_0507,ARPG_2_4_Medium_4_Medium_5_fps_60_frame_0510_0512,ARPG_2,4_Medium/4_Medium_5/fps_60,candidate_win,/workspace/src/GFI_docker/compare_outputs/GFI_prediction_region_compare/train_minor_0507_twostage/ARPG_2/candidate_win/ARPG_2_4_Medium_4_Medium_5_fps_60_frame_0510_0512_winner_overlay.png,hit_both,9,0.08,Splat Training,FineTuning,358400,0.691358024691358,0.46675502232142857,0.28200892857142856,0.25123604910714287,22.821275671693982,21.93289338776593,0.8883822839280526,0.031500283628702164,0.04104527458548546
train_minor_0507,ARPG_2_4_Medium_4_Medium_5_fps_60_frame_0510_0512,ARPG_2,4_Medium/4_Medium_5/fps_60,candidate_win,/workspace/src/GFI_docker/compare_outputs/GFI_prediction_region_compare/train_minor_0507_twostage/ARPG_2/candidate_win/ARPG_2_4_Medium_4_Medium_5_fps_60_frame_0510_0512_winner_overlay.png,clean_both_no_hole_no_multi,9,0.08,Splat Training,FineTuning,307940,0.594020061728395,0.46837695654997724,0.2727934013119439,0.25882964213807885,24.691760659247365,22.640046587306873,2.0517140719404914,0.02511592209339142,0.03645775839686394
train_minor_0507,ARPG_2_4_Medium_4_Medium_5_fps_60_frame_0510_0512,ARPG_2,4_Medium/4_Medium_5/fps_60,candidate_win,/workspace/src/GFI_docker/compare_outputs/GFI_prediction_region_compare/train_minor_0507_twostage/ARPG_2/candidate_win/ARPG_2_4_Medium_4_Medium_5_fps_60_frame_0510_0512_winner_overlay.png,hole_any,9,0.08,Splat Training,FineTuning,160000,0.30864197530864196,0.58865,0.2651625,0.1461875,18.17315605882275,17.457689638227293,0.7154664205954582,0.0625731348991394,0.0857057049870491
train_minor_0507,ARPG_2_4_Medium_4_Medium_5_fps_60_frame_0510_0512,ARPG_2,4_Medium/4_Medium_5/fps_60,candidate_win,/workspace/src/GFI_docker/compare_outputs/GFI_prediction_region_compare/train_minor_0507_twostage/ARPG_2/candidate_win/ARPG_2_4_Medium_4_Medium_5_fps_60_frame_0510_0512_winner_overlay.png,many_to_one_any,9,0.08,Splat Training,FineTuning,84367,0.16274498456790124,0.49800277359631134,0.31102208209370963,0.19097514430997903,17.98453909411716,18.433598600681137,-0.44905950656397664,0.06559371948242188,0.07229399681091309
train_minor_0507,ARPG_2_4_Medium_4_Medium_5_fps_60_frame_0510_0512,ARPG_2,4_Medium/4_Medium_5/fps_60,candidate_win,/workspace/src/GFI_docker/compare_outputs/GFI_prediction_region_compare/train_minor_0507_twostage/ARPG_2/candidate_win/ARPG_2_4_Medium_4_Medium_5_fps_60_frame_0510_0512_winner_overlay.png,bmv_hole,9,0.08,Splat Training,FineTuning,90688,0.17493827160493827,0.584608768525053,0.2602769936485533,0.1551142378263938,17.06302490379276,17.36703210433414,-0.3040072005413812,0.07091192901134491,0.08645191788673401
train_minor_0507,ARPG_2_4_Medium_4_Medium_5_fps_60_frame_0510_0512,ARPG_2,4_Medium/4_Medium_5/fps_60,candidate_win,/workspace/src/GFI_docker/compare_outputs/GFI_prediction_region_compare/train_minor_0507_twostage/ARPG_2/candidate_win/ARPG_2_4_Medium_4_Medium_5_fps_60_frame_0510_0512_winner_overlay.png,fmv_hole,9,0.08,Splat Training,FineTuning,96531,0.18620949074074075,0.5833462825413598,0.2838466399395013,0.13280707751913892,18.621935097574333,17.2321586382719,1.389776459302432,0.06315627694129944,0.09071142226457596
train_minor_0507,ARPG_2_4_Medium_4_Medium_5_fps_60_frame_0510_0512,ARPG_2,4_Medium/4_Medium_5/fps_60,candidate_win,/workspace/src/GFI_docker/compare_outputs/GFI_prediction_region_compare/train_minor_0507_twostage/ARPG_2/candidate_win/ARPG_2_4_Medium_4_Medium_5_fps_60_frame_0510_0512_winner_overlay.png,bmv_many_to_one,9,0.08,Splat Training,FineTuning,44366,0.08558256172839507,0.47076590181670647,0.3561511067033314,0.17308299147996214,18.95823632764544,19.6759199883341,-0.7176836606886603,0.0612223818898201,0.0640343576669693
train_minor_0507,ARPG_2_4_Medium_4_Medium_5_fps_60_frame_0510_0512,ARPG_2,4_Medium/4_Medium_5/fps_60,candidate_win,/workspace/src/GFI_docker/compare_outputs/GFI_prediction_region_compare/train_minor_0507_twostage/ARPG_2/candidate_win/ARPG_2_4_Medium_4_Medium_5_fps_60_frame_0510_0512_winner_overlay.png,fmv_many_to_one,9,0.08,Splat Training,FineTuning,52719,0.10169560185185185,0.5197177488192113,0.28401525066863936,0.19626700051214932,16.92453018556238,17.55782873962858,-0.6332985540662008,0.07724933326244354,0.08359863609075546
train_minor_0507,ARPG_2_4_Medium_4_Medium_5_fps_60_frame_0512_0514,ARPG_2,4_Medium/4_Medium_5/fps_60,candidate_win,/workspace/src/GFI_docker/compare_outputs/GFI_prediction_region_compare/train_minor_0507_twostage/ARPG_2/candidate_win/ARPG_2_4_Medium_4_Medium_5_fps_60_frame_0512_0514_winner_overlay.png,all,9,0.08,Splat Training,FineTuning,518400,1.0,0.4707060185185185,0.32674961419753085,0.20254436728395062,19.85031235909094,19.796589534137617,0.053722824953322146,0.045011889189481735,0.051657598465681076
train_minor_0507,ARPG_2_4_Medium_4_Medium_5_fps_60_frame_0512_0514,ARPG_2,4_Medium/4_Medium_5/fps_60,candidate_win,/workspace/src/GFI_docker/compare_outputs/GFI_prediction_region_compare/train_minor_0507_twostage/ARPG_2/candidate_win/ARPG_2_4_Medium_4_Medium_5_fps_60_frame_0512_0514_winner_overlay.png,hit_both,9,0.08,Splat Training,FineTuning,356610,0.6879050925925926,0.42633689464681307,0.33694231793836404,0.23672078741482291,20.105404106493346,20.328030298886045,-0.2226261923926991,0.041312288492918015,0.04499772936105728
train_minor_0507,ARPG_2_4_Medium_4_Medium_5_fps_60_frame_0512_0514,ARPG_2,4_Medium/4_Medium_5/fps_60,candidate_win,/workspace/src/GFI_docker/compare_outputs/GFI_prediction_region_compare/train_minor_0507_twostage/ARPG_2/candidate_win/ARPG_2_4_Medium_4_Medium_5_fps_60_frame_0512_0514_winner_overlay.png,clean_both_no_hole_no_multi,9,0.08,Splat Training,FineTuning,300801,0.5802488425925926,0.45249849568319256,0.35658126136548746,0.19092024295131999,23.56993619240932,24.02344764612323,-0.45351145371391155,0.026156146079301834,0.0303751640021801
train_minor_0507,ARPG_2_4_Medium_4_Medium_5_fps_60_frame_0512_0514,ARPG_2,4_Medium/4_Medium_5/fps_60,candidate_win,/workspace/src/GFI_docker/compare_outputs/GFI_prediction_region_compare/train_minor_0507_twostage/ARPG_2/candidate_win/ARPG_2_4_Medium_4_Medium_5_fps_60_frame_0512_0514_winner_overlay.png,hole_any,9,0.08,Splat Training,FineTuning,161790,0.3120949074074074,0.5685023796279127,0.3042833302429075,0.1272142901291798,19.335940996926894,18.814065606945817,0.5218753899810764,0.05316635221242905,0.06633701175451279
train_minor_0507,ARPG_2_4_Medium_4_Medium_5_fps_60_frame_0512_0514,ARPG_2,4_Medium/4_Medium_5/fps_60,candidate_win,/workspace/src/GFI_docker/compare_outputs/GFI_prediction_region_compare/train_minor_0507_twostage/ARPG_2/candidate_win/ARPG_2_4_Medium_4_Medium_5_fps_60_frame_0512_0514_winner_overlay.png,many_to_one_any,9,0.08,Splat Training,FineTuning,83637,0.16133680555555555,0.3678993746786709,0.25885672609012755,0.3732438992312015,15.22791803015897,15.300350014069743,-0.07243198391077321,0.09997835010290146,0.10380636900663376
train_minor_0507,ARPG_2_4_Medium_4_Medium_5_fps_60_frame_0512_0514,ARPG_2,4_Medium/4_Medium_5/fps_60,candidate_win,/workspace/src/GFI_docker/compare_outputs/GFI_prediction_region_compare/train_minor_0507_twostage/ARPG_2/candidate_win/ARPG_2_4_Medium_4_Medium_5_fps_60_frame_0512_0514_winner_overlay.png,bmv_hole,9,0.08,Splat Training,FineTuning,92004,0.17747685185185186,0.6016260162601627,0.26676014086344074,0.13161384287639669,18.642298502260225,18.324195053038608,0.31810344922161704,0.06048251688480377,0.07268403470516205
train_minor_0507,ARPG_2_4_Medium_4_Medium_5_fps_60_frame_0512_0514,ARPG_2,4_Medium/4_Medium_5/fps_60,candidate_win,/workspace/src/GFI_docker/compare_outputs/GFI_prediction_region_compare/train_minor_0507_twostage/ARPG_2/candidate_win/ARPG_2_4_Medium_4_Medium_5_fps_60_frame_0512_0514_winner_overlay.png,fmv_hole,9,0.08,Splat Training,FineTuning,95194,0.1836304012345679,0.5314095426182323,0.34371914196272874,0.12487131541903901,18.941927122084273,18.696528879726834,0.2453982423574388,0.05559680238366127,0.06717703491449356
train_minor_0507,ARPG_2_4_Medium_4_Medium_5_fps_60_frame_0512_0514,ARPG_2,4_Medium/4_Medium_5/fps_60,candidate_win,/workspace/src/GFI_docker/compare_outputs/GFI_prediction_region_compare/train_minor_0507_twostage/ARPG_2/candidate_win/ARPG_2_4_Medium_4_Medium_5_fps_60_frame_0512_0514_winner_overlay.png,bmv_many_to_one,9,0.08,Splat Training,FineTuning,50022,0.09649305555555555,0.313322138259166,0.2558474271320619,0.43083043460877213,14.871253589130824,14.897405970477166,-0.02615238134634268,0.10726642608642578,0.110610730946064
train_minor_0507,ARPG_2_4_Medium_4_Medium_5_fps_60_frame_0512_0514,ARPG_2,4_Medium/4_Medium_5/fps_60,candidate_win,/workspace/src/GFI_docker/compare_outputs/GFI_prediction_region_compare/train_minor_0507_twostage/ARPG_2/candidate_win/ARPG_2_4_Medium_4_Medium_5_fps_60_frame_0512_0514_winner_overlay.png,fmv_many_to_one,9,0.08,Splat Training,FineTuning,55912,0.10785493827160494,0.33790599513521247,0.2048576334239519,0.4572363714408356,14.024455042845918,14.071546090041018,-0.04709104719509938,0.12658947706222534,0.1293811798095703
train_minor_0507,ARPG_2_4_Medium_4_Medium_5_fps_60_frame_0514_0516,ARPG_2,4_Medium/4_Medium_5/fps_60,baseline_win,/workspace/src/GFI_docker/compare_outputs/GFI_prediction_region_compare/train_minor_0507_twostage/ARPG_2/baseline_win/ARPG_2_4_Medium_4_Medium_5_fps_60_frame_0514_0516_winner_overlay.png,all,9,0.08,Splat Training,FineTuning,518400,1.0,0.35468364197530866,0.3848726851851852,0.26044367283950615,21.23156572747785,21.533784764622137,-0.3022190371442868,0.03835449367761612,0.03929787129163742
train_minor_0507,ARPG_2_4_Medium_4_Medium_5_fps_60_frame_0514_0516,ARPG_2,4_Medium/4_Medium_5/fps_60,baseline_win,/workspace/src/GFI_docker/compare_outputs/GFI_prediction_region_compare/train_minor_0507_twostage/ARPG_2/baseline_win/ARPG_2_4_Medium_4_Medium_5_fps_60_frame_0514_0516_winner_overlay.png,hit_both,9,0.08,Splat Training,FineTuning,362467,0.6992033179012346,0.30328554047678824,0.3899113574477125,0.30680310207549927,21.407640867612354,21.838368803965935,-0.43072793635358053,0.035714488476514816,0.035324353724718094
train_minor_0507,ARPG_2_4_Medium_4_Medium_5_fps_60_frame_0514_0516,ARPG_2,4_Medium/4_Medium_5/fps_60,baseline_win,/workspace/src/GFI_docker/compare_outputs/GFI_prediction_region_compare/train_minor_0507_twostage/ARPG_2/baseline_win/ARPG_2_4_Medium_4_Medium_5_fps_60_frame_0514_0516_winner_overlay.png,clean_both_no_hole_no_multi,9,0.08,Splat Training,FineTuning,310078,0.5981442901234568,0.32020007868987804,0.4290468849773283,0.25075303633279367,24.814336992495505,26.23906428984713,-1.4247272973516232,0.02231164276599884,0.02135526016354561
train_minor_0507,ARPG_2_4_Medium_4_Medium_5_fps_60_frame_0514_0516,ARPG_2,4_Medium/4_Medium_5/fps_60,baseline_win,/workspace/src/GFI_docker/compare_outputs/GFI_prediction_region_compare/train_minor_0507_twostage/ARPG_2/baseline_win/ARPG_2_4_Medium_4_Medium_5_fps_60_frame_0514_0516_winner_overlay.png,hole_any,9,0.08,Splat Training,FineTuning,155933,0.3007966820987654,0.4741587733193102,0.37316026755080706,0.1526809591298827,20.847918853189412,20.898795570779466,-0.050876717590053744,0.0444912314414978,0.048534367233514786
train_minor_0507,ARPG_2_4_Medium_4_Medium_5_fps_60_frame_0514_0516,ARPG_2,4_Medium/4_Medium_5/fps_60,baseline_win,/workspace/src/GFI_docker/compare_outputs/GFI_prediction_region_compare/train_minor_0507_twostage/ARPG_2/baseline_win/ARPG_2_4_Medium_4_Medium_5_fps_60_frame_0514_0516_winner_overlay.png,many_to_one_any,9,0.08,Splat Training,FineTuning,77681,0.14984760802469135,0.269911561385667,0.22690233132941132,0.5031861072849216,16.242853378226204,16.230147120195216,0.012706258030988238,0.09221851825714111,0.09439967572689056
train_minor_0507,ARPG_2_4_Medium_4_Medium_5_fps_60_frame_0514_0516,ARPG_2,4_Medium/4_Medium_5/fps_60,baseline_win,/workspace/src/GFI_docker/compare_outputs/GFI_prediction_region_compare/train_minor_0507_twostage/ARPG_2/baseline_win/ARPG_2_4_Medium_4_Medium_5_fps_60_frame_0514_0516_winner_overlay.png,bmv_hole,9,0.08,Splat Training,FineTuning,82836,0.15979166666666667,0.4665121444782462,0.3758148631029987,0.15767299241875513,20.575181206811358,21.242644282685422,-0.6674630758740641,0.04572979360818863,0.04683414474129677
train_minor_0507,ARPG_2_4_Medium_4_Medium_5_fps_60_frame_0514_0516,ARPG_2,4_Medium/4_Medium_5/fps_60,baseline_win,/workspace/src/GFI_docker/compare_outputs/GFI_prediction_region_compare/train_minor_0507_twostage/ARPG_2/baseline_win/ARPG_2_4_Medium_4_Medium_5_fps_60_frame_0514_0516_winner_overlay.png,fmv_hole,9,0.08,Splat Training,FineTuning,83233,0.16055748456790123,0.5044033015750964,0.3486838153136376,0.14691288311126596,21.1660609610681,20.378551217559092,0.787509743509009,0.04300716891884804,0.052269309759140015
train_minor_0507,ARPG_2_4_Medium_4_Medium_5_fps_60_frame_0514_0516,ARPG_2,4_Medium/4_Medium_5/fps_60,baseline_win,/workspace/src/GFI_docker/compare_outputs/GFI_prediction_region_compare/train_minor_0507_twostage/ARPG_2/baseline_win/ARPG_2_4_Medium_4_Medium_5_fps_60_frame_0514_0516_winner_overlay.png,bmv_many_to_one,9,0.08,Splat Training,FineTuning,49145,0.09480131172839507,0.20150574829585918,0.21412147726116593,0.5843727744429749,15.018712440205007,14.978008412010604,0.04070402819440311,0.11550930887460709,0.11734368652105331
train_minor_0507,ARPG_2_4_Medium_4_Medium_5_fps_60_frame_0514_0516,ARPG_2,4_Medium/4_Medium_5/fps_60,baseline_win,/workspace/src/GFI_docker/compare_outputs/GFI_prediction_region_compare/train_minor_0507_twostage/ARPG_2/baseline_win/ARPG_2_4_Medium_4_Medium_5_fps_60_frame_0514_0516_winner_overlay.png,fmv_many_to_one,9,0.08,Splat Training,FineTuning,52019,0.10034529320987655,0.2502354908783329,0.15667352313577732,0.5930909859858897,15.592454397265115,15.632495355047366,-0.04004095778225114,0.10541444271802902,0.10698088258504868
train_minor_0507,ARPG_2_4_Medium_4_Medium_5_fps_60_frame_0770_0772,ARPG_2,4_Medium/4_Medium_5/fps_60,candidate_win,/workspace/src/GFI_docker/compare_outputs/GFI_prediction_region_compare/train_minor_0507_twostage/ARPG_2/candidate_win/ARPG_2_4_Medium_4_Medium_5_fps_60_frame_0770_0772_winner_overlay.png,all,9,0.08,Splat Training,FineTuning,518400,1.0,0.12850501543209877,0.09045331790123456,0.7810416666666666,20.85925785449451,20.813384727703315,0.04587312679119293,0.050300754606723785,0.051407888531684875
train_minor_0507,ARPG_2_4_Medium_4_Medium_5_fps_60_frame_0770_0772,ARPG_2,4_Medium/4_Medium_5/fps_60,candidate_win,/workspace/src/GFI_docker/compare_outputs/GFI_prediction_region_compare/train_minor_0507_twostage/ARPG_2/candidate_win/ARPG_2_4_Medium_4_Medium_5_fps_60_frame_0770_0772_winner_overlay.png,hit_both,9,0.08,Splat Training,FineTuning,439026,0.8468865740740741,0.09930619143285363,0.07922993171247261,0.8214638768546737,21.01828876779843,21.01393889660535,0.004349871193081611,0.0489332340657711,0.049512337893247604
train_minor_0507,ARPG_2_4_Medium_4_Medium_5_fps_60_frame_0770_0772,ARPG_2,4_Medium/4_Medium_5/fps_60,candidate_win,/workspace/src/GFI_docker/compare_outputs/GFI_prediction_region_compare/train_minor_0507_twostage/ARPG_2/candidate_win/ARPG_2_4_Medium_4_Medium_5_fps_60_frame_0770_0772_winner_overlay.png,clean_both_no_hole_no_multi,9,0.08,Splat Training,FineTuning,432299,0.8339101080246913,0.09847813666004317,0.07845264504428648,0.8230692182956704,21.127797987029886,21.115175378864567,0.012622608165319349,0.04831987991929054,0.04893573373556137
train_minor_0507,ARPG_2_4_Medium_4_Medium_5_fps_60_frame_0770_0772,ARPG_2,4_Medium/4_Medium_5/fps_60,candidate_win,/workspace/src/GFI_docker/compare_outputs/GFI_prediction_region_compare/train_minor_0507_twostage/ARPG_2/candidate_win/ARPG_2_4_Medium_4_Medium_5_fps_60_frame_0770_0772_winner_overlay.png,hole_any,9,0.08,Splat Training,FineTuning,79374,0.15311342592592592,0.29000680323531636,0.15253105550936075,0.5574621412553229,20.071511163039073,19.845630392695863,0.22588077034320975,0.057864751666784286,0.0618923045694828
train_minor_0507,ARPG_2_4_Medium_4_Medium_5_fps_60_frame_0770_0772,ARPG_2,4_Medium/4_Medium_5/fps_60,candidate_win,/workspace/src/GFI_docker/compare_outputs/GFI_prediction_region_compare/train_minor_0507_twostage/ARPG_2/candidate_win/ARPG_2_4_Medium_4_Medium_5_fps_60_frame_0770_0772_winner_overlay.png,many_to_one_any,9,0.08,Splat Training,FineTuning,36995,0.07136381172839507,0.1621300175699419,0.12555750777132044,0.7123124746587377,19.31735372293522,19.32934761700813,-0.011993894072908518,0.06399310380220413,0.06460748612880707
train_minor_0507,ARPG_2_4_Medium_4_Medium_5_fps_60_frame_0770_0772,ARPG_2,4_Medium/4_Medium_5/fps_60,candidate_win,/workspace/src/GFI_docker/compare_outputs/GFI_prediction_region_compare/train_minor_0507_twostage/ARPG_2/candidate_win/ARPG_2_4_Medium_4_Medium_5_fps_60_frame_0770_0772_winner_overlay.png,bmv_hole,9,0.08,Splat Training,FineTuning,44145,0.08515625,0.1963529278513988,0.1400611620795107,0.6635859100690905,20.26990497268728,20.126756506868396,0.1431484658188822,0.056672122329473495,0.05862666666507721
train_minor_0507,ARPG_2_4_Medium_4_Medium_5_fps_60_frame_0770_0772,ARPG_2,4_Medium/4_Medium_5/fps_60,candidate_win,/workspace/src/GFI_docker/compare_outputs/GFI_prediction_region_compare/train_minor_0507_twostage/ARPG_2/candidate_win/ARPG_2_4_Medium_4_Medium_5_fps_60_frame_0770_0772_winner_overlay.png,fmv_hole,9,0.08,Splat Training,FineTuning,40493,0.07811149691358024,0.41152791840565034,0.17084434346677205,0.4176277381275776,19.75879979369185,19.397207212971878,0.3615925807199716,0.06016009300947189,0.06710725277662277
train_minor_0507,ARPG_2_4_Medium_4_Medium_5_fps_60_frame_0770_0772,ARPG_2,4_Medium/4_Medium_5/fps_60,candidate_win,/workspace/src/GFI_docker/compare_outputs/GFI_prediction_region_compare/train_minor_0507_twostage/ARPG_2/candidate_win/ARPG_2_4_Medium_4_Medium_5_fps_60_frame_0770_0772_winner_overlay.png,bmv_many_to_one,9,0.08,Splat Training,FineTuning,1783,0.003439429012345679,0.1514301738642737,0.11441390914189568,0.7341559169938306,15.374108687028835,15.392483602265393,-0.01837491523655821,0.11813753098249435,0.11998137831687927
train_minor_0507,ARPG_2_4_Medium_4_Medium_5_fps_60_frame_0770_0772,ARPG_2,4_Medium/4_Medium_5/fps_60,candidate_win,/workspace/src/GFI_docker/compare_outputs/GFI_prediction_region_compare/train_minor_0507_twostage/ARPG_2/candidate_win/ARPG_2_4_Medium_4_Medium_5_fps_60_frame_0770_0772_winner_overlay.png,fmv_many_to_one,9,0.08,Splat Training,FineTuning,35341,0.06817322530864198,0.16275713760221838,0.12645369400979034,0.7107891683879913,19.613897236304368,19.633427795908958,-0.019530559604589826,0.061521098017692566,0.0620158389210701
train_minor_0507,ARPG_2_4_Medium_4_Medium_5_fps_60_frame_0778_0780,ARPG_2,4_Medium/4_Medium_5/fps_60,candidate_win,/workspace/src/GFI_docker/compare_outputs/GFI_prediction_region_compare/train_minor_0507_twostage/ARPG_2/candidate_win/ARPG_2_4_Medium_4_Medium_5_fps_60_frame_0778_0780_winner_overlay.png,all,9,0.08,Splat Training,FineTuning,518400,1.0,0.12347608024691357,0.07988811728395062,0.7966358024691358,20.537999476858385,20.493277801009818,0.044721675848567344,0.05385227128863335,0.05540040507912636
train_minor_0507,ARPG_2_4_Medium_4_Medium_5_fps_60_frame_0778_0780,ARPG_2,4_Medium/4_Medium_5/fps_60,candidate_win,/workspace/src/GFI_docker/compare_outputs/GFI_prediction_region_compare/train_minor_0507_twostage/ARPG_2/candidate_win/ARPG_2_4_Medium_4_Medium_5_fps_60_frame_0778_0780_winner_overlay.png,hit_both,9,0.08,Splat Training,FineTuning,439837,0.8484510030864197,0.0930253707623506,0.07008960137505485,0.8368850278625946,20.579308862711073,20.60121563975634,-0.02190677704526678,0.053350068628787994,0.053901687264442444
train_minor_0507,ARPG_2_4_Medium_4_Medium_5_fps_60_frame_0778_0780,ARPG_2,4_Medium/4_Medium_5/fps_60,candidate_win,/workspace/src/GFI_docker/compare_outputs/GFI_prediction_region_compare/train_minor_0507_twostage/ARPG_2/candidate_win/ARPG_2_4_Medium_4_Medium_5_fps_60_frame_0778_0780_winner_overlay.png,clean_both_no_hole_no_multi,9,0.08,Splat Training,FineTuning,433505,0.8362364969135803,0.09233803531677835,0.06848594595218048,0.8391760187310412,20.608631088073963,20.624398975523057,-0.015767887449094076,0.05312027782201767,0.0536966435611248
train_minor_0507,ARPG_2_4_Medium_4_Medium_5_fps_60_frame_0778_0780,ARPG_2,4_Medium/4_Medium_5/fps_60,candidate_win,/workspace/src/GFI_docker/compare_outputs/GFI_prediction_region_compare/train_minor_0507_twostage/ARPG_2/candidate_win/ARPG_2_4_Medium_4_Medium_5_fps_60_frame_0778_0780_winner_overlay.png,hole_any,9,0.08,Splat Training,FineTuning,78563,0.15154899691358026,0.2939551697363899,0.13474536359354913,0.5712994666700609,20.31371378725141,19.934044879778426,0.37966890747298265,0.05666380748152733,0.06379110366106033
train_minor_0507,ARPG_2_4_Medium_4_Medium_5_fps_60_frame_0778_0780,ARPG_2,4_Medium/4_Medium_5/fps_60,candidate_win,/workspace/src/GFI_docker/compare_outputs/GFI_prediction_region_compare/train_minor_0507_twostage/ARPG_2/candidate_win/ARPG_2_4_Medium_4_Medium_5_fps_60_frame_0778_0780_winner_overlay.png,many_to_one_any,9,0.08,Splat Training,FineTuning,35695,0.06885609567901235,0.13534108418546015,0.1106037260120465,0.7540551898024933,19.946948180156923,20.067178218811257,-0.12023003865433424,0.05994031950831413,0.06027420237660408
train_minor_0507,ARPG_2_4_Medium_4_Medium_5_fps_60_frame_0778_0780,ARPG_2,4_Medium/4_Medium_5/fps_60,candidate_win,/workspace/src/GFI_docker/compare_outputs/GFI_prediction_region_compare/train_minor_0507_twostage/ARPG_2/candidate_win/ARPG_2_4_Medium_4_Medium_5_fps_60_frame_0778_0780_winner_overlay.png,bmv_hole,9,0.08,Splat Training,FineTuning,43012,0.08297067901234569,0.1693713382311913,0.10327350506835302,0.7273551567004557,20.436543416155803,20.38566161595474,0.05088180020106492,0.05587046965956688,0.05776147544384003
train_minor_0507,ARPG_2_4_Medium_4_Medium_5_fps_60_frame_0778_0780,ARPG_2,4_Medium/4_Medium_5/fps_60,candidate_win,/workspace/src/GFI_docker/compare_outputs/GFI_prediction_region_compare/train_minor_0507_twostage/ARPG_2/candidate_win/ARPG_2_4_Medium_4_Medium_5_fps_60_frame_0778_0780_winner_overlay.png,fmv_hole,9,0.08,Splat Training,FineTuning,40014,0.0771875,0.4489928525016244,0.17401409506672666,0.37699305243164893,20.21292027549969,19.468172524276323,0.7447477512233682,0.05755665525794029,0.0710214152932167
train_minor_0507,ARPG_2_4_Medium_4_Medium_5_fps_60_frame_0778_0780,ARPG_2,4_Medium/4_Medium_5/fps_60,candidate_win,/workspace/src/GFI_docker/compare_outputs/GFI_prediction_region_compare/train_minor_0507_twostage/ARPG_2/candidate_win/ARPG_2_4_Medium_4_Medium_5_fps_60_frame_0778_0780_winner_overlay.png,bmv_many_to_one,9,0.08,Splat Training,FineTuning,1953,0.003767361111111111,0.15821812596006143,0.25140809011776755,0.590373783922171,16.72399513172946,16.81654483375594,-0.09254970202648138,0.10013218969106674,0.10050768405199051
train_minor_0507,ARPG_2_4_Medium_4_Medium_5_fps_60_frame_0778_0780,ARPG_2,4_Medium/4_Medium_5/fps_60,candidate_win,/workspace/src/GFI_docker/compare_outputs/GFI_prediction_region_compare/train_minor_0507_twostage/ARPG_2/candidate_win/ARPG_2_4_Medium_4_Medium_5_fps_60_frame_0778_0780_winner_overlay.png,fmv_many_to_one,9,0.08,Splat Training,FineTuning,33950,0.06548996913580248,0.13440353460972018,0.10427098674521355,0.7613254786450663,20.182330232621325,20.301018924932002,-0.11868869231067691,0.05790198594331741,0.05826103314757347
train_minor_0507,ARPG_2_4_Medium_4_Medium_5_fps_60_frame_0786_0788,ARPG_2,4_Medium/4_Medium_5/fps_60,candidate_win,/workspace/src/GFI_docker/compare_outputs/GFI_prediction_region_compare/train_minor_0507_twostage/ARPG_2/candidate_win/ARPG_2_4_Medium_4_Medium_5_fps_60_frame_0786_0788_winner_overlay.png,all,9,0.08,Splat Training,FineTuning,518400,1.0,0.18064429012345679,0.10372685185185185,0.7156288580246913,20.404365174641587,20.18845544330412,0.21590973133746516,0.053928423672914505,0.05812357738614082
train_minor_0507,ARPG_2_4_Medium_4_Medium_5_fps_60_frame_0786_0788,ARPG_2,4_Medium/4_Medium_5/fps_60,candidate_win,/workspace/src/GFI_docker/compare_outputs/GFI_prediction_region_compare/train_minor_0507_twostage/ARPG_2/candidate_win/ARPG_2_4_Medium_4_Medium_5_fps_60_frame_0786_0788_winner_overlay.png,hit_both,9,0.08,Splat Training,FineTuning,436723,0.8424440586419754,0.147459602539825,0.09146758929573208,0.7610728081644429,20.528146250810423,20.4806582130525,0.04748803775792254,0.05292438715696335,0.055376771837472916
train_minor_0507,ARPG_2_4_Medium_4_Medium_5_fps_60_frame_0786_0788,ARPG_2,4_Medium/4_Medium_5/fps_60,candidate_win,/workspace/src/GFI_docker/compare_outputs/GFI_prediction_region_compare/train_minor_0507_twostage/ARPG_2/candidate_win/ARPG_2_4_Medium_4_Medium_5_fps_60_frame_0786_0788_winner_overlay.png,clean_both_no_hole_no_multi,9,0.08,Splat Training,FineTuning,429120,0.8277777777777777,0.14517384414615958,0.09091862416107382,0.7639075316927666,20.594793732431942,20.56507751274293,0.029716219689010615,0.05256308242678642,0.05491344630718231
train_minor_0507,ARPG_2_4_Medium_4_Medium_5_fps_60_frame_0786_0788,ARPG_2,4_Medium/4_Medium_5/fps_60,candidate_win,/workspace/src/GFI_docker/compare_outputs/GFI_prediction_region_compare/train_minor_0507_twostage/ARPG_2/candidate_win/ARPG_2_4_Medium_4_Medium_5_fps_60_frame_0786_0788_winner_overlay.png,hole_any,9,0.08,Splat Training,FineTuning,81677,0.1575559413580247,0.35808122237594425,0.16927654051936286,0.4726422371046929,19.796454835846234,18.891832050259573,0.9046227855866604,0.05929695442318916,0.07281071692705154
train_minor_0507,ARPG_2_4_Medium_4_Medium_5_fps_60_frame_0786_0788,ARPG_2,4_Medium/4_Medium_5/fps_60,candidate_win,/workspace/src/GFI_docker/compare_outputs/GFI_prediction_region_compare/train_minor_0507_twostage/ARPG_2/candidate_win/ARPG_2_4_Medium_4_Medium_5_fps_60_frame_0786_0788_winner_overlay.png,many_to_one_any,9,0.08,Splat Training,FineTuning,35410,0.06830632716049383,0.21287771815871223,0.12177351030782264,0.6653487715334652,19.501194954349593,19.334229689735288,0.16696526461430494,0.05995451658964157,0.06412817537784576
train_minor_0507,ARPG_2_4_Medium_4_Medium_5_fps_60_frame_0786_0788,ARPG_2,4_Medium/4_Medium_5/fps_60,candidate_win,/workspace/src/GFI_docker/compare_outputs/GFI_prediction_region_compare/train_minor_0507_twostage/ARPG_2/candidate_win/ARPG_2_4_Medium_4_Medium_5_fps_60_frame_0786_0788_winner_overlay.png,bmv_hole,9,0.08,Splat Training,FineTuning,44252,0.08536265432098765,0.2213007321702974,0.12392660218747176,0.6547726656422309,19.947291014001408,19.75842178440925,0.18886922959215724,0.05659319460391998,0.06123892217874527
train_minor_0507,ARPG_2_4_Medium_4_Medium_5_fps_60_frame_0786_0788,ARPG_2,4_Medium/4_Medium_5/fps_60,candidate_win,/workspace/src/GFI_docker/compare_outputs/GFI_prediction_region_compare/train_minor_0507_twostage/ARPG_2/candidate_win/ARPG_2_4_Medium_4_Medium_5_fps_60_frame_0786_0788_winner_overlay.png,fmv_hole,9,0.08,Splat Training,FineTuning,41697,0.08043402777777778,0.5199175000599564,0.22531596997385903,0.2547665299661846,19.587034441985164,18.0589847766882,1.5280496652969653,0.06268415600061417,0.08628787100315094
train_minor_0507,ARPG_2_4_Medium_4_Medium_5_fps_60_frame_0786_0788,ARPG_2,4_Medium/4_Medium_5/fps_60,candidate_win,/workspace/src/GFI_docker/compare_outputs/GFI_prediction_region_compare/train_minor_0507_twostage/ARPG_2/candidate_win/ARPG_2_4_Medium_4_Medium_5_fps_60_frame_0786_0788_winner_overlay.png,bmv_many_to_one,9,0.08,Splat Training,FineTuning,2187,0.00421875,0.3868312757201646,0.20256058527663465,0.41060813900320076,19.283635374161268,18.55654542302863,0.727089951132637,0.07282546162605286,0.08089692145586014
train_minor_0507,ARPG_2_4_Medium_4_Medium_5_fps_60_frame_0786_0788,ARPG_2,4_Medium/4_Medium_5/fps_60,candidate_win,/workspace/src/GFI_docker/compare_outputs/GFI_prediction_region_compare/train_minor_0507_twostage/ARPG_2/candidate_win/ARPG_2_4_Medium_4_Medium_5_fps_60_frame_0786_0788_winner_overlay.png,fmv_many_to_one,9,0.08,Splat Training,FineTuning,33482,0.0645871913580247,0.20455767277940387,0.11609222866017561,0.6793500985604205,19.47075124510196,19.314348069845472,0.1564031752564894,0.059531934559345245,0.06361186504364014
