data_preset,sample_id,record,mode,sample_winner,overlay_path,region,kernel_size,confidence_threshold,candidate_name,baseline_name,pixels,region_ratio,candidate_better_ratio,baseline_better_ratio,neutral_ratio,candidate_psnr,baseline_psnr,psnr_delta_candidate_minus_baseline,candidate_mae,baseline_mae
train_minor_0507,ARPG_3_0_Easy_0_Easy_5_fps_60_frame_0006_0008,ARPG_3,0_Easy/0_Easy_5/fps_60,candidate_win,/workspace/src/GFI_docker/compare_outputs/GFI_prediction_region_compare/train_minor_0507_twostage/ARPG_3/candidate_win/ARPG_3_0_Easy_0_Easy_5_fps_60_frame_0006_0008_winner_overlay.png,all,9,0.08,Splat Training,FineTuning,518400,1.0,0.4453240740740741,0.06160108024691358,0.49307484567901233,24.146542463454907,22.889611068964975,1.256931394489932,0.034596867859363556,0.04330316185951233
train_minor_0507,ARPG_3_0_Easy_0_Easy_5_fps_60_frame_0006_0008,ARPG_3,0_Easy/0_Easy_5/fps_60,candidate_win,/workspace/src/GFI_docker/compare_outputs/GFI_prediction_region_compare/train_minor_0507_twostage/ARPG_3/candidate_win/ARPG_3_0_Easy_0_Easy_5_fps_60_frame_0006_0008_winner_overlay.png,hit_both,9,0.08,Splat Training,FineTuning,493047,0.95109375,0.4478558839218168,0.059310775646135155,0.4928333404320481,24.3585609005953,23.03942578367764,1.3191351169176606,0.03374936804175377,0.04258032143115997
train_minor_0507,ARPG_3_0_Easy_0_Easy_5_fps_60_frame_0006_0008,ARPG_3,0_Easy/0_Easy_5/fps_60,candidate_win,/workspace/src/GFI_docker/compare_outputs/GFI_prediction_region_compare/train_minor_0507_twostage/ARPG_3/candidate_win/ARPG_3_0_Easy_0_Easy_5_fps_60_frame_0006_0008_winner_overlay.png,clean_both_no_hole_no_multi,9,0.08,Splat Training,FineTuning,486151,0.9377912808641975,0.4483421817501147,0.05799021291738575,0.4936676053324996,24.46794022558327,23.12438290788569,1.3435573176975808,0.03347855433821678,0.04231340438127518
train_minor_0507,ARPG_3_0_Easy_0_Easy_5_fps_60_frame_0006_0008,ARPG_3,0_Easy/0_Easy_5/fps_60,candidate_win,/workspace/src/GFI_docker/compare_outputs/GFI_prediction_region_compare/train_minor_0507_twostage/ARPG_3/candidate_win/ARPG_3_0_Easy_0_Easy_5_fps_60_frame_0006_0008_winner_overlay.png,hole_any,9,0.08,Splat Training,FineTuning,25353,0.04890625,0.3960872480574291,0.10614128505502307,0.4977714668875478,21.298664876328854,20.690061030891478,0.6086038454373757,0.05107887089252472,0.05736037716269493
train_minor_0507,ARPG_3_0_Easy_0_Easy_5_fps_60_frame_0006_0008,ARPG_3,0_Easy/0_Easy_5/fps_60,candidate_win,/workspace/src/GFI_docker/compare_outputs/GFI_prediction_region_compare/train_minor_0507_twostage/ARPG_3/candidate_win/ARPG_3_0_Easy_0_Easy_5_fps_60_frame_0006_0008_winner_overlay.png,many_to_one_any,9,0.08,Splat Training,FineTuning,10270,0.019810956790123457,0.3467380720545277,0.1266796494644596,0.5265822784810127,19.969373606080275,19.423643431362663,0.5457301747176118,0.05453908070921898,0.06194067373871803
train_minor_0507,ARPG_3_0_Easy_0_Easy_5_fps_60_frame_0006_0008,ARPG_3,0_Easy/0_Easy_5/fps_60,candidate_win,/workspace/src/GFI_docker/compare_outputs/GFI_prediction_region_compare/train_minor_0507_twostage/ARPG_3/candidate_win/ARPG_3_0_Easy_0_Easy_5_fps_60_frame_0006_0008_winner_overlay.png,bmv_hole,9,0.08,Splat Training,FineTuning,12951,0.024982638888888888,0.46799474944019764,0.07011041618407846,0.4618948343757239,21.029976422779963,20.283617707079948,0.7463587157000156,0.05320950597524643,0.061344847083091736
train_minor_0507,ARPG_3_0_Easy_0_Easy_5_fps_60_frame_0006_0008,ARPG_3,0_Easy/0_Easy_5/fps_60,candidate_win,/workspace/src/GFI_docker/compare_outputs/GFI_prediction_region_compare/train_minor_0507_twostage/ARPG_3/candidate_win/ARPG_3_0_Easy_0_Easy_5_fps_60_frame_0006_0008_winner_overlay.png,fmv_hole,9,0.08,Splat Training,FineTuning,12737,0.02456983024691358,0.31977702755750964,0.14877914736594175,0.5314438250765486,21.56795222991798,21.118230594988454,0.4497216349295279,0.04911273717880249,0.0534062422811985
train_minor_0507,ARPG_3_0_Easy_0_Easy_5_fps_60_frame_0006_0008,ARPG_3,0_Easy/0_Easy_5/fps_60,candidate_win,/workspace/src/GFI_docker/compare_outputs/GFI_prediction_region_compare/train_minor_0507_twostage/ARPG_3/candidate_win/ARPG_3_0_Easy_0_Easy_5_fps_60_frame_0006_0008_winner_overlay.png,bmv_many_to_one,9,0.08,Splat Training,FineTuning,5430,0.010474537037037037,0.35395948434622465,0.1685082872928177,0.47753222836095766,19.307475609007263,19.029945688525757,0.2775299204815056,0.060665395110845566,0.06743629276752472
train_minor_0507,ARPG_3_0_Easy_0_Easy_5_fps_60_frame_0006_0008,ARPG_3,0_Easy/0_Easy_5/fps_60,candidate_win,/workspace/src/GFI_docker/compare_outputs/GFI_prediction_region_compare/train_minor_0507_twostage/ARPG_3/candidate_win/ARPG_3_0_Easy_0_Easy_5_fps_60_frame_0006_0008_winner_overlay.png,fmv_many_to_one,9,0.08,Splat Training,FineTuning,5465,0.010542052469135803,0.34803293687099723,0.08911253430924063,0.5628545288197622,20.475974626284163,19.550126863345284,0.9258477629388793,0.05016594007611275,0.058503009378910065
train_minor_0507,ARPG_3_0_Easy_0_Easy_5_fps_60_frame_0032_0034,ARPG_3,0_Easy/0_Easy_5/fps_60,candidate_win,/workspace/src/GFI_docker/compare_outputs/GFI_prediction_region_compare/train_minor_0507_twostage/ARPG_3/candidate_win/ARPG_3_0_Easy_0_Easy_5_fps_60_frame_0032_0034_winner_overlay.png,all,9,0.08,Splat Training,FineTuning,518400,1.0,0.4474826388888889,0.03521604938271605,0.5173013117283951,24.874646812529267,23.036989842447785,1.8376569700814827,0.029738890007138252,0.0415051095187664
train_minor_0507,ARPG_3_0_Easy_0_Easy_5_fps_60_frame_0032_0034,ARPG_3,0_Easy/0_Easy_5/fps_60,candidate_win,/workspace/src/GFI_docker/compare_outputs/GFI_prediction_region_compare/train_minor_0507_twostage/ARPG_3/candidate_win/ARPG_3_0_Easy_0_Easy_5_fps_60_frame_0032_0034_winner_overlay.png,hit_both,9,0.08,Splat Training,FineTuning,495351,0.9555381944444444,0.4484557414843212,0.03366905487220173,0.5178752036434771,25.07466136190953,23.15866168143704,1.915999680472492,0.02888433448970318,0.040822938084602356
train_minor_0507,ARPG_3_0_Easy_0_Easy_5_fps_60_frame_0032_0034,ARPG_3,0_Easy/0_Easy_5/fps_60,candidate_win,/workspace/src/GFI_docker/compare_outputs/GFI_prediction_region_compare/train_minor_0507_twostage/ARPG_3/candidate_win/ARPG_3_0_Easy_0_Easy_5_fps_60_frame_0032_0034_winner_overlay.png,clean_both_no_hole_no_multi,9,0.08,Splat Training,FineTuning,489024,0.9433333333333334,0.4486344228504123,0.03188596060725036,0.5194796165423374,25.167576148187898,23.226487687720795,1.9410884604671033,0.028668489307165146,0.04062787443399429
train_minor_0507,ARPG_3_0_Easy_0_Easy_5_fps_60_frame_0032_0034,ARPG_3,0_Easy/0_Easy_5/fps_60,candidate_win,/workspace/src/GFI_docker/compare_outputs/GFI_prediction_region_compare/train_minor_0507_twostage/ARPG_3/candidate_win/ARPG_3_0_Easy_0_Easy_5_fps_60_frame_0032_0034_winner_overlay.png,hole_any,9,0.08,Splat Training,FineTuning,23049,0.04446180555555555,0.42656948240704584,0.0684628400364441,0.5049676775565101,21.935884142858917,21.01282695709575,0.9230571857631666,0.048104509711265564,0.05616554245352745
train_minor_0507,ARPG_3_0_Easy_0_Easy_5_fps_60_frame_0032_0034,ARPG_3,0_Easy/0_Easy_5/fps_60,candidate_win,/workspace/src/GFI_docker/compare_outputs/GFI_prediction_region_compare/train_minor_0507_twostage/ARPG_3/candidate_win/ARPG_3_0_Easy_0_Easy_5_fps_60_frame_0032_0034_winner_overlay.png,many_to_one_any,9,0.08,Splat Training,FineTuning,9119,0.017590663580246912,0.354534488430749,0.1352121943195526,0.5102533172496985,20.49755054822907,19.603668942395164,0.8938816058339079,0.051512788981199265,0.06016569212079048
train_minor_0507,ARPG_3_0_Easy_0_Easy_5_fps_60_frame_0032_0034,ARPG_3,0_Easy/0_Easy_5/fps_60,candidate_win,/workspace/src/GFI_docker/compare_outputs/GFI_prediction_region_compare/train_minor_0507_twostage/ARPG_3/candidate_win/ARPG_3_0_Easy_0_Easy_5_fps_60_frame_0032_0034_winner_overlay.png,bmv_hole,9,0.08,Splat Training,FineTuning,11674,0.02251929012345679,0.42144937467877336,0.08617440465992804,0.4923762206612986,21.897806733200426,20.836232283007572,1.061574450192854,0.04755039140582085,0.056298281997442245
train_minor_0507,ARPG_3_0_Easy_0_Easy_5_fps_60_frame_0032_0034,ARPG_3,0_Easy/0_Easy_5/fps_60,candidate_win,/workspace/src/GFI_docker/compare_outputs/GFI_prediction_region_compare/train_minor_0507_twostage/ARPG_3/candidate_win/ARPG_3_0_Easy_0_Easy_5_fps_60_frame_0032_0034_winner_overlay.png,fmv_hole,9,0.08,Splat Training,FineTuning,11742,0.022650462962962963,0.4326349855220576,0.05527167433145972,0.5120933401464827,21.934014245514515,21.097964423953112,0.836049821561403,0.04882779344916344,0.0566713772714138
train_minor_0507,ARPG_3_0_Easy_0_Easy_5_fps_60_frame_0032_0034,ARPG_3,0_Easy/0_Easy_5/fps_60,candidate_win,/workspace/src/GFI_docker/compare_outputs/GFI_prediction_region_compare/train_minor_0507_twostage/ARPG_3/candidate_win/ARPG_3_0_Easy_0_Easy_5_fps_60_frame_0032_0034_winner_overlay.png,bmv_many_to_one,9,0.08,Splat Training,FineTuning,5408,0.010432098765432099,0.38461538461538464,0.1390532544378698,0.47633136094674555,20.362431587011574,19.068777120498517,1.2936544665130576,0.051394205540418625,0.0639379546046257
train_minor_0507,ARPG_3_0_Easy_0_Easy_5_fps_60_frame_0032_0034,ARPG_3,0_Easy/0_Easy_5/fps_60,candidate_win,/workspace/src/GFI_docker/compare_outputs/GFI_prediction_region_compare/train_minor_0507_twostage/ARPG_3/candidate_win/ARPG_3_0_Easy_0_Easy_5_fps_60_frame_0032_0034_winner_overlay.png,fmv_many_to_one,9,0.08,Splat Training,FineTuning,4829,0.00931520061728395,0.357009732863947,0.16297370055912197,0.48001656657693104,21.062203384944297,20.06052755309211,1.001675831852186,0.047994889318943024,0.05602047219872475
train_minor_0507,ARPG_3_0_Easy_0_Easy_5_fps_60_frame_0042_0044,ARPG_3,0_Easy/0_Easy_5/fps_60,candidate_win,/workspace/src/GFI_docker/compare_outputs/GFI_prediction_region_compare/train_minor_0507_twostage/ARPG_3/candidate_win/ARPG_3_0_Easy_0_Easy_5_fps_60_frame_0042_0044_winner_overlay.png,all,9,0.08,Splat Training,FineTuning,518400,1.0,0.4320659722222222,0.03651813271604938,0.5314158950617284,24.54341340386492,22.780761493973237,1.7626519098916837,0.030398009344935417,0.04198254644870758
train_minor_0507,ARPG_3_0_Easy_0_Easy_5_fps_60_frame_0042_0044,ARPG_3,0_Easy/0_Easy_5/fps_60,candidate_win,/workspace/src/GFI_docker/compare_outputs/GFI_prediction_region_compare/train_minor_0507_twostage/ARPG_3/candidate_win/ARPG_3_0_Easy_0_Easy_5_fps_60_frame_0042_0044_winner_overlay.png,hit_both,9,0.08,Splat Training,FineTuning,495964,0.9567206790123457,0.43260397932107975,0.03597640151301304,0.5314196191659072,24.794531962639557,22.93010965708443,1.8644223055551272,0.029513908550143242,0.0413002111017704
train_minor_0507,ARPG_3_0_Easy_0_Easy_5_fps_60_frame_0042_0044,ARPG_3,0_Easy/0_Easy_5/fps_60,candidate_win,/workspace/src/GFI_docker/compare_outputs/GFI_prediction_region_compare/train_minor_0507_twostage/ARPG_3/candidate_win/ARPG_3_0_Easy_0_Easy_5_fps_60_frame_0042_0044_winner_overlay.png,clean_both_no_hole_no_multi,9,0.08,Splat Training,FineTuning,490359,0.9459085648148148,0.43292975146780216,0.035131403726657406,0.5319388448055404,24.94427284743304,23.04019584809381,1.9040769993392317,0.02915732003748417,0.04094472527503967
train_minor_0507,ARPG_3_0_Easy_0_Easy_5_fps_60_frame_0042_0044,ARPG_3,0_Easy/0_Easy_5/fps_60,candidate_win,/workspace/src/GFI_docker/compare_outputs/GFI_prediction_region_compare/train_minor_0507_twostage/ARPG_3/candidate_win/ARPG_3_0_Easy_0_Easy_5_fps_60_frame_0042_0044_winner_overlay.png,hole_any,9,0.08,Splat Training,FineTuning,22436,0.04327932098765432,0.42017293635229097,0.04849349260117668,0.5313335710465323,21.037148145868812,20.357183331680346,0.679964814188466,0.049942027777433395,0.057066258043050766
train_minor_0507,ARPG_3_0_Easy_0_Easy_5_fps_60_frame_0042_0044,ARPG_3,0_Easy/0_Easy_5/fps_60,candidate_win,/workspace/src/GFI_docker/compare_outputs/GFI_prediction_region_compare/train_minor_0507_twostage/ARPG_3/candidate_win/ARPG_3_0_Easy_0_Easy_5_fps_60_frame_0042_0044_winner_overlay.png,many_to_one_any,9,0.08,Splat Training,FineTuning,8716,0.01681327160493827,0.33340982101881594,0.09648921523634695,0.5701009637448371,18.817789312328458,18.023501006038845,0.7942883062896122,0.0634961724281311,0.07322436571121216
train_minor_0507,ARPG_3_0_Easy_0_Easy_5_fps_60_frame_0042_0044,ARPG_3,0_Easy/0_Easy_5/fps_60,candidate_win,/workspace/src/GFI_docker/compare_outputs/GFI_prediction_region_compare/train_minor_0507_twostage/ARPG_3/candidate_win/ARPG_3_0_Easy_0_Easy_5_fps_60_frame_0042_0044_winner_overlay.png,bmv_hole,9,0.08,Splat Training,FineTuning,11383,0.0219579475308642,0.44144777299481686,0.04796626548361592,0.5105859615215672,20.924135686919826,20.17949279636744,0.7446428905523845,0.048362452536821365,0.055658970028162
train_minor_0507,ARPG_3_0_Easy_0_Easy_5_fps_60_frame_0042_0044,ARPG_3,0_Easy/0_Easy_5/fps_60,candidate_win,/workspace/src/GFI_docker/compare_outputs/GFI_prediction_region_compare/train_minor_0507_twostage/ARPG_3/candidate_win/ARPG_3_0_Easy_0_Easy_5_fps_60_frame_0042_0044_winner_overlay.png,fmv_hole,9,0.08,Splat Training,FineTuning,11309,0.02181520061728395,0.40233442391016006,0.04854540631355558,0.5491201697762844,21.026727492596944,20.286283371073942,0.7404441215230015,0.05210692062973976,0.059790775179862976
train_minor_0507,ARPG_3_0_Easy_0_Easy_5_fps_60_frame_0042_0044,ARPG_3,0_Easy/0_Easy_5/fps_60,candidate_win,/workspace/src/GFI_docker/compare_outputs/GFI_prediction_region_compare/train_minor_0507_twostage/ARPG_3/candidate_win/ARPG_3_0_Easy_0_Easy_5_fps_60_frame_0042_0044_winner_overlay.png,bmv_many_to_one,9,0.08,Splat Training,FineTuning,5065,0.009770447530864198,0.3091806515301086,0.10029615004935834,0.590523198420533,18.30697276368598,17.82291084989322,0.4840619137927611,0.06746259331703186,0.07550600171089172
train_minor_0507,ARPG_3_0_Easy_0_Easy_5_fps_60_frame_0042_0044,ARPG_3,0_Easy/0_Easy_5/fps_60,candidate_win,/workspace/src/GFI_docker/compare_outputs/GFI_prediction_region_compare/train_minor_0507_twostage/ARPG_3/candidate_win/ARPG_3_0_Easy_0_Easy_5_fps_60_frame_0042_0044_winner_overlay.png,fmv_many_to_one,9,0.08,Splat Training,FineTuning,4297,0.008288966049382717,0.3569932511054224,0.10216430067488946,0.5408424482196882,19.452326858286533,18.242521181234757,1.2098056770517758,0.06004949286580086,0.07218260318040848
train_minor_0507,ARPG_3_0_Easy_0_Easy_5_fps_60_frame_0048_0050,ARPG_3,0_Easy/0_Easy_5/fps_60,candidate_win,/workspace/src/GFI_docker/compare_outputs/GFI_prediction_region_compare/train_minor_0507_twostage/ARPG_3/candidate_win/ARPG_3_0_Easy_0_Easy_5_fps_60_frame_0048_0050_winner_overlay.png,all,9,0.08,Splat Training,FineTuning,518400,1.0,0.4208545524691358,0.030358796296296297,0.5487866512345679,24.330430600149235,22.667748318045255,1.6626822821039795,0.030829980969429016,0.04225798323750496
train_minor_0507,ARPG_3_0_Easy_0_Easy_5_fps_60_frame_0048_0050,ARPG_3,0_Easy/0_Easy_5/fps_60,candidate_win,/workspace/src/GFI_docker/compare_outputs/GFI_prediction_region_compare/train_minor_0507_twostage/ARPG_3/candidate_win/ARPG_3_0_Easy_0_Easy_5_fps_60_frame_0048_0050_winner_overlay.png,hit_both,9,0.08,Splat Training,FineTuning,495700,0.9562114197530864,0.4252592293726044,0.028146056082307847,0.5465947145450878,24.579353514135192,22.80347160778429,1.7758819063509037,0.02986861765384674,0.04159560054540634
train_minor_0507,ARPG_3_0_Easy_0_Easy_5_fps_60_frame_0048_0050,ARPG_3,0_Easy/0_Easy_5/fps_60,candidate_win,/workspace/src/GFI_docker/compare_outputs/GFI_prediction_region_compare/train_minor_0507_twostage/ARPG_3/candidate_win/ARPG_3_0_Easy_0_Easy_5_fps_60_frame_0048_0050_winner_overlay.png,clean_both_no_hole_no_multi,9,0.08,Splat Training,FineTuning,490268,0.945733024691358,0.4274009317352958,0.02545138577267943,0.5471476824920247,24.7663491097475,22.900946624667164,1.8654024850803381,0.029406355693936348,0.041258666664361954
train_minor_0507,ARPG_3_0_Easy_0_Easy_5_fps_60_frame_0048_0050,ARPG_3,0_Easy/0_Easy_5/fps_60,candidate_win,/workspace/src/GFI_docker/compare_outputs/GFI_prediction_region_compare/train_minor_0507_twostage/ARPG_3/candidate_win/ARPG_3_0_Easy_0_Easy_5_fps_60_frame_0048_0050_winner_overlay.png,hole_any,9,0.08,Splat Training,FineTuning,22700,0.04378858024691358,0.3246696035242291,0.0786784140969163,0.5966519823788546,20.873892784900576,20.43569419405914,0.43819859084143786,0.0518234483897686,0.05672234669327736
train_minor_0507,ARPG_3_0_Easy_0_Easy_5_fps_60_frame_0048_0050,ARPG_3,0_Easy/0_Easy_5/fps_60,candidate_win,/workspace/src/GFI_docker/compare_outputs/GFI_prediction_region_compare/train_minor_0507_twostage/ARPG_3/candidate_win/ARPG_3_0_Easy_0_Easy_5_fps_60_frame_0048_0050_winner_overlay.png,many_to_one_any,9,0.08,Splat Training,FineTuning,8394,0.01619212962962963,0.2008577555396712,0.21074577078865855,0.5883964736716703,18.32347988427103,18.51924677064472,-0.19576688637368989,0.06950046867132187,0.0706808939576149
train_minor_0507,ARPG_3_0_Easy_0_Easy_5_fps_60_frame_0048_0050,ARPG_3,0_Easy/0_Easy_5/fps_60,candidate_win,/workspace/src/GFI_docker/compare_outputs/GFI_prediction_region_compare/train_minor_0507_twostage/ARPG_3/candidate_win/ARPG_3_0_Easy_0_Easy_5_fps_60_frame_0048_0050_winner_overlay.png,bmv_hole,9,0.08,Splat Training,FineTuning,11384,0.021959876543209876,0.4261243851018974,0.061665495432185524,0.5122101194659171,21.28287000253995,20.631861165783867,0.651008836756084,0.04738665744662285,0.054672081023454666
train_minor_0507,ARPG_3_0_Easy_0_Easy_5_fps_60_frame_0048_0050,ARPG_3,0_Easy/0_Easy_5/fps_60,candidate_win,/workspace/src/GFI_docker/compare_outputs/GFI_prediction_region_compare/train_minor_0507_twostage/ARPG_3/candidate_win/ARPG_3_0_Easy_0_Easy_5_fps_60_frame_0048_0050_winner_overlay.png,fmv_hole,9,0.08,Splat Training,FineTuning,11569,0.022316743827160493,0.22897398219379375,0.09629181433140288,0.6747342034748034,20.498327120867405,20.23399727425689,0.26432984661051506,0.05617751553654671,0.05886940285563469
train_minor_0507,ARPG_3_0_Easy_0_Easy_5_fps_60_frame_0048_0050,ARPG_3,0_Easy/0_Easy_5/fps_60,candidate_win,/workspace/src/GFI_docker/compare_outputs/GFI_prediction_region_compare/train_minor_0507_twostage/ARPG_3/candidate_win/ARPG_3_0_Easy_0_Easy_5_fps_60_frame_0048_0050_winner_overlay.png,bmv_many_to_one,9,0.08,Splat Training,FineTuning,4831,0.009319058641975308,0.18857379424549783,0.2345270130407783,0.5768991927137239,18.007005607601084,18.167642872466562,-0.16063726486547836,0.07531046122312546,0.07642580568790436
train_minor_0507,ARPG_3_0_Easy_0_Easy_5_fps_60_frame_0048_0050,ARPG_3,0_Easy/0_Easy_5/fps_60,candidate_win,/workspace/src/GFI_docker/compare_outputs/GFI_prediction_region_compare/train_minor_0507_twostage/ARPG_3/candidate_win/ARPG_3_0_Easy_0_Easy_5_fps_60_frame_0048_0050_winner_overlay.png,fmv_many_to_one,9,0.08,Splat Training,FineTuning,4416,0.008518518518518519,0.2318840579710145,0.21308876811594202,0.5550271739130435,18.756154953112866,19.19154925490363,-0.4353943017907653,0.06331551820039749,0.0629677027463913
train_minor_0507,ARPG_3_0_Easy_0_Easy_5_fps_60_frame_0052_0054,ARPG_3,0_Easy/0_Easy_5/fps_60,candidate_win,/workspace/src/GFI_docker/compare_outputs/GFI_prediction_region_compare/train_minor_0507_twostage/ARPG_3/candidate_win/ARPG_3_0_Easy_0_Easy_5_fps_60_frame_0052_0054_winner_overlay.png,all,9,0.08,Splat Training,FineTuning,518400,1.0,0.44082175925925926,0.02383101851851852,0.5353472222222222,24.571573012871383,22.70843033868308,1.8631426741883033,0.029812553897500038,0.04188225790858269
train_minor_0507,ARPG_3_0_Easy_0_Easy_5_fps_60_frame_0052_0054,ARPG_3,0_Easy/0_Easy_5/fps_60,candidate_win,/workspace/src/GFI_docker/compare_outputs/GFI_prediction_region_compare/train_minor_0507_twostage/ARPG_3/candidate_win/ARPG_3_0_Easy_0_Easy_5_fps_60_frame_0052_0054_winner_overlay.png,hit_both,9,0.08,Splat Training,FineTuning,495901,0.9565991512345678,0.44443346555058366,0.01939096714868492,0.5361755673007313,24.837519603105967,22.82071807957722,2.0168015235287484,0.028781061992049217,0.04126515984535217
train_minor_0507,ARPG_3_0_Easy_0_Easy_5_fps_60_frame_0052_0054,ARPG_3,0_Easy/0_Easy_5/fps_60,candidate_win,/workspace/src/GFI_docker/compare_outputs/GFI_prediction_region_compare/train_minor_0507_twostage/ARPG_3/candidate_win/ARPG_3_0_Easy_0_Easy_5_fps_60_frame_0052_0054_winner_overlay.png,clean_both_no_hole_no_multi,9,0.08,Splat Training,FineTuning,490144,0.9454938271604938,0.44532627146308024,0.017972269373898283,0.5367014591630215,25.03008407955714,22.933014390049205,2.0970696895079364,0.028409745544195175,0.04095979407429695
train_minor_0507,ARPG_3_0_Easy_0_Easy_5_fps_60_frame_0052_0054,ARPG_3,0_Easy/0_Easy_5/fps_60,candidate_win,/workspace/src/GFI_docker/compare_outputs/GFI_prediction_region_compare/train_minor_0507_twostage/ARPG_3/candidate_win/ARPG_3_0_Easy_0_Easy_5_fps_60_frame_0052_0054_winner_overlay.png,hole_any,9,0.08,Splat Training,FineTuning,22499,0.0434008487654321,0.36121605404684654,0.12169429752433442,0.5170896484288191,20.93691008610633,20.77005224875592,0.1668578373504097,0.05254769325256348,0.05548359826207161
train_minor_0507,ARPG_3_0_Easy_0_Easy_5_fps_60_frame_0052_0054,ARPG_3,0_Easy/0_Easy_5/fps_60,candidate_win,/workspace/src/GFI_docker/compare_outputs/GFI_prediction_region_compare/train_minor_0507_twostage/ARPG_3/candidate_win/ARPG_3_0_Easy_0_Easy_5_fps_60_frame_0052_0054_winner_overlay.png,many_to_one_any,9,0.08,Splat Training,FineTuning,8441,0.016282793209876543,0.317853334912925,0.10816253998341428,0.5739841251036607,18.621642968342474,18.183572217414643,0.43807075092783165,0.06064377725124359,0.06780985742807388
train_minor_0507,ARPG_3_0_Easy_0_Easy_5_fps_60_frame_0052_0054,ARPG_3,0_Easy/0_Easy_5/fps_60,candidate_win,/workspace/src/GFI_docker/compare_outputs/GFI_prediction_region_compare/train_minor_0507_twostage/ARPG_3/candidate_win/ARPG_3_0_Easy_0_Easy_5_fps_60_frame_0052_0054_winner_overlay.png,bmv_hole,9,0.08,Splat Training,FineTuning,11618,0.022411265432098766,0.44155620588741606,0.04398347391977965,0.5144603201928043,22.60789920895275,21.537076642656935,1.070822566295817,0.041335344314575195,0.04900430515408516
train_minor_0507,ARPG_3_0_Easy_0_Easy_5_fps_60_frame_0052_0054,ARPG_3,0_Easy/0_Easy_5/fps_60,candidate_win,/workspace/src/GFI_docker/compare_outputs/GFI_prediction_region_compare/train_minor_0507_twostage/ARPG_3/candidate_win/ARPG_3_0_Easy_0_Easy_5_fps_60_frame_0052_0054_winner_overlay.png,fmv_hole,9,0.08,Splat Training,FineTuning,11696,0.02256172839506173,0.2764192886456908,0.1978454172366621,0.5257352941176471,19.626131299413423,19.957641905902854,-0.33151060648943087,0.06518010050058365,0.0635000690817833
train_minor_0507,ARPG_3_0_Easy_0_Easy_5_fps_60_frame_0052_0054,ARPG_3,0_Easy/0_Easy_5/fps_60,candidate_win,/workspace/src/GFI_docker/compare_outputs/GFI_prediction_region_compare/train_minor_0507_twostage/ARPG_3/candidate_win/ARPG_3_0_Easy_0_Easy_5_fps_60_frame_0052_0054_winner_overlay.png,bmv_many_to_one,9,0.08,Splat Training,FineTuning,4970,0.009587191358024692,0.29054325955734406,0.1448692152917505,0.5645875251509054,17.907734908190747,17.719947670766743,0.18778723742400416,0.0682210922241211,0.07407029718160629
train_minor_0507,ARPG_3_0_Easy_0_Easy_5_fps_60_frame_0052_0054,ARPG_3,0_Easy/0_Easy_5/fps_60,candidate_win,/workspace/src/GFI_docker/compare_outputs/GFI_prediction_region_compare/train_minor_0507_twostage/ARPG_3/candidate_win/ARPG_3_0_Easy_0_Easy_5_fps_60_frame_0052_0054_winner_overlay.png,fmv_many_to_one,9,0.08,Splat Training,FineTuning,4679,0.0090258487654321,0.34473178029493484,0.11882880957469545,0.5364394101303698,19.443551830560367,18.778378252445187,0.66517357811518,0.052647143602371216,0.061160486191511154
train_minor_0507,ARPG_3_0_Easy_0_Easy_5_fps_60_frame_0136_0138,ARPG_3,0_Easy/0_Easy_5/fps_60,candidate_win,/workspace/src/GFI_docker/compare_outputs/GFI_prediction_region_compare/train_minor_0507_twostage/ARPG_3/candidate_win/ARPG_3_0_Easy_0_Easy_5_fps_60_frame_0136_0138_winner_overlay.png,all,9,0.08,Splat Training,FineTuning,518400,1.0,0.08183063271604939,0.05934992283950617,0.8588194444444445,23.848465636271186,23.742521969181052,0.10594366709013414,0.030862079933285713,0.031200187280774117
train_minor_0507,ARPG_3_0_Easy_0_Easy_5_fps_60_frame_0136_0138,ARPG_3,0_Easy/0_Easy_5/fps_60,candidate_win,/workspace/src/GFI_docker/compare_outputs/GFI_prediction_region_compare/train_minor_0507_twostage/ARPG_3/candidate_win/ARPG_3_0_Easy_0_Easy_5_fps_60_frame_0136_0138_winner_overlay.png,hit_both,9,0.08,Splat Training,FineTuning,463178,0.8934760802469136,0.07369521004883652,0.05202967325736542,0.8742751166937981,24.286901271033155,24.201129496609962,0.08577177442319339,0.02978949435055256,0.02996680699288845
train_minor_0507,ARPG_3_0_Easy_0_Easy_5_fps_60_frame_0136_0138,ARPG_3,0_Easy/0_Easy_5/fps_60,candidate_win,/workspace/src/GFI_docker/compare_outputs/GFI_prediction_region_compare/train_minor_0507_twostage/ARPG_3/candidate_win/ARPG_3_0_Easy_0_Easy_5_fps_60_frame_0136_0138_winner_overlay.png,clean_both_no_hole_no_multi,9,0.08,Splat Training,FineTuning,454574,0.8768788580246913,0.07103353909374491,0.051401971956161155,0.877564488950094,24.41288290143071,24.36619747851396,0.04668542291674882,0.029450412839651108,0.029518181458115578
train_minor_0507,ARPG_3_0_Easy_0_Easy_5_fps_60_frame_0136_0138,ARPG_3,0_Easy/0_Easy_5/fps_60,candidate_win,/workspace/src/GFI_docker/compare_outputs/GFI_prediction_region_compare/train_minor_0507_twostage/ARPG_3/candidate_win/ARPG_3_0_Easy_0_Easy_5_fps_60_frame_0136_0138_winner_overlay.png,hole_any,9,0.08,Splat Training,FineTuning,55222,0.10652391975308642,0.15006700228169934,0.12074897685704973,0.729184020861251,21.28269202145622,21.09304241699041,0.18964960446581003,0.039858460426330566,0.04154515638947487
train_minor_0507,ARPG_3_0_Easy_0_Easy_5_fps_60_frame_0136_0138,ARPG_3,0_Easy/0_Easy_5/fps_60,candidate_win,/workspace/src/GFI_docker/compare_outputs/GFI_prediction_region_compare/train_minor_0507_twostage/ARPG_3/candidate_win/ARPG_3_0_Easy_0_Easy_5_fps_60_frame_0136_0138_winner_overlay.png,many_to_one_any,9,0.08,Splat Training,FineTuning,28597,0.055163966049382715,0.11364828478511732,0.060076231772563556,0.8262754834423192,22.355645213115494,21.721796395596186,0.6338488175193078,0.03840725123882294,0.04118622466921806
train_minor_0507,ARPG_3_0_Easy_0_Easy_5_fps_60_frame_0136_0138,ARPG_3,0_Easy/0_Easy_5/fps_60,candidate_win,/workspace/src/GFI_docker/compare_outputs/GFI_prediction_region_compare/train_minor_0507_twostage/ARPG_3/candidate_win/ARPG_3_0_Easy_0_Easy_5_fps_60_frame_0136_0138_winner_overlay.png,bmv_hole,9,0.08,Splat Training,FineTuning,29789,0.0574633487654321,0.09332303870556245,0.06720601564335829,0.8394709456510793,19.92318013399197,19.78181001976016,0.14137011423180823,0.048237964510917664,0.04937349259853363
train_minor_0507,ARPG_3_0_Easy_0_Easy_5_fps_60_frame_0136_0138,ARPG_3,0_Easy/0_Easy_5/fps_60,candidate_win,/workspace/src/GFI_docker/compare_outputs/GFI_prediction_region_compare/train_minor_0507_twostage/ARPG_3/candidate_win/ARPG_3_0_Easy_0_Easy_5_fps_60_frame_0136_0138_winner_overlay.png,fmv_hole,9,0.08,Splat Training,FineTuning,27953,0.05392168209876543,0.21800880048653096,0.1839158587629235,0.5980753407505456,23.434394470304454,23.20259169466976,0.2318027756346943,0.030808011069893837,0.03313830867409706
train_minor_0507,ARPG_3_0_Easy_0_Easy_5_fps_60_frame_0136_0138,ARPG_3,0_Easy/0_Easy_5/fps_60,candidate_win,/workspace/src/GFI_docker/compare_outputs/GFI_prediction_region_compare/train_minor_0507_twostage/ARPG_3/candidate_win/ARPG_3_0_Easy_0_Easy_5_fps_60_frame_0136_0138_winner_overlay.png,bmv_many_to_one,9,0.08,Splat Training,FineTuning,2162,0.004170524691358025,0.4047178538390379,0.11748381128584644,0.47779833487511564,16.787520581494014,16.0235852029292,0.7639353785648133,0.07893320918083191,0.09184367209672928
train_minor_0507,ARPG_3_0_Easy_0_Easy_5_fps_60_frame_0136_0138,ARPG_3,0_Easy/0_Easy_5/fps_60,candidate_win,/workspace/src/GFI_docker/compare_outputs/GFI_prediction_region_compare/train_minor_0507_twostage/ARPG_3/candidate_win/ARPG_3_0_Easy_0_Easy_5_fps_60_frame_0136_0138_winner_overlay.png,fmv_many_to_one,9,0.08,Splat Training,FineTuning,26965,0.052015817901234565,0.09708881883923605,0.057444835898386795,0.8454663452623772,23.152264648337116,22.516679566577977,0.6355850817591389,0.0358734205365181,0.03812233358621597
train_minor_0507,ARPG_3_0_Easy_0_Easy_5_fps_60_frame_0256_0258,ARPG_3,0_Easy/0_Easy_5/fps_60,candidate_win,/workspace/src/GFI_docker/compare_outputs/GFI_prediction_region_compare/train_minor_0507_twostage/ARPG_3/candidate_win/ARPG_3_0_Easy_0_Easy_5_fps_60_frame_0256_0258_winner_overlay.png,all,9,0.08,Splat Training,FineTuning,518400,1.0,0.11960841049382716,0.07131944444444445,0.8090721450617284,22.20697941854469,22.201414413686127,0.005565004858564038,0.04490528255701065,0.04551517590880394
train_minor_0507,ARPG_3_0_Easy_0_Easy_5_fps_60_frame_0256_0258,ARPG_3,0_Easy/0_Easy_5/fps_60,candidate_win,/workspace/src/GFI_docker/compare_outputs/GFI_prediction_region_compare/train_minor_0507_twostage/ARPG_3/candidate_win/ARPG_3_0_Easy_0_Easy_5_fps_60_frame_0256_0258_winner_overlay.png,hit_both,9,0.08,Splat Training,FineTuning,468271,0.9033005401234568,0.11082257923296553,0.0639202513074694,0.8252571694595651,22.393501965425877,22.4025010791795,-0.0089991137536245,0.043652649968862534,0.04415588080883026
train_minor_0507,ARPG_3_0_Easy_0_Easy_5_fps_60_frame_0256_0258,ARPG_3,0_Easy/0_Easy_5/fps_60,candidate_win,/workspace/src/GFI_docker/compare_outputs/GFI_prediction_region_compare/train_minor_0507_twostage/ARPG_3/candidate_win/ARPG_3_0_Easy_0_Easy_5_fps_60_frame_0256_0258_winner_overlay.png,clean_both_no_hole_no_multi,9,0.08,Splat Training,FineTuning,460250,0.8878279320987654,0.10992504073872895,0.0613188484519283,0.8287561108093427,22.484715374488893,22.479178219547457,0.005537154941436029,0.04330776259303093,0.04382343217730522
train_minor_0507,ARPG_3_0_Easy_0_Easy_5_fps_60_frame_0256_0258,ARPG_3,0_Easy/0_Easy_5/fps_60,candidate_win,/workspace/src/GFI_docker/compare_outputs/GFI_prediction_region_compare/train_minor_0507_twostage/ARPG_3/candidate_win/ARPG_3_0_Easy_0_Easy_5_fps_60_frame_0256_0258_winner_overlay.png,hole_any,9,0.08,Splat Training,FineTuning,50129,0.09669945987654321,0.20167966646053181,0.14043767080931197,0.6578826627301562,20.76839078350346,20.6704001231064,0.09799066039705906,0.0566064827144146,0.05821279436349869
train_minor_0507,ARPG_3_0_Easy_0_Easy_5_fps_60_frame_0256_0258,ARPG_3,0_Easy/0_Easy_5/fps_60,candidate_win,/workspace/src/GFI_docker/compare_outputs/GFI_prediction_region_compare/train_minor_0507_twostage/ARPG_3/candidate_win/ARPG_3_0_Easy_0_Easy_5_fps_60_frame_0256_0258_winner_overlay.png,many_to_one_any,9,0.08,Splat Training,FineTuning,26426,0.05097608024691358,0.13978657382880497,0.11848179822901687,0.7417316279421782,20.168042150935705,20.28425590084277,-0.11621374990706457,0.05931660532951355,0.06026546657085419
train_minor_0507,ARPG_3_0_Easy_0_Easy_5_fps_60_frame_0256_0258,ARPG_3,0_Easy/0_Easy_5/fps_60,candidate_win,/workspace/src/GFI_docker/compare_outputs/GFI_prediction_region_compare/train_minor_0507_twostage/ARPG_3/candidate_win/ARPG_3_0_Easy_0_Easy_5_fps_60_frame_0256_0258_winner_overlay.png,bmv_hole,9,0.08,Splat Training,FineTuning,26812,0.05172067901234568,0.14933611815604952,0.09812770401312845,0.752536177830822,20.602036991782814,20.535382055704844,0.06665493607797046,0.05841897055506706,0.05980284512042999
train_minor_0507,ARPG_3_0_Easy_0_Easy_5_fps_60_frame_0256_0258,ARPG_3,0_Easy/0_Easy_5/fps_60,candidate_win,/workspace/src/GFI_docker/compare_outputs/GFI_prediction_region_compare/train_minor_0507_twostage/ARPG_3/candidate_win/ARPG_3_0_Easy_0_Easy_5_fps_60_frame_0256_0258_winner_overlay.png,fmv_hole,9,0.08,Splat Training,FineTuning,25491,0.049172453703703704,0.2611902240006277,0.19155780471538975,0.5472519712839826,20.87629780985329,20.74134023043611,0.13495757941718267,0.055228717625141144,0.05700281634926796
train_minor_0507,ARPG_3_0_Easy_0_Easy_5_fps_60_frame_0256_0258,ARPG_3,0_Easy/0_Easy_5/fps_60,candidate_win,/workspace/src/GFI_docker/compare_outputs/GFI_prediction_region_compare/train_minor_0507_twostage/ARPG_3/candidate_win/ARPG_3_0_Easy_0_Easy_5_fps_60_frame_0256_0258_winner_overlay.png,bmv_many_to_one,9,0.08,Splat Training,FineTuning,2785,0.0053722993827160495,0.18456014362657092,0.2718132854578097,0.5436265709156194,16.64898934362656,17.094612279126174,-0.44562293549961396,0.08454301953315735,0.08305839449167252
train_minor_0507,ARPG_3_0_Easy_0_Easy_5_fps_60_frame_0256_0258,ARPG_3,0_Easy/0_Easy_5/fps_60,candidate_win,/workspace/src/GFI_docker/compare_outputs/GFI_prediction_region_compare/train_minor_0507_twostage/ARPG_3/candidate_win/ARPG_3_0_Easy_0_Easy_5_fps_60_frame_0256_0258_winner_overlay.png,fmv_many_to_one,9,0.08,Splat Training,FineTuning,24002,0.046300154320987656,0.13548870927422715,0.1046996083659695,0.7598116823598033,20.561431439625313,20.603886066796946,-0.042454627171633064,0.05762558802962303,0.0588093139231205
train_minor_0507,ARPG_3_0_Easy_0_Easy_5_fps_60_frame_0262_0264,ARPG_3,0_Easy/0_Easy_5/fps_60,candidate_win,/workspace/src/GFI_docker/compare_outputs/GFI_prediction_region_compare/train_minor_0507_twostage/ARPG_3/candidate_win/ARPG_3_0_Easy_0_Easy_5_fps_60_frame_0262_0264_winner_overlay.png,all,9,0.08,Splat Training,FineTuning,518400,1.0,0.11139660493827161,0.07684220679012346,0.8117611882716049,22.28101797461822,22.27872447139482,0.0022935032233988295,0.04452778771519661,0.045210763812065125
train_minor_0507,ARPG_3_0_Easy_0_Easy_5_fps_60_frame_0262_0264,ARPG_3,0_Easy/0_Easy_5/fps_60,candidate_win,/workspace/src/GFI_docker/compare_outputs/GFI_prediction_region_compare/train_minor_0507_twostage/ARPG_3/candidate_win/ARPG_3_0_Easy_0_Easy_5_fps_60_frame_0262_0264_winner_overlay.png,hit_both,9,0.08,Splat Training,FineTuning,468522,0.9037847222222222,0.10024502584723877,0.07053884342677612,0.8292161307259851,22.441010114984064,22.44896511049989,-0.00795499551582779,0.04339763522148132,0.043898582458496094
train_minor_0507,ARPG_3_0_Easy_0_Easy_5_fps_60_frame_0262_0264,ARPG_3,0_Easy/0_Easy_5/fps_60,candidate_win,/workspace/src/GFI_docker/compare_outputs/GFI_prediction_region_compare/train_minor_0507_twostage/ARPG_3/candidate_win/ARPG_3_0_Easy_0_Easy_5_fps_60_frame_0262_0264_winner_overlay.png,clean_both_no_hole_no_multi,9,0.08,Splat Training,FineTuning,460098,0.8875347222222222,0.09762485383548722,0.07021764928341354,0.8321574968810992,22.512649287094362,22.532571140317444,-0.019921853223081598,0.04313071072101593,0.04357193410396576
train_minor_0507,ARPG_3_0_Easy_0_Easy_5_fps_60_frame_0262_0264,ARPG_3,0_Easy/0_Easy_5/fps_60,candidate_win,/workspace/src/GFI_docker/compare_outputs/GFI_prediction_region_compare/train_minor_0507_twostage/ARPG_3/candidate_win/ARPG_3_0_Easy_0_Easy_5_fps_60_frame_0262_0264_winner_overlay.png,hole_any,9,0.08,Splat Training,FineTuning,49878,0.09621527777777777,0.21614739965515858,0.13605196679898954,0.6478006335458519,21.010770848933007,20.939848418225292,0.07092243070771431,0.05514375492930412,0.057536520063877106
train_minor_0507,ARPG_3_0_Easy_0_Easy_5_fps_60_frame_0262_0264,ARPG_3,0_Easy/0_Easy_5/fps_60,candidate_win,/workspace/src/GFI_docker/compare_outputs/GFI_prediction_region_compare/train_minor_0507_twostage/ARPG_3/candidate_win/ARPG_3_0_Easy_0_Easy_5_fps_60_frame_0262_0264_winner_overlay.png,many_to_one_any,9,0.08,Splat Training,FineTuning,26520,0.05115740740740741,0.15520361990950227,0.07394419306184012,0.7708521870286577,20.4750377927874,20.29009683565427,0.1849409571331293,0.05706479027867317,0.059468403458595276
train_minor_0507,ARPG_3_0_Easy_0_Easy_5_fps_60_frame_0262_0264,ARPG_3,0_Easy/0_Easy_5/fps_60,candidate_win,/workspace/src/GFI_docker/compare_outputs/GFI_prediction_region_compare/train_minor_0507_twostage/ARPG_3/candidate_win/ARPG_3_0_Easy_0_Easy_5_fps_60_frame_0262_0264_winner_overlay.png,bmv_hole,9,0.08,Splat Training,FineTuning,26769,0.05163773148148148,0.15002428181852143,0.07912137173596324,0.7708543464455153,20.932965315973206,20.82307843492725,0.10988688104595568,0.05597831681370735,0.0579625740647316
train_minor_0507,ARPG_3_0_Easy_0_Easy_5_fps_60_frame_0262_0264,ARPG_3,0_Easy/0_Easy_5/fps_60,candidate_win,/workspace/src/GFI_docker/compare_outputs/GFI_prediction_region_compare/train_minor_0507_twostage/ARPG_3/candidate_win/ARPG_3_0_Easy_0_Easy_5_fps_60_frame_0262_0264_winner_overlay.png,fmv_hole,9,0.08,Splat Training,FineTuning,25368,0.048935185185185186,0.2915878271838537,0.20245979186376536,0.5059523809523809,21.08983071400536,21.055879847355037,0.0339508666503221,0.054406147450208664,0.057268690317869186
train_minor_0507,ARPG_3_0_Easy_0_Easy_5_fps_60_frame_0262_0264,ARPG_3,0_Easy/0_Easy_5/fps_60,candidate_win,/workspace/src/GFI_docker/compare_outputs/GFI_prediction_region_compare/train_minor_0507_twostage/ARPG_3/candidate_win/ARPG_3_0_Easy_0_Easy_5_fps_60_frame_0262_0264_winner_overlay.png,bmv_many_to_one,9,0.08,Splat Training,FineTuning,2846,0.005489969135802469,0.3225579761068166,0.1050597329585383,0.5723822909346451,18.557166268902222,18.078897901456536,0.47826836744568624,0.06507562845945358,0.07129741460084915
train_minor_0507,ARPG_3_0_Easy_0_Easy_5_fps_60_frame_0262_0264,ARPG_3,0_Easy/0_Easy_5/fps_60,candidate_win,/workspace/src/GFI_docker/compare_outputs/GFI_prediction_region_compare/train_minor_0507_twostage/ARPG_3/candidate_win/ARPG_3_0_Easy_0_Easy_5_fps_60_frame_0262_0264_winner_overlay.png,fmv_many_to_one,9,0.08,Splat Training,FineTuning,24031,0.046356095679012346,0.14056843244142983,0.07078357122050684,0.7886479963380634,20.66581064647313,20.520310555900867,0.14550009057226276,0.056601833552122116,0.05867421254515648
train_minor_0507,ARPG_3_0_Easy_0_Easy_5_fps_60_frame_0382_0384,ARPG_3,0_Easy/0_Easy_5/fps_60,candidate_win,/workspace/src/GFI_docker/compare_outputs/GFI_prediction_region_compare/train_minor_0507_twostage/ARPG_3/candidate_win/ARPG_3_0_Easy_0_Easy_5_fps_60_frame_0382_0384_winner_overlay.png,all,9,0.08,Splat Training,FineTuning,518400,1.0,0.4116087962962963,0.04928240740740741,0.5391087962962963,25.043115908699328,23.762227816601996,1.2808880920973316,0.028164511546492577,0.03665550798177719
train_minor_0507,ARPG_3_0_Easy_0_Easy_5_fps_60_frame_0382_0384,ARPG_3,0_Easy/0_Easy_5/fps_60,candidate_win,/workspace/src/GFI_docker/compare_outputs/GFI_prediction_region_compare/train_minor_0507_twostage/ARPG_3/candidate_win/ARPG_3_0_Easy_0_Easy_5_fps_60_frame_0382_0384_winner_overlay.png,hit_both,9,0.08,Splat Training,FineTuning,491408,0.947932098765432,0.411104418324488,0.04831830169635008,0.5405772799791619,25.315956092711488,23.966084490371,1.3498716023404889,0.027310682460665703,0.035927873104810715
train_minor_0507,ARPG_3_0_Easy_0_Easy_5_fps_60_frame_0382_0384,ARPG_3,0_Easy/0_Easy_5/fps_60,candidate_win,/workspace/src/GFI_docker/compare_outputs/GFI_prediction_region_compare/train_minor_0507_twostage/ARPG_3/candidate_win/ARPG_3_0_Easy_0_Easy_5_fps_60_frame_0382_0384_winner_overlay.png,clean_both_no_hole_no_multi,9,0.08,Splat Training,FineTuning,482383,0.930522762345679,0.4111546219497785,0.04763227559843527,0.5412131024517862,25.556192137944738,24.196140764104808,1.36005137383993,0.02677120454609394,0.03532504290342331
train_minor_0507,ARPG_3_0_Easy_0_Easy_5_fps_60_frame_0382_0384,ARPG_3,0_Easy/0_Easy_5/fps_60,candidate_win,/workspace/src/GFI_docker/compare_outputs/GFI_prediction_region_compare/train_minor_0507_twostage/ARPG_3/candidate_win/ARPG_3_0_Easy_0_Easy_5_fps_60_frame_0382_0384_winner_overlay.png,hole_any,9,0.08,Splat Training,FineTuning,26992,0.0520679012345679,0.4207913455838767,0.06683461766449318,0.5123740367516301,21.803242669307554,21.126306581991926,0.676936087315628,0.043709006160497665,0.04990290477871895
train_minor_0507,ARPG_3_0_Easy_0_Easy_5_fps_60_frame_0382_0384,ARPG_3,0_Easy/0_Easy_5/fps_60,candidate_win,/workspace/src/GFI_docker/compare_outputs/GFI_prediction_region_compare/train_minor_0507_twostage/ARPG_3/candidate_win/ARPG_3_0_Easy_0_Easy_5_fps_60_frame_0382_0384_winner_overlay.png,many_to_one_any,9,0.08,Splat Training,FineTuning,12539,0.024187885802469136,0.3465986123295319,0.07361033575245235,0.5797910519180158,19.074601550065353,18.05536511557076,1.0192364344945943,0.05891641601920128,0.06961328536272049
train_minor_0507,ARPG_3_0_Easy_0_Easy_5_fps_60_frame_0382_0384,ARPG_3,0_Easy/0_Easy_5/fps_60,candidate_win,/workspace/src/GFI_docker/compare_outputs/GFI_prediction_region_compare/train_minor_0507_twostage/ARPG_3/candidate_win/ARPG_3_0_Easy_0_Easy_5_fps_60_frame_0382_0384_winner_overlay.png,bmv_hole,9,0.08,Splat Training,FineTuning,13789,0.0265991512345679,0.4546377547320328,0.039306693741388066,0.5060555515265791,21.7087451813401,21.02290610269327,0.6858390786468291,0.0442020408809185,0.0506606362760067
train_minor_0507,ARPG_3_0_Easy_0_Easy_5_fps_60_frame_0382_0384,ARPG_3,0_Easy/0_Easy_5/fps_60,candidate_win,/workspace/src/GFI_docker/compare_outputs/GFI_prediction_region_compare/train_minor_0507_twostage/ARPG_3/candidate_win/ARPG_3_0_Easy_0_Easy_5_fps_60_frame_0382_0384_winner_overlay.png,fmv_hole,9,0.08,Splat Training,FineTuning,13682,0.026392746913580248,0.38978219558544075,0.09450372752521562,0.5157140768893437,21.85391553432123,21.12540658637542,0.7285089479458122,0.04372788965702057,0.04997558891773224
train_minor_0507,ARPG_3_0_Easy_0_Easy_5_fps_60_frame_0382_0384,ARPG_3,0_Easy/0_Easy_5/fps_60,candidate_win,/workspace/src/GFI_docker/compare_outputs/GFI_prediction_region_compare/train_minor_0507_twostage/ARPG_3/candidate_win/ARPG_3_0_Easy_0_Easy_5_fps_60_frame_0382_0384_winner_overlay.png,bmv_many_to_one,9,0.08,Splat Training,FineTuning,6957,0.01342013888888889,0.33347707345120026,0.08566911024867041,0.5808538163001293,17.82672480698619,17.069805212971726,0.7569195940144624,0.07213856279850006,0.08156190067529678
train_minor_0507,ARPG_3_0_Easy_0_Easy_5_fps_60_frame_0382_0384,ARPG_3,0_Easy/0_Easy_5/fps_60,candidate_win,/workspace/src/GFI_docker/compare_outputs/GFI_prediction_region_compare/train_minor_0507_twostage/ARPG_3/candidate_win/ARPG_3_0_Easy_0_Easy_5_fps_60_frame_0382_0384_winner_overlay.png,fmv_many_to_one,9,0.08,Splat Training,FineTuning,6551,0.01263695987654321,0.3935277056937872,0.0587696534880171,0.5477026408181956,21.045710595312826,19.314037223178257,1.7316733721345692,0.04458392411470413,0.05796590819954872
train_minor_0507,ARPG_3_0_Easy_0_Easy_5_fps_60_frame_0442_0444,ARPG_3,0_Easy/0_Easy_5/fps_60,candidate_win,/workspace/src/GFI_docker/compare_outputs/GFI_prediction_region_compare/train_minor_0507_twostage/ARPG_3/candidate_win/ARPG_3_0_Easy_0_Easy_5_fps_60_frame_0442_0444_winner_overlay.png,all,9,0.08,Splat Training,FineTuning,518400,1.0,0.27686728395061727,0.3447183641975309,0.37841435185185185,39.475034739688134,38.546900103790264,0.9281346358978695,0.001408976037055254,0.0014538344694301486
train_minor_0507,ARPG_3_0_Easy_0_Easy_5_fps_60_frame_0442_0444,ARPG_3,0_Easy/0_Easy_5/fps_60,candidate_win,/workspace/src/GFI_docker/compare_outputs/GFI_prediction_region_compare/train_minor_0507_twostage/ARPG_3/candidate_win/ARPG_3_0_Easy_0_Easy_5_fps_60_frame_0442_0444_winner_overlay.png,hit_both,9,0.08,Splat Training,FineTuning,516972,0.9972453703703704,0.2761793675479523,0.34503802913890885,0.37878260331313884,41.35312241511503,40.180208780022596,1.172913635092435,0.0012272137682884932,0.001250572851859033
train_minor_0507,ARPG_3_0_Easy_0_Easy_5_fps_60_frame_0442_0444,ARPG_3,0_Easy/0_Easy_5/fps_60,candidate_win,/workspace/src/GFI_docker/compare_outputs/GFI_prediction_region_compare/train_minor_0507_twostage/ARPG_3/candidate_win/ARPG_3_0_Easy_0_Easy_5_fps_60_frame_0442_0444_winner_overlay.png,clean_both_no_hole_no_multi,9,0.08,Splat Training,FineTuning,515933,0.9952411265432098,0.27544467983245885,0.3454285730899167,0.3791267470776244,42.48608687594839,41.95453806484542,0.5315488111029651,0.0011370808351784945,0.001116193481720984
train_minor_0507,ARPG_3_0_Easy_0_Easy_5_fps_60_frame_0442_0444,ARPG_3,0_Easy/0_Easy_5/fps_60,candidate_win,/workspace/src/GFI_docker/compare_outputs/GFI_prediction_region_compare/train_minor_0507_twostage/ARPG_3/candidate_win/ARPG_3_0_Easy_0_Easy_5_fps_60_frame_0442_0444_winner_overlay.png,hole_any,9,0.08,Splat Training,FineTuning,1428,0.0027546296296296294,0.5259103641456583,0.22899159663865545,0.24509803921568626,18.39954541085657,17.959653984688366,0.43989142616820587,0.0672113299369812,0.0750398188829422
train_minor_0507,ARPG_3_0_Easy_0_Easy_5_fps_60_frame_0442_0444,ARPG_3,0_Easy/0_Easy_5/fps_60,candidate_win,/workspace/src/GFI_docker/compare_outputs/GFI_prediction_region_compare/train_minor_0507_twostage/ARPG_3/candidate_win/ARPG_3_0_Easy_0_Easy_5_fps_60_frame_0442_0444_winner_overlay.png,many_to_one_any,9,0.08,Splat Training,FineTuning,1335,0.0025752314814814813,0.6089887640449438,0.16029962546816479,0.23071161048689137,19.77436497011491,17.47339453815036,2.3009704319645508,0.05314141884446144,0.0742189958691597
train_minor_0507,ARPG_3_0_Easy_0_Easy_5_fps_60_frame_0442_0444,ARPG_3,0_Easy/0_Easy_5/fps_60,candidate_win,/workspace/src/GFI_docker/compare_outputs/GFI_prediction_region_compare/train_minor_0507_twostage/ARPG_3/candidate_win/ARPG_3_0_Easy_0_Easy_5_fps_60_frame_0442_0444_winner_overlay.png,bmv_hole,9,0.08,Splat Training,FineTuning,742,0.0014313271604938272,0.5363881401617251,0.2371967654986523,0.22641509433962265,17.847785801079795,17.7604782057312,0.08730759534859445,0.07307048887014389,0.07711361348628998
train_minor_0507,ARPG_3_0_Easy_0_Easy_5_fps_60_frame_0442_0444,ARPG_3,0_Easy/0_Easy_5/fps_60,candidate_win,/workspace/src/GFI_docker/compare_outputs/GFI_prediction_region_compare/train_minor_0507_twostage/ARPG_3/candidate_win/ARPG_3_0_Easy_0_Easy_5_fps_60_frame_0442_0444_winner_overlay.png,fmv_hole,9,0.08,Splat Training,FineTuning,743,0.001433256172839506,0.5154777927321669,0.22207267833109018,0.26244952893674295,18.239366328922447,17.56042861404103,0.6789377148814175,0.06835915893316269,0.07989867031574249
train_minor_0507,ARPG_3_0_Easy_0_Easy_5_fps_60_frame_0442_0444,ARPG_3,0_Easy/0_Easy_5/fps_60,candidate_win,/workspace/src/GFI_docker/compare_outputs/GFI_prediction_region_compare/train_minor_0507_twostage/ARPG_3/candidate_win/ARPG_3_0_Easy_0_Easy_5_fps_60_frame_0442_0444_winner_overlay.png,bmv_many_to_one,9,0.08,Splat Training,FineTuning,704,0.0013580246913580246,0.5553977272727273,0.1747159090909091,0.26988636363636365,19.446376952860106,17.96064422826557,1.4857327245945378,0.054918672889471054,0.06823381036520004
train_minor_0507,ARPG_3_0_Easy_0_Easy_5_fps_60_frame_0442_0444,ARPG_3,0_Easy/0_Easy_5/fps_60,candidate_win,/workspace/src/GFI_docker/compare_outputs/GFI_prediction_region_compare/train_minor_0507_twostage/ARPG_3/candidate_win/ARPG_3_0_Easy_0_Easy_5_fps_60_frame_0442_0444_winner_overlay.png,fmv_many_to_one,9,0.08,Splat Training,FineTuning,709,0.0013676697530864198,0.6755994358251057,0.1368124118476728,0.18758815232722145,19.923022775649336,16.928770505379653,2.9942522702696834,0.053860269486904144,0.08205795288085938
train_minor_0507,ARPG_3_0_Easy_0_Easy_5_fps_60_frame_0444_0446,ARPG_3,0_Easy/0_Easy_5/fps_60,candidate_win,/workspace/src/GFI_docker/compare_outputs/GFI_prediction_region_compare/train_minor_0507_twostage/ARPG_3/candidate_win/ARPG_3_0_Easy_0_Easy_5_fps_60_frame_0444_0446_winner_overlay.png,all,9,0.08,Splat Training,FineTuning,518400,1.0,0.2796122685185185,0.4250733024691358,0.29531442901234567,39.958467377323146,39.000898953101306,0.9575684242218401,0.0011937383096665144,0.0012109859380871058
train_minor_0507,ARPG_3_0_Easy_0_Easy_5_fps_60_frame_0444_0446,ARPG_3,0_Easy/0_Easy_5/fps_60,candidate_win,/workspace/src/GFI_docker/compare_outputs/GFI_prediction_region_compare/train_minor_0507_twostage/ARPG_3/candidate_win/ARPG_3_0_Easy_0_Easy_5_fps_60_frame_0444_0446_winner_overlay.png,hit_both,9,0.08,Splat Training,FineTuning,516779,0.9968730709876543,0.27872843130235553,0.42566551659413404,0.2956060521035104,42.227029860440524,40.982612070703475,1.2444177897370494,0.0010018746834248304,0.0009960667230188847
train_minor_0507,ARPG_3_0_Easy_0_Easy_5_fps_60_frame_0444_0446,ARPG_3,0_Easy/0_Easy_5/fps_60,candidate_win,/workspace/src/GFI_docker/compare_outputs/GFI_prediction_region_compare/train_minor_0507_twostage/ARPG_3/candidate_win/ARPG_3_0_Easy_0_Easy_5_fps_60_frame_0444_0446_winner_overlay.png,clean_both_no_hole_no_multi,9,0.08,Splat Training,FineTuning,515669,0.9947318672839506,0.2779980956776537,0.4262288405934815,0.29577306372886486,43.538352684477964,42.73669693133972,0.8016557531382418,0.0009137184242717922,0.0008636889979243279
train_minor_0507,ARPG_3_0_Easy_0_Easy_5_fps_60_frame_0444_0446,ARPG_3,0_Easy/0_Easy_5/fps_60,candidate_win,/workspace/src/GFI_docker/compare_outputs/GFI_prediction_region_compare/train_minor_0507_twostage/ARPG_3/candidate_win/ARPG_3_0_Easy_0_Easy_5_fps_60_frame_0444_0446_winner_overlay.png,hole_any,9,0.08,Splat Training,FineTuning,1621,0.003126929012345679,0.5613818630475016,0.23627390499691547,0.202344231955583,18.795250545834858,18.289338920868296,0.5059116249665614,0.06236043944954872,0.06972779333591461
train_minor_0507,ARPG_3_0_Easy_0_Easy_5_fps_60_frame_0444_0446,ARPG_3,0_Easy/0_Easy_5/fps_60,candidate_win,/workspace/src/GFI_docker/compare_outputs/GFI_prediction_region_compare/train_minor_0507_twostage/ARPG_3/candidate_win/ARPG_3_0_Easy_0_Easy_5_fps_60_frame_0444_0446_winner_overlay.png,many_to_one_any,9,0.08,Splat Training,FineTuning,1451,0.002798996913580247,0.6016540317022743,0.160578911095796,0.2377670572019297,20.211732719066006,18.496467236412848,1.7152654826531588,0.049411945044994354,0.06741981208324432
train_minor_0507,ARPG_3_0_Easy_0_Easy_5_fps_60_frame_0444_0446,ARPG_3,0_Easy/0_Easy_5/fps_60,candidate_win,/workspace/src/GFI_docker/compare_outputs/GFI_prediction_region_compare/train_minor_0507_twostage/ARPG_3/candidate_win/ARPG_3_0_Easy_0_Easy_5_fps_60_frame_0444_0446_winner_overlay.png,bmv_hole,9,0.08,Splat Training,FineTuning,833,0.0016068672839506172,0.5738295318127251,0.23529411764705882,0.1908763505402161,19.700467687212754,18.913597283855704,0.7868704033570495,0.05345824733376503,0.06253011524677277
train_minor_0507,ARPG_3_0_Easy_0_Easy_5_fps_60_frame_0444_0446,ARPG_3,0_Easy/0_Easy_5/fps_60,candidate_win,/workspace/src/GFI_docker/compare_outputs/GFI_prediction_region_compare/train_minor_0507_twostage/ARPG_3/candidate_win/ARPG_3_0_Easy_0_Easy_5_fps_60_frame_0444_0446_winner_overlay.png,fmv_hole,9,0.08,Splat Training,FineTuning,840,0.0016203703703703703,0.555952380952381,0.23095238095238096,0.2130952380952381,17.59833531927597,17.3674609542752,0.23087436500077274,0.07613757252693176,0.08213351666927338
train_minor_0507,ARPG_3_0_Easy_0_Easy_5_fps_60_frame_0444_0446,ARPG_3,0_Easy/0_Easy_5/fps_60,candidate_win,/workspace/src/GFI_docker/compare_outputs/GFI_prediction_region_compare/train_minor_0507_twostage/ARPG_3/candidate_win/ARPG_3_0_Easy_0_Easy_5_fps_60_frame_0444_0446_winner_overlay.png,bmv_many_to_one,9,0.08,Splat Training,FineTuning,773,0.0014911265432098766,0.5653298835705045,0.1759379042690815,0.258732212160414,20.493856925633782,18.685419367588423,1.8084375580453589,0.047512028366327286,0.06393560022115707
train_minor_0507,ARPG_3_0_Easy_0_Easy_5_fps_60_frame_0444_0446,ARPG_3,0_Easy/0_Easy_5/fps_60,candidate_win,/workspace/src/GFI_docker/compare_outputs/GFI_prediction_region_compare/train_minor_0507_twostage/ARPG_3/candidate_win/ARPG_3_0_Easy_0_Easy_5_fps_60_frame_0444_0446_winner_overlay.png,fmv_many_to_one,9,0.08,Splat Training,FineTuning,807,0.0015567129629629629,0.6505576208178439,0.15489467162329615,0.19454770755885997,19.817186475104414,18.45441692449461,1.362769550609805,0.052136942744255066,0.0692259669303894
train_minor_0507,ARPG_3_0_Easy_0_Easy_5_fps_60_frame_0450_0452,ARPG_3,0_Easy/0_Easy_5/fps_60,candidate_win,/workspace/src/GFI_docker/compare_outputs/GFI_prediction_region_compare/train_minor_0507_twostage/ARPG_3/candidate_win/ARPG_3_0_Easy_0_Easy_5_fps_60_frame_0450_0452_winner_overlay.png,all,9,0.08,Splat Training,FineTuning,518400,1.0,0.21194444444444444,0.4996585648148148,0.28839699074074077,39.51701914034501,38.6742513524726,0.8427677878724111,0.001004079938866198,0.0009672296000644565
train_minor_0507,ARPG_3_0_Easy_0_Easy_5_fps_60_frame_0450_0452,ARPG_3,0_Easy/0_Easy_5/fps_60,candidate_win,/workspace/src/GFI_docker/compare_outputs/GFI_prediction_region_compare/train_minor_0507_twostage/ARPG_3/candidate_win/ARPG_3_0_Easy_0_Easy_5_fps_60_frame_0450_0452_winner_overlay.png,hit_both,9,0.08,Splat Training,FineTuning,516496,0.9963271604938272,0.2107315448715963,0.5005847092717078,0.2886837458566959,41.96393829875077,40.74818560797105,1.2157526907797163,0.0008073888602666557,0.0007480599451810122
train_minor_0507,ARPG_3_0_Easy_0_Easy_5_fps_60_frame_0450_0452,ARPG_3,0_Easy/0_Easy_5/fps_60,candidate_win,/workspace/src/GFI_docker/compare_outputs/GFI_prediction_region_compare/train_minor_0507_twostage/ARPG_3/candidate_win/ARPG_3_0_Easy_0_Easy_5_fps_60_frame_0450_0452_winner_overlay.png,clean_both_no_hole_no_multi,9,0.08,Splat Training,FineTuning,515119,0.9936709104938272,0.2096680572838509,0.5013501734550657,0.2889817692610834,42.95073878222663,41.957751710416545,0.9929870718100844,0.0007205315050669014,0.0006252810126170516
train_minor_0507,ARPG_3_0_Easy_0_Easy_5_fps_60_frame_0450_0452,ARPG_3,0_Easy/0_Easy_5/fps_60,candidate_win,/workspace/src/GFI_docker/compare_outputs/GFI_prediction_region_compare/train_minor_0507_twostage/ARPG_3/candidate_win/ARPG_3_0_Easy_0_Easy_5_fps_60_frame_0450_0452_winner_overlay.png,hole_any,9,0.08,Splat Training,FineTuning,1904,0.0036728395061728395,0.5409663865546218,0.24842436974789917,0.210609243697479,18.803823730898493,18.503957725421547,0.29986600547694664,0.054360274225473404,0.06042112782597542
train_minor_0507,ARPG_3_0_Easy_0_Easy_5_fps_60_frame_0450_0452,ARPG_3,0_Easy/0_Easy_5/fps_60,candidate_win,/workspace/src/GFI_docker/compare_outputs/GFI_prediction_region_compare/train_minor_0507_twostage/ARPG_3/candidate_win/ARPG_3_0_Easy_0_Easy_5_fps_60_frame_0450_0452_winner_overlay.png,many_to_one_any,9,0.08,Splat Training,FineTuning,1731,0.0033391203703703703,0.6077411900635471,0.20103986135181975,0.19121894858463315,20.56604917952248,18.9257117803226,1.640337399199879,0.04383125156164169,0.058837879449129105
train_minor_0507,ARPG_3_0_Easy_0_Easy_5_fps_60_frame_0450_0452,ARPG_3,0_Easy/0_Easy_5/fps_60,candidate_win,/workspace/src/GFI_docker/compare_outputs/GFI_prediction_region_compare/train_minor_0507_twostage/ARPG_3/candidate_win/ARPG_3_0_Easy_0_Easy_5_fps_60_frame_0450_0452_winner_overlay.png,bmv_hole,9,0.08,Splat Training,FineTuning,942,0.0018171296296296297,0.5116772823779193,0.22399150743099788,0.2643312101910828,18.13953019340287,17.978566246256438,0.16096394714643125,0.060639992356300354,0.06845815479755402
train_minor_0507,ARPG_3_0_Easy_0_Easy_5_fps_60_frame_0450_0452,ARPG_3,0_Easy/0_Easy_5/fps_60,candidate_win,/workspace/src/GFI_docker/compare_outputs/GFI_prediction_region_compare/train_minor_0507_twostage/ARPG_3/candidate_win/ARPG_3_0_Easy_0_Easy_5_fps_60_frame_0450_0452_winner_overlay.png,fmv_hole,9,0.08,Splat Training,FineTuning,992,0.0019135802469135803,0.5685483870967742,0.2691532258064516,0.1622983870967742,19.291140066871645,18.971892894963297,0.31924717190834784,0.050507329404354095,0.054077066481113434
train_minor_0507,ARPG_3_0_Easy_0_Easy_5_fps_60_frame_0450_0452,ARPG_3,0_Easy/0_Easy_5/fps_60,candidate_win,/workspace/src/GFI_docker/compare_outputs/GFI_prediction_region_compare/train_minor_0507_twostage/ARPG_3/candidate_win/ARPG_3_0_Easy_0_Easy_5_fps_60_frame_0450_0452_winner_overlay.png,bmv_many_to_one,9,0.08,Splat Training,FineTuning,916,0.0017669753086419753,0.6954148471615721,0.14956331877729256,0.15502183406113537,20.978302218149913,19.128128340723013,1.8501738774269008,0.043345607817173004,0.061744727194309235
train_minor_0507,ARPG_3_0_Easy_0_Easy_5_fps_60_frame_0450_0452,ARPG_3,0_Easy/0_Easy_5/fps_60,candidate_win,/workspace/src/GFI_docker/compare_outputs/GFI_prediction_region_compare/train_minor_0507_twostage/ARPG_3/candidate_win/ARPG_3_0_Easy_0_Easy_5_fps_60_frame_0450_0452_winner_overlay.png,fmv_many_to_one,9,0.08,Splat Training,FineTuning,922,0.0017785493827160493,0.5303687635574837,0.24620390455531455,0.22342733188720174,20.379331074792866,19.068922048522182,1.3104090262706833,0.04355692118406296,0.05325734615325928
train_minor_0507,ARPG_3_0_Easy_0_Easy_5_fps_60_frame_0456_0458,ARPG_3,0_Easy/0_Easy_5/fps_60,candidate_win,/workspace/src/GFI_docker/compare_outputs/GFI_prediction_region_compare/train_minor_0507_twostage/ARPG_3/candidate_win/ARPG_3_0_Easy_0_Easy_5_fps_60_frame_0456_0458_winner_overlay.png,all,9,0.08,Splat Training,FineTuning,518400,1.0,0.2154783950617284,0.49680362654320986,0.28771797839506175,41.308773772882105,39.18986334454356,2.1189104283385447,0.0009030475630424917,0.0009360781987197697
train_minor_0507,ARPG_3_0_Easy_0_Easy_5_fps_60_frame_0456_0458,ARPG_3,0_Easy/0_Easy_5/fps_60,candidate_win,/workspace/src/GFI_docker/compare_outputs/GFI_prediction_region_compare/train_minor_0507_twostage/ARPG_3/candidate_win/ARPG_3_0_Easy_0_Easy_5_fps_60_frame_0456_0458_winner_overlay.png,hit_both,9,0.08,Splat Training,FineTuning,516976,0.9972530864197531,0.21392869301476278,0.49789545356070686,0.28817585342453034,42.658319813852444,40.55730059920518,2.101019214647266,0.0007801859173923731,0.0007722411537542939
train_minor_0507,ARPG_3_0_Easy_0_Easy_5_fps_60_frame_0456_0458,ARPG_3,0_Easy/0_Easy_5/fps_60,candidate_win,/workspace/src/GFI_docker/compare_outputs/GFI_prediction_region_compare/train_minor_0507_twostage/ARPG_3/candidate_win/ARPG_3_0_Easy_0_Easy_5_fps_60_frame_0456_0458_winner_overlay.png,clean_both_no_hole_no_multi,9,0.08,Splat Training,FineTuning,515975,0.9953221450617284,0.21276612238965067,0.49873152769029505,0.28850234992005425,43.91871316772487,42.24566605164522,1.673047116079644,0.000707228493411094,0.0006388919427990913
train_minor_0507,ARPG_3_0_Easy_0_Easy_5_fps_60_frame_0456_0458,ARPG_3,0_Easy/0_Easy_5/fps_60,candidate_win,/workspace/src/GFI_docker/compare_outputs/GFI_prediction_region_compare/train_minor_0507_twostage/ARPG_3/candidate_win/ARPG_3_0_Easy_0_Easy_5_fps_60_frame_0456_0458_winner_overlay.png,hole_any,9,0.08,Splat Training,FineTuning,1424,0.0027469135802469136,0.7780898876404494,0.10042134831460674,0.12148876404494383,21.397892507553607,19.23075672422367,2.167135783329936,0.04550745710730553,0.06041621044278145
train_minor_0507,ARPG_3_0_Easy_0_Easy_5_fps_60_frame_0456_0458,ARPG_3,0_Easy/0_Easy_5/fps_60,candidate_win,/workspace/src/GFI_docker/compare_outputs/GFI_prediction_region_compare/train_minor_0507_twostage/ARPG_3/candidate_win/ARPG_3_0_Easy_0_Easy_5_fps_60_frame_0456_0458_winner_overlay.png,many_to_one_any,9,0.08,Splat Training,FineTuning,1346,0.0025964506172839507,0.7860326894502229,0.08320950965824665,0.13075780089153047,20.567732257662563,17.660599078968062,2.907133178694501,0.047905683517456055,0.07758742570877075
train_minor_0507,ARPG_3_0_Easy_0_Easy_5_fps_60_frame_0456_0458,ARPG_3,0_Easy/0_Easy_5/fps_60,candidate_win,/workspace/src/GFI_docker/compare_outputs/GFI_prediction_region_compare/train_minor_0507_twostage/ARPG_3/candidate_win/ARPG_3_0_Easy_0_Easy_5_fps_60_frame_0456_0458_winner_overlay.png,bmv_hole,9,0.08,Splat Training,FineTuning,731,0.001410108024691358,0.8084815321477428,0.09302325581395349,0.09849521203830369,22.040668161314592,18.54406871666693,3.4965994446476607,0.04247382655739784,0.06631439179182053
train_minor_0507,ARPG_3_0_Easy_0_Easy_5_fps_60_frame_0456_0458,ARPG_3,0_Easy/0_Easy_5/fps_60,candidate_win,/workspace/src/GFI_docker/compare_outputs/GFI_prediction_region_compare/train_minor_0507_twostage/ARPG_3/candidate_win/ARPG_3_0_Easy_0_Easy_5_fps_60_frame_0456_0458_winner_overlay.png,fmv_hole,9,0.08,Splat Training,FineTuning,715,0.0013792438271604938,0.7384615384615385,0.1048951048951049,0.15664335664335666,20.492046851298092,19.945827965484366,0.546218885813726,0.05068787559866905,0.055975139141082764
train_minor_0507,ARPG_3_0_Easy_0_Easy_5_fps_60_frame_0456_0458,ARPG_3,0_Easy/0_Easy_5/fps_60,candidate_win,/workspace/src/GFI_docker/compare_outputs/GFI_prediction_region_compare/train_minor_0507_twostage/ARPG_3/candidate_win/ARPG_3_0_Easy_0_Easy_5_fps_60_frame_0456_0458_winner_overlay.png,bmv_many_to_one,9,0.08,Splat Training,FineTuning,720,0.001388888888888889,0.7458333333333333,0.1,0.15416666666666667,22.200446263496794,18.35432680246912,3.8461194610276728,0.0407625250518322,0.07361111044883728
train_minor_0507,ARPG_3_0_Easy_0_Easy_5_fps_60_frame_0456_0458,ARPG_3,0_Easy/0_Easy_5/fps_60,candidate_win,/workspace/src/GFI_docker/compare_outputs/GFI_prediction_region_compare/train_minor_0507_twostage/ARPG_3/candidate_win/ARPG_3_0_Easy_0_Easy_5_fps_60_frame_0456_0458_winner_overlay.png,fmv_many_to_one,9,0.08,Splat Training,FineTuning,685,0.0013213734567901236,0.8394160583941606,0.059854014598540145,0.10072992700729927,19.561637153718294,17.26251680509001,2.2991203486282856,0.052871521562337875,0.07792758196592331
train_minor_0507,ARPG_3_0_Easy_0_Easy_5_fps_60_frame_0498_0500,ARPG_3,0_Easy/0_Easy_5/fps_60,candidate_win,/workspace/src/GFI_docker/compare_outputs/GFI_prediction_region_compare/train_minor_0507_twostage/ARPG_3/candidate_win/ARPG_3_0_Easy_0_Easy_5_fps_60_frame_0498_0500_winner_overlay.png,all,9,0.08,Splat Training,FineTuning,518400,1.0,0.17203703703703704,0.09367476851851853,0.7342881944444445,24.20931456278573,23.73040502937735,0.47890953340837683,0.028897859156131744,0.03213365003466606
train_minor_0507,ARPG_3_0_Easy_0_Easy_5_fps_60_frame_0498_0500,ARPG_3,0_Easy/0_Easy_5/fps_60,candidate_win,/workspace/src/GFI_docker/compare_outputs/GFI_prediction_region_compare/train_minor_0507_twostage/ARPG_3/candidate_win/ARPG_3_0_Easy_0_Easy_5_fps_60_frame_0498_0500_winner_overlay.png,hit_both,9,0.08,Splat Training,FineTuning,488048,0.9414506172839506,0.1667254040586172,0.0951996524931974,0.7380749434481855,24.4599773710998,23.94588334935891,0.5140940217408918,0.028023794293403625,0.03130439296364784
train_minor_0507,ARPG_3_0_Easy_0_Easy_5_fps_60_frame_0498_0500,ARPG_3,0_Easy/0_Easy_5/fps_60,candidate_win,/workspace/src/GFI_docker/compare_outputs/GFI_prediction_region_compare/train_minor_0507_twostage/ARPG_3/candidate_win/ARPG_3_0_Easy_0_Easy_5_fps_60_frame_0498_0500_winner_overlay.png,clean_both_no_hole_no_multi,9,0.08,Splat Training,FineTuning,479172,0.9243287037037037,0.16521207416126152,0.09444834005325854,0.74033958578548,24.727827082912846,24.21701628267443,0.5108108002384171,0.0273093543946743,0.030500374734401703
train_minor_0507,ARPG_3_0_Easy_0_Easy_5_fps_60_frame_0498_0500,ARPG_3,0_Easy/0_Easy_5/fps_60,candidate_win,/workspace/src/GFI_docker/compare_outputs/GFI_prediction_region_compare/train_minor_0507_twostage/ARPG_3/candidate_win/ARPG_3_0_Easy_0_Easy_5_fps_60_frame_0498_0500_winner_overlay.png,hole_any,9,0.08,Splat Training,FineTuning,30352,0.058549382716049383,0.257445967316816,0.06915524512387981,0.6733987875593042,21.417647442839993,21.230258128422722,0.18738931441727047,0.042952798306941986,0.04546795412898064
train_minor_0507,ARPG_3_0_Easy_0_Easy_5_fps_60_frame_0498_0500,ARPG_3,0_Easy/0_Easy_5/fps_60,candidate_win,/workspace/src/GFI_docker/compare_outputs/GFI_prediction_region_compare/train_minor_0507_twostage/ARPG_3/candidate_win/ARPG_3_0_Easy_0_Easy_5_fps_60_frame_0498_0500_winner_overlay.png,many_to_one_any,9,0.08,Splat Training,FineTuning,13914,0.02684027777777778,0.20001437401178668,0.10615207704470318,0.6938335489435101,18.39973119829684,18.010239308554077,0.3894918897427644,0.06516143679618835,0.07103487104177475
train_minor_0507,ARPG_3_0_Easy_0_Easy_5_fps_60_frame_0498_0500,ARPG_3,0_Easy/0_Easy_5/fps_60,candidate_win,/workspace/src/GFI_docker/compare_outputs/GFI_prediction_region_compare/train_minor_0507_twostage/ARPG_3/candidate_win/ARPG_3_0_Easy_0_Easy_5_fps_60_frame_0498_0500_winner_overlay.png,bmv_hole,9,0.08,Splat Training,FineTuning,15378,0.02966435185185185,0.26785017557549745,0.059045389517492525,0.67310443490701,20.80440961049403,20.506220927415644,0.2981886830783864,0.044660862535238266,0.04757760092616081
train_minor_0507,ARPG_3_0_Easy_0_Easy_5_fps_60_frame_0498_0500,ARPG_3,0_Easy/0_Easy_5/fps_60,candidate_win,/workspace/src/GFI_docker/compare_outputs/GFI_prediction_region_compare/train_minor_0507_twostage/ARPG_3/candidate_win/ARPG_3_0_Easy_0_Easy_5_fps_60_frame_0498_0500_winner_overlay.png,fmv_hole,9,0.08,Splat Training,FineTuning,15471,0.02984375,0.25040398164307415,0.0784693943507207,0.6711266240062052,22.041674795334707,21.90033547263289,0.1413393227018176,0.041804973036050797,0.04445897787809372
train_minor_0507,ARPG_3_0_Easy_0_Easy_5_fps_60_frame_0498_0500,ARPG_3,0_Easy/0_Easy_5/fps_60,candidate_win,/workspace/src/GFI_docker/compare_outputs/GFI_prediction_region_compare/train_minor_0507_twostage/ARPG_3/candidate_win/ARPG_3_0_Easy_0_Easy_5_fps_60_frame_0498_0500_winner_overlay.png,bmv_many_to_one,9,0.08,Splat Training,FineTuning,8365,0.01613618827160494,0.15660490137477584,0.11057979677226538,0.7328153018529587,17.469486813549647,17.295556890131234,0.17392992341841307,0.07633471488952637,0.08070962131023407
train_minor_0507,ARPG_3_0_Easy_0_Easy_5_fps_60_frame_0498_0500,ARPG_3,0_Easy/0_Easy_5/fps_60,candidate_win,/workspace/src/GFI_docker/compare_outputs/GFI_prediction_region_compare/train_minor_0507_twostage/ARPG_3/candidate_win/ARPG_3_0_Easy_0_Easy_5_fps_60_frame_0498_0500_winner_overlay.png,fmv_many_to_one,9,0.08,Splat Training,FineTuning,6480,0.0125,0.2638888888888889,0.10154320987654321,0.6345679012345679,20.321395940976174,19.21748133360839,1.1039146073677841,0.049407728016376495,0.05858286842703819
train_minor_0507,ARPG_3_0_Medium_0_Medium_5_fps_60_frame_0006_0008,ARPG_3,0_Medium/0_Medium_5/fps_60,candidate_win,/workspace/src/GFI_docker/compare_outputs/GFI_prediction_region_compare/train_minor_0507_twostage/ARPG_3/candidate_win/ARPG_3_0_Medium_0_Medium_5_fps_60_frame_0006_0008_winner_overlay.png,all,9,0.08,Splat Training,FineTuning,518400,1.0,0.435727237654321,0.060787037037037035,0.503485725308642,23.106868827613386,22.08553334805195,1.0213354795614364,0.03757666051387787,0.04622366651892662
train_minor_0507,ARPG_3_0_Medium_0_Medium_5_fps_60_frame_0006_0008,ARPG_3,0_Medium/0_Medium_5/fps_60,candidate_win,/workspace/src/GFI_docker/compare_outputs/GFI_prediction_region_compare/train_minor_0507_twostage/ARPG_3/candidate_win/ARPG_3_0_Medium_0_Medium_5_fps_60_frame_0006_0008_winner_overlay.png,hit_both,9,0.08,Splat Training,FineTuning,489651,0.9445428240740741,0.4400767076958895,0.05866219000880219,0.5012611022953083,23.464006909785233,22.361447411000476,1.102559498784757,0.0361974835395813,0.04499034956097603
train_minor_0507,ARPG_3_0_Medium_0_Medium_5_fps_60_frame_0006_0008,ARPG_3,0_Medium/0_Medium_5/fps_60,candidate_win,/workspace/src/GFI_docker/compare_outputs/GFI_prediction_region_compare/train_minor_0507_twostage/ARPG_3/candidate_win/ARPG_3_0_Medium_0_Medium_5_fps_60_frame_0006_0008_winner_overlay.png,clean_both_no_hole_no_multi,9,0.08,Splat Training,FineTuning,480101,0.9261207561728395,0.4424714799594252,0.057442079895688614,0.5000864401448862,23.77214666785966,22.600763459852455,1.171383208007203,0.03533382713794708,0.0441570058465004
train_minor_0507,ARPG_3_0_Medium_0_Medium_5_fps_60_frame_0006_0008,ARPG_3,0_Medium/0_Medium_5/fps_60,candidate_win,/workspace/src/GFI_docker/compare_outputs/GFI_prediction_region_compare/train_minor_0507_twostage/ARPG_3/candidate_win/ARPG_3_0_Medium_0_Medium_5_fps_60_frame_0006_0008_winner_overlay.png,hole_any,9,0.08,Splat Training,FineTuning,28749,0.055457175925925924,0.36164736164736166,0.09697728616647536,0.541375352186163,19.40624353832438,18.97136655291145,0.4348769854129273,0.06106674298644066,0.06722906976938248
train_minor_0507,ARPG_3_0_Medium_0_Medium_5_fps_60_frame_0006_0008,ARPG_3,0_Medium/0_Medium_5/fps_60,candidate_win,/workspace/src/GFI_docker/compare_outputs/GFI_prediction_region_compare/train_minor_0507_twostage/ARPG_3/candidate_win/ARPG_3_0_Medium_0_Medium_5_fps_60_frame_0006_0008_winner_overlay.png,many_to_one_any,9,0.08,Splat Training,FineTuning,13562,0.026161265432098766,0.2784250110603156,0.10477805633387406,0.6167969326058104,17.289603723107827,16.949731442116253,0.3398722809915746,0.07814665138721466,0.0852387398481369
train_minor_0507,ARPG_3_0_Medium_0_Medium_5_fps_60_frame_0006_0008,ARPG_3,0_Medium/0_Medium_5/fps_60,candidate_win,/workspace/src/GFI_docker/compare_outputs/GFI_prediction_region_compare/train_minor_0507_twostage/ARPG_3/candidate_win/ARPG_3_0_Medium_0_Medium_5_fps_60_frame_0006_0008_winner_overlay.png,bmv_hole,9,0.08,Splat Training,FineTuning,14692,0.02834104938271605,0.4253335148380071,0.06479716852708957,0.5098693166349033,18.431822665502647,17.94651646454197,0.4853062009606788,0.06948862224817276,0.07751183211803436
train_minor_0507,ARPG_3_0_Medium_0_Medium_5_fps_60_frame_0006_0008,ARPG_3,0_Medium/0_Medium_5/fps_60,candidate_win,/workspace/src/GFI_docker/compare_outputs/GFI_prediction_region_compare/train_minor_0507_twostage/ARPG_3/candidate_win/ARPG_3_0_Medium_0_Medium_5_fps_60_frame_0006_0008_winner_overlay.png,fmv_hole,9,0.08,Splat Training,FineTuning,14480,0.0279320987654321,0.2935773480662983,0.1334254143646409,0.5729972375690607,20.609198344753317,20.258347697714484,0.3508506470388326,0.052984777837991714,0.05719848349690437
train_minor_0507,ARPG_3_0_Medium_0_Medium_5_fps_60_frame_0006_0008,ARPG_3,0_Medium/0_Medium_5/fps_60,candidate_win,/workspace/src/GFI_docker/compare_outputs/GFI_prediction_region_compare/train_minor_0507_twostage/ARPG_3/candidate_win/ARPG_3_0_Medium_0_Medium_5_fps_60_frame_0006_0008_winner_overlay.png,bmv_many_to_one,9,0.08,Splat Training,FineTuning,7143,0.013778935185185186,0.2753744925101498,0.13677726445471092,0.5878482430351393,16.41275837543137,16.29270316424847,0.12005521118290119,0.09004656970500946,0.09581133723258972
train_minor_0507,ARPG_3_0_Medium_0_Medium_5_fps_60_frame_0006_0008,ARPG_3,0_Medium/0_Medium_5/fps_60,candidate_win,/workspace/src/GFI_docker/compare_outputs/GFI_prediction_region_compare/train_minor_0507_twostage/ARPG_3/candidate_win/ARPG_3_0_Medium_0_Medium_5_fps_60_frame_0006_0008_winner_overlay.png,fmv_many_to_one,9,0.08,Splat Training,FineTuning,7160,0.013811728395061729,0.29064245810055866,0.0776536312849162,0.6317039106145251,18.198002960290406,17.539944388470758,0.6580585718196481,0.06775897741317749,0.07627305388450623
train_minor_0507,ARPG_3_0_Medium_0_Medium_5_fps_60_frame_0032_0034,ARPG_3,0_Medium/0_Medium_5/fps_60,candidate_win,/workspace/src/GFI_docker/compare_outputs/GFI_prediction_region_compare/train_minor_0507_twostage/ARPG_3/candidate_win/ARPG_3_0_Medium_0_Medium_5_fps_60_frame_0032_0034_winner_overlay.png,all,9,0.08,Splat Training,FineTuning,518400,1.0,0.44399305555555557,0.037197145061728394,0.5188097993827161,24.04966728980389,22.500250670082877,1.5494166197210113,0.031636372208595276,0.04325384274125099
train_minor_0507,ARPG_3_0_Medium_0_Medium_5_fps_60_frame_0032_0034,ARPG_3,0_Medium/0_Medium_5/fps_60,candidate_win,/workspace/src/GFI_docker/compare_outputs/GFI_prediction_region_compare/train_minor_0507_twostage/ARPG_3/candidate_win/ARPG_3_0_Medium_0_Medium_5_fps_60_frame_0032_0034_winner_overlay.png,hit_both,9,0.08,Splat Training,FineTuning,493626,0.9522106481481482,0.44591249245380105,0.03492522679113337,0.5191622807550655,24.42983112670256,22.740856309901275,1.6889748168012844,0.030322564765810966,0.04217701405286789
train_minor_0507,ARPG_3_0_Medium_0_Medium_5_fps_60_frame_0032_0034,ARPG_3,0_Medium/0_Medium_5/fps_60,candidate_win,/workspace/src/GFI_docker/compare_outputs/GFI_prediction_region_compare/train_minor_0507_twostage/ARPG_3/candidate_win/ARPG_3_0_Medium_0_Medium_5_fps_60_frame_0032_0034_winner_overlay.png,clean_both_no_hole_no_multi,9,0.08,Splat Training,FineTuning,486120,0.9377314814814814,0.44693902740064184,0.03315847938780548,0.5199024932115527,24.651616418182037,22.89533659670471,1.756279821477328,0.02981584146618843,0.0417112335562706
train_minor_0507,ARPG_3_0_Medium_0_Medium_5_fps_60_frame_0032_0034,ARPG_3,0_Medium/0_Medium_5/fps_60,candidate_win,/workspace/src/GFI_docker/compare_outputs/GFI_prediction_region_compare/train_minor_0507_twostage/ARPG_3/candidate_win/ARPG_3_0_Medium_0_Medium_5_fps_60_frame_0032_0034_winner_overlay.png,hole_any,9,0.08,Splat Training,FineTuning,24774,0.047789351851851854,0.40574796157261644,0.0824654880116251,0.5117865504157585,19.784541507067253,19.332453156418858,0.4520883506483955,0.057813823223114014,0.06471015512943268
train_minor_0507,ARPG_3_0_Medium_0_Medium_5_fps_60_frame_0032_0034,ARPG_3,0_Medium/0_Medium_5/fps_60,candidate_win,/workspace/src/GFI_docker/compare_outputs/GFI_prediction_region_compare/train_minor_0507_twostage/ARPG_3/candidate_win/ARPG_3_0_Medium_0_Medium_5_fps_60_frame_0032_0034_winner_overlay.png,many_to_one_any,9,0.08,Splat Training,FineTuning,10685,0.020611496913580246,0.3144595226953673,0.12166588675713617,0.5638745905474964,18.213045183286006,17.708966381085304,0.5040788022007021,0.0670931339263916,0.07500062137842178
train_minor_0507,ARPG_3_0_Medium_0_Medium_5_fps_60_frame_0032_0034,ARPG_3,0_Medium/0_Medium_5/fps_60,candidate_win,/workspace/src/GFI_docker/compare_outputs/GFI_prediction_region_compare/train_minor_0507_twostage/ARPG_3/candidate_win/ARPG_3_0_Medium_0_Medium_5_fps_60_frame_0032_0034_winner_overlay.png,bmv_hole,9,0.08,Splat Training,FineTuning,12706,0.02451003086419753,0.3964268849362506,0.08791122304423107,0.5156618920195183,19.43049020217427,18.9424908078839,0.48799939429036954,0.059452123939991,0.06676985323429108
train_minor_0507,ARPG_3_0_Medium_0_Medium_5_fps_60_frame_0032_0034,ARPG_3,0_Medium/0_Medium_5/fps_60,candidate_win,/workspace/src/GFI_docker/compare_outputs/GFI_prediction_region_compare/train_minor_0507_twostage/ARPG_3/candidate_win/ARPG_3_0_Medium_0_Medium_5_fps_60_frame_0032_0034_winner_overlay.png,fmv_hole,9,0.08,Splat Training,FineTuning,12588,0.02428240740740741,0.41237686685732444,0.08706704798220527,0.5005560851604703,19.799852129565963,19.52664279374148,0.2732093358244825,0.058394238352775574,0.06433100998401642
train_minor_0507,ARPG_3_0_Medium_0_Medium_5_fps_60_frame_0032_0034,ARPG_3,0_Medium/0_Medium_5/fps_60,candidate_win,/workspace/src/GFI_docker/compare_outputs/GFI_prediction_region_compare/train_minor_0507_twostage/ARPG_3/candidate_win/ARPG_3_0_Medium_0_Medium_5_fps_60_frame_0032_0034_winner_overlay.png,bmv_many_to_one,9,0.08,Splat Training,FineTuning,6227,0.01201195987654321,0.34334350409506986,0.12991809860285852,0.5267383973020716,17.858079806054555,17.18015772975057,0.6779220763039859,0.06971726566553116,0.08071071654558182
train_minor_0507,ARPG_3_0_Medium_0_Medium_5_fps_60_frame_0032_0034,ARPG_3,0_Medium/0_Medium_5/fps_60,candidate_win,/workspace/src/GFI_docker/compare_outputs/GFI_prediction_region_compare/train_minor_0507_twostage/ARPG_3/candidate_win/ARPG_3_0_Medium_0_Medium_5_fps_60_frame_0032_0034_winner_overlay.png,fmv_many_to_one,9,0.08,Splat Training,FineTuning,5661,0.010920138888888889,0.3204380851439675,0.14096449390567037,0.5385974209503621,19.14456810541054,18.485678896838667,0.6588892085718712,0.05903851240873337,0.0668509379029274
train_minor_0507,ARPG_3_0_Medium_0_Medium_5_fps_60_frame_0042_0044,ARPG_3,0_Medium/0_Medium_5/fps_60,candidate_win,/workspace/src/GFI_docker/compare_outputs/GFI_prediction_region_compare/train_minor_0507_twostage/ARPG_3/candidate_win/ARPG_3_0_Medium_0_Medium_5_fps_60_frame_0042_0044_winner_overlay.png,all,9,0.08,Splat Training,FineTuning,518400,1.0,0.43160493827160495,0.03793016975308642,0.5304648919753087,23.937526575977405,22.363488446704576,1.5740381292728287,0.031896453350782394,0.04344196245074272
train_minor_0507,ARPG_3_0_Medium_0_Medium_5_fps_60_frame_0042_0044,ARPG_3,0_Medium/0_Medium_5/fps_60,candidate_win,/workspace/src/GFI_docker/compare_outputs/GFI_prediction_region_compare/train_minor_0507_twostage/ARPG_3/candidate_win/ARPG_3_0_Medium_0_Medium_5_fps_60_frame_0042_0044_winner_overlay.png,hit_both,9,0.08,Splat Training,FineTuning,493729,0.9524093364197531,0.4334726135187522,0.037004105491068986,0.5295232809901789,24.27308030936075,22.576068194328258,1.6970121150324928,0.030748745426535606,0.04254169389605522
train_minor_0507,ARPG_3_0_Medium_0_Medium_5_fps_60_frame_0042_0044,ARPG_3,0_Medium/0_Medium_5/fps_60,candidate_win,/workspace/src/GFI_docker/compare_outputs/GFI_prediction_region_compare/train_minor_0507_twostage/ARPG_3/candidate_win/ARPG_3_0_Medium_0_Medium_5_fps_60_frame_0042_0044_winner_overlay.png,clean_both_no_hole_no_multi,9,0.08,Splat Training,FineTuning,486529,0.9385204475308642,0.43486821957170074,0.036024574074721136,0.5291072063535781,24.55185531187138,22.774055938759012,1.7777993731123658,0.03007899969816208,0.04190008342266083
train_minor_0507,ARPG_3_0_Medium_0_Medium_5_fps_60_frame_0042_0044,ARPG_3,0_Medium/0_Medium_5/fps_60,candidate_win,/workspace/src/GFI_docker/compare_outputs/GFI_prediction_region_compare/train_minor_0507_twostage/ARPG_3/candidate_win/ARPG_3_0_Medium_0_Medium_5_fps_60_frame_0042_0044_winner_overlay.png,hole_any,9,0.08,Splat Training,FineTuning,24671,0.04759066358024691,0.39422804101982084,0.05646305378784808,0.5493089051923311,19.97899234840461,19.449819628586656,0.5291727198179537,0.05486498028039932,0.06145889684557915
train_minor_0507,ARPG_3_0_Medium_0_Medium_5_fps_60_frame_0042_0044,ARPG_3,0_Medium/0_Medium_5/fps_60,candidate_win,/workspace/src/GFI_docker/compare_outputs/GFI_prediction_region_compare/train_minor_0507_twostage/ARPG_3/candidate_win/ARPG_3_0_Medium_0_Medium_5_fps_60_frame_0042_0044_winner_overlay.png,many_to_one_any,9,0.08,Splat Training,FineTuning,10808,0.020848765432098765,0.2893227239082161,0.09400444115470022,0.6166728349370837,17.468557738161433,16.91063875622738,0.5579189819340513,0.07526873797178268,0.08389392495155334
train_minor_0507,ARPG_3_0_Medium_0_Medium_5_fps_60_frame_0042_0044,ARPG_3,0_Medium/0_Medium_5/fps_60,candidate_win,/workspace/src/GFI_docker/compare_outputs/GFI_prediction_region_compare/train_minor_0507_twostage/ARPG_3/candidate_win/ARPG_3_0_Medium_0_Medium_5_fps_60_frame_0042_0044_winner_overlay.png,bmv_hole,9,0.08,Splat Training,FineTuning,12513,0.024137731481481482,0.4130903859985615,0.052345560616958366,0.5345640533844801,19.16442450276351,18.679470719934084,0.48495378282942525,0.05805601552128792,0.06475044041872025
train_minor_0507,ARPG_3_0_Medium_0_Medium_5_fps_60_frame_0042_0044,ARPG_3,0_Medium/0_Medium_5/fps_60,candidate_win,/workspace/src/GFI_docker/compare_outputs/GFI_prediction_region_compare/train_minor_0507_twostage/ARPG_3/candidate_win/ARPG_3_0_Medium_0_Medium_5_fps_60_frame_0042_0044_winner_overlay.png,fmv_hole,9,0.08,Splat Training,FineTuning,12464,0.02404320987654321,0.37764762516046213,0.05985237483953787,0.5625,20.78716156061599,20.078253633979255,0.7089079266367335,0.052638083696365356,0.05983171612024307
train_minor_0507,ARPG_3_0_Medium_0_Medium_5_fps_60_frame_0042_0044,ARPG_3,0_Medium/0_Medium_5/fps_60,candidate_win,/workspace/src/GFI_docker/compare_outputs/GFI_prediction_region_compare/train_minor_0507_twostage/ARPG_3/candidate_win/ARPG_3_0_Medium_0_Medium_5_fps_60_frame_0042_0044_winner_overlay.png,bmv_many_to_one,9,0.08,Splat Training,FineTuning,6148,0.011859567901234568,0.2745608327911516,0.09905660377358491,0.6263825634352636,16.741293104128633,16.410874692860734,0.3304184112678996,0.08371838927268982,0.09081629663705826
train_minor_0507,ARPG_3_0_Medium_0_Medium_5_fps_60_frame_0042_0044,ARPG_3,0_Medium/0_Medium_5/fps_60,candidate_win,/workspace/src/GFI_docker/compare_outputs/GFI_prediction_region_compare/train_minor_0507_twostage/ARPG_3/candidate_win/ARPG_3_0_Medium_0_Medium_5_fps_60_frame_0042_0044_winner_overlay.png,fmv_many_to_one,9,0.08,Splat Training,FineTuning,5404,0.010424382716049382,0.30495928941524797,0.096039970392302,0.5990007401924501,18.523754861142102,17.61075326150169,0.9130015996404133,0.06610813736915588,0.07677634805440903
train_minor_0507,ARPG_3_0_Medium_0_Medium_5_fps_60_frame_0048_0050,ARPG_3,0_Medium/0_Medium_5/fps_60,candidate_win,/workspace/src/GFI_docker/compare_outputs/GFI_prediction_region_compare/train_minor_0507_twostage/ARPG_3/candidate_win/ARPG_3_0_Medium_0_Medium_5_fps_60_frame_0048_0050_winner_overlay.png,all,9,0.08,Splat Training,FineTuning,518400,1.0,0.4204803240740741,0.03158179012345679,0.5479378858024692,23.804527051866685,22.293897604973317,1.5106294468933683,0.03217519074678421,0.043588101863861084
train_minor_0507,ARPG_3_0_Medium_0_Medium_5_fps_60_frame_0048_0050,ARPG_3,0_Medium/0_Medium_5/fps_60,candidate_win,/workspace/src/GFI_docker/compare_outputs/GFI_prediction_region_compare/train_minor_0507_twostage/ARPG_3/candidate_win/ARPG_3_0_Medium_0_Medium_5_fps_60_frame_0048_0050_winner_overlay.png,hit_both,9,0.08,Splat Training,FineTuning,493888,0.952716049382716,0.42580099131786964,0.029115912919528315,0.545083095762602,24.11917319392847,22.48360637541012,1.6355668185183525,0.0309855118393898,0.042730413377285004
train_minor_0507,ARPG_3_0_Medium_0_Medium_5_fps_60_frame_0048_0050,ARPG_3,0_Medium/0_Medium_5/fps_60,candidate_win,/workspace/src/GFI_docker/compare_outputs/GFI_prediction_region_compare/train_minor_0507_twostage/ARPG_3/candidate_win/ARPG_3_0_Medium_0_Medium_5_fps_60_frame_0048_0050_winner_overlay.png,clean_both_no_hole_no_multi,9,0.08,Splat Training,FineTuning,487066,0.9395563271604939,0.4285538304870387,0.026285965351718246,0.545160204161243,24.418262995752833,22.66285478280799,1.7554082129448432,0.030222497880458832,0.04211011528968811
train_minor_0507,ARPG_3_0_Medium_0_Medium_5_fps_60_frame_0048_0050,ARPG_3,0_Medium/0_Medium_5/fps_60,candidate_win,/workspace/src/GFI_docker/compare_outputs/GFI_prediction_region_compare/train_minor_0507_twostage/ARPG_3/candidate_win/ARPG_3_0_Medium_0_Medium_5_fps_60_frame_0048_0050_winner_overlay.png,hole_any,9,0.08,Splat Training,FineTuning,24512,0.04728395061728395,0.31327513054830286,0.08126631853785901,0.6054585509138382,19.98768412598285,19.595986964658845,0.3916971613240037,0.0561457984149456,0.06086958199739456
train_minor_0507,ARPG_3_0_Medium_0_Medium_5_fps_60_frame_0048_0050,ARPG_3,0_Medium/0_Medium_5/fps_60,candidate_win,/workspace/src/GFI_docker/compare_outputs/GFI_prediction_region_compare/train_minor_0507_twostage/ARPG_3/candidate_win/ARPG_3_0_Medium_0_Medium_5_fps_60_frame_0048_0050_winner_overlay.png,many_to_one_any,9,0.08,Splat Training,FineTuning,10113,0.019508101851851853,0.20389597547710867,0.18916246415504795,0.6069415603678434,17.13005274435781,17.153648342908934,-0.023595598551125363,0.08109875023365021,0.08337745070457458
train_minor_0507,ARPG_3_0_Medium_0_Medium_5_fps_60_frame_0048_0050,ARPG_3,0_Medium/0_Medium_5/fps_60,candidate_win,/workspace/src/GFI_docker/compare_outputs/GFI_prediction_region_compare/train_minor_0507_twostage/ARPG_3/candidate_win/ARPG_3_0_Medium_0_Medium_5_fps_60_frame_0048_0050_winner_overlay.png,bmv_hole,9,0.08,Splat Training,FineTuning,12404,0.02392746913580247,0.4034182521767172,0.07118671396323767,0.5253950338600452,19.739029502933,19.284500757436852,0.4545287454961482,0.054852116852998734,0.0615374892950058
train_minor_0507,ARPG_3_0_Medium_0_Medium_5_fps_60_frame_0048_0050,ARPG_3,0_Medium/0_Medium_5/fps_60,candidate_win,/workspace/src/GFI_docker/compare_outputs/GFI_prediction_region_compare/train_minor_0507_twostage/ARPG_3/candidate_win/ARPG_3_0_Medium_0_Medium_5_fps_60_frame_0048_0050_winner_overlay.png,fmv_hole,9,0.08,Splat Training,FineTuning,12439,0.023994984567901233,0.22694750381863493,0.09277273092692338,0.6802797652544417,20.14331056467706,19.818810867616964,0.3244996970600944,0.058055125176906586,0.06090700626373291
train_minor_0507,ARPG_3_0_Medium_0_Medium_5_fps_60_frame_0048_0050,ARPG_3,0_Medium/0_Medium_5/fps_60,candidate_win,/workspace/src/GFI_docker/compare_outputs/GFI_prediction_region_compare/train_minor_0507_twostage/ARPG_3/candidate_win/ARPG_3_0_Medium_0_Medium_5_fps_60_frame_0048_0050_winner_overlay.png,bmv_many_to_one,9,0.08,Splat Training,FineTuning,5765,0.011120756172839506,0.20138768430182133,0.20485689505637467,0.593755420641804,16.595301762489658,16.573683352728278,0.02161840976138052,0.09076271951198578,0.0929451510310173
train_minor_0507,ARPG_3_0_Medium_0_Medium_5_fps_60_frame_0048_0050,ARPG_3,0_Medium/0_Medium_5/fps_60,candidate_win,/workspace/src/GFI_docker/compare_outputs/GFI_prediction_region_compare/train_minor_0507_twostage/ARPG_3/candidate_win/ARPG_3_0_Medium_0_Medium_5_fps_60_frame_0048_0050_winner_overlay.png,fmv_many_to_one,9,0.08,Splat Training,FineTuning,5271,0.010167824074074074,0.2212103965092013,0.19768544868146462,0.5811041548093341,17.98702986791443,18.218911839136997,-0.23188197122256682,0.06945811957120895,0.07044093310832977
train_minor_0507,ARPG_3_0_Medium_0_Medium_5_fps_60_frame_0052_0054,ARPG_3,0_Medium/0_Medium_5/fps_60,candidate_win,/workspace/src/GFI_docker/compare_outputs/GFI_prediction_region_compare/train_minor_0507_twostage/ARPG_3/candidate_win/ARPG_3_0_Medium_0_Medium_5_fps_60_frame_0052_0054_winner_overlay.png,all,9,0.08,Splat Training,FineTuning,518400,1.0,0.43974922839506175,0.025135030864197532,0.5351157407407408,24.024511135384422,22.34144225396179,1.6830688814226313,0.03110647015273571,0.04315264895558357
train_minor_0507,ARPG_3_0_Medium_0_Medium_5_fps_60_frame_0052_0054,ARPG_3,0_Medium/0_Medium_5/fps_60,candidate_win,/workspace/src/GFI_docker/compare_outputs/GFI_prediction_region_compare/train_minor_0507_twostage/ARPG_3/candidate_win/ARPG_3_0_Medium_0_Medium_5_fps_60_frame_0052_0054_winner_overlay.png,hit_both,9,0.08,Splat Training,FineTuning,494464,0.9538271604938272,0.44436804297178356,0.020604128915350763,0.5350278281128656,24.351365674808235,22.504387170538106,1.8469785042701297,0.029870107769966125,0.042355187237262726
train_minor_0507,ARPG_3_0_Medium_0_Medium_5_fps_60_frame_0052_0054,ARPG_3,0_Medium/0_Medium_5/fps_60,candidate_win,/workspace/src/GFI_docker/compare_outputs/GFI_prediction_region_compare/train_minor_0507_twostage/ARPG_3/candidate_win/ARPG_3_0_Medium_0_Medium_5_fps_60_frame_0052_0054_winner_overlay.png,clean_both_no_hole_no_multi,9,0.08,Splat Training,FineTuning,487687,0.9407542438271604,0.4460975994849155,0.019159829972912955,0.5347425705421716,24.642433705749557,22.684662003014434,1.9577717027351227,0.029247859492897987,0.041813481599092484
train_minor_0507,ARPG_3_0_Medium_0_Medium_5_fps_60_frame_0052_0054,ARPG_3,0_Medium/0_Medium_5/fps_60,candidate_win,/workspace/src/GFI_docker/compare_outputs/GFI_prediction_region_compare/train_minor_0507_twostage/ARPG_3/candidate_win/ARPG_3_0_Medium_0_Medium_5_fps_60_frame_0052_0054_winner_overlay.png,hole_any,9,0.08,Splat Training,FineTuning,23936,0.04617283950617284,0.34433489304812837,0.11873328877005347,0.5369318181818182,20.049168695340597,19.884586827359367,0.1645818679812301,0.0566469207406044,0.05962643027305603
train_minor_0507,ARPG_3_0_Medium_0_Medium_5_fps_60_frame_0052_0054,ARPG_3,0_Medium/0_Medium_5/fps_60,candidate_win,/workspace/src/GFI_docker/compare_outputs/GFI_prediction_region_compare/train_minor_0507_twostage/ARPG_3/candidate_win/ARPG_3_0_Medium_0_Medium_5_fps_60_frame_0052_0054_winner_overlay.png,many_to_one_any,9,0.08,Splat Training,FineTuning,9834,0.018969907407407408,0.28167581858857027,0.10097620500305064,0.6173479764083791,17.376159152554585,17.02180915382402,0.35434999873056583,0.0727446898818016,0.07969895750284195
train_minor_0507,ARPG_3_0_Medium_0_Medium_5_fps_60_frame_0052_0054,ARPG_3,0_Medium/0_Medium_5/fps_60,candidate_win,/workspace/src/GFI_docker/compare_outputs/GFI_prediction_region_compare/train_minor_0507_twostage/ARPG_3/candidate_win/ARPG_3_0_Medium_0_Medium_5_fps_60_frame_0052_0054_winner_overlay.png,bmv_hole,9,0.08,Splat Training,FineTuning,12350,0.023823302469135804,0.41910931174089067,0.047125506072874496,0.5337651821862348,20.503645747299633,19.807223029473473,0.6964227178261595,0.0496121309697628,0.05702754855155945
train_minor_0507,ARPG_3_0_Medium_0_Medium_5_fps_60_frame_0052_0054,ARPG_3,0_Medium/0_Medium_5/fps_60,candidate_win,/workspace/src/GFI_docker/compare_outputs/GFI_prediction_region_compare/train_minor_0507_twostage/ARPG_3/candidate_win/ARPG_3_0_Medium_0_Medium_5_fps_60_frame_0052_0054_winner_overlay.png,fmv_hole,9,0.08,Splat Training,FineTuning,12453,0.02402199074074074,0.26555849995984904,0.1885489440295511,0.5458925560105998,19.496736124625865,19.760951017337007,-0.2642148927111414,0.06534625589847565,0.06404095143079758
train_minor_0507,ARPG_3_0_Medium_0_Medium_5_fps_60_frame_0052_0054,ARPG_3,0_Medium/0_Medium_5/fps_60,candidate_win,/workspace/src/GFI_docker/compare_outputs/GFI_prediction_region_compare/train_minor_0507_twostage/ARPG_3/candidate_win/ARPG_3_0_Medium_0_Medium_5_fps_60_frame_0052_0054_winner_overlay.png,bmv_many_to_one,9,0.08,Splat Training,FineTuning,5685,0.010966435185185185,0.26103781882146,0.13227792436235708,0.606684256816183,16.627970086258717,16.434777218826984,0.19319286743173336,0.08259828388690948,0.0885012224316597
train_minor_0507,ARPG_3_0_Medium_0_Medium_5_fps_60_frame_0052_0054,ARPG_3,0_Medium/0_Medium_5/fps_60,candidate_win,/workspace/src/GFI_docker/compare_outputs/GFI_prediction_region_compare/train_minor_0507_twostage/ARPG_3/candidate_win/ARPG_3_0_Medium_0_Medium_5_fps_60_frame_0052_0054_winner_overlay.png,fmv_many_to_one,9,0.08,Splat Training,FineTuning,5416,0.010447530864197531,0.3070531757754801,0.11281388478581979,0.5801329394387001,18.51848696250678,17.967628364209244,0.5508585982975376,0.06041359156370163,0.06865786761045456
train_minor_0507,ARPG_3_0_Medium_0_Medium_5_fps_60_frame_0136_0138,ARPG_3,0_Medium/0_Medium_5/fps_60,candidate_win,/workspace/src/GFI_docker/compare_outputs/GFI_prediction_region_compare/train_minor_0507_twostage/ARPG_3/candidate_win/ARPG_3_0_Medium_0_Medium_5_fps_60_frame_0136_0138_winner_overlay.png,all,9,0.08,Splat Training,FineTuning,518400,1.0,0.07875771604938271,0.060223765432098765,0.8610185185185185,23.795121813318975,23.699191958856503,0.09592985446247226,0.03104246035218239,0.03135097399353981
train_minor_0507,ARPG_3_0_Medium_0_Medium_5_fps_60_frame_0136_0138,ARPG_3,0_Medium/0_Medium_5/fps_60,candidate_win,/workspace/src/GFI_docker/compare_outputs/GFI_prediction_region_compare/train_minor_0507_twostage/ARPG_3/candidate_win/ARPG_3_0_Medium_0_Medium_5_fps_60_frame_0136_0138_winner_overlay.png,hit_both,9,0.08,Splat Training,FineTuning,462294,0.8917708333333333,0.07036863986986636,0.05254664780421117,0.8770847123259224,24.251777027213016,24.17117146757444,0.08060555963857752,0.029918471351265907,0.03008081018924713
train_minor_0507,ARPG_3_0_Medium_0_Medium_5_fps_60_frame_0136_0138,ARPG_3,0_Medium/0_Medium_5/fps_60,candidate_win,/workspace/src/GFI_docker/compare_outputs/GFI_prediction_region_compare/train_minor_0507_twostage/ARPG_3/candidate_win/ARPG_3_0_Medium_0_Medium_5_fps_60_frame_0136_0138_winner_overlay.png,clean_both_no_hole_no_multi,9,0.08,Splat Training,FineTuning,452989,0.8738213734567901,0.06755130919293846,0.05176063877930811,0.8806880520277535,24.394695516538413,24.352857487376557,0.04183802916185542,0.02950669825077057,0.029562415555119514
train_minor_0507,ARPG_3_0_Medium_0_Medium_5_fps_60_frame_0136_0138,ARPG_3,0_Medium/0_Medium_5/fps_60,candidate_win,/workspace/src/GFI_docker/compare_outputs/GFI_prediction_region_compare/train_minor_0507_twostage/ARPG_3/candidate_win/ARPG_3_0_Medium_0_Medium_5_fps_60_frame_0136_0138_winner_overlay.png,hole_any,9,0.08,Splat Training,FineTuning,56106,0.10822916666666667,0.14788079706270274,0.12348055466438528,0.728638648272912,21.188694076827296,21.030940960253446,0.1577531165738506,0.04030377417802811,0.041816532611846924
train_minor_0507,ARPG_3_0_Medium_0_Medium_5_fps_60_frame_0136_0138,ARPG_3,0_Medium/0_Medium_5/fps_60,candidate_win,/workspace/src/GFI_docker/compare_outputs/GFI_prediction_region_compare/train_minor_0507_twostage/ARPG_3/candidate_win/ARPG_3_0_Medium_0_Medium_5_fps_60_frame_0136_0138_winner_overlay.png,many_to_one_any,9,0.08,Splat Training,FineTuning,29435,0.05678047839506173,0.11238321725836589,0.06380159673857652,0.8238151860030576,22.18951183096167,21.62876875905491,0.5607430719067601,0.03946904465556145,0.04201516509056091
train_minor_0507,ARPG_3_0_Medium_0_Medium_5_fps_60_frame_0136_0138,ARPG_3,0_Medium/0_Medium_5/fps_60,candidate_win,/workspace/src/GFI_docker/compare_outputs/GFI_prediction_region_compare/train_minor_0507_twostage/ARPG_3/candidate_win/ARPG_3_0_Medium_0_Medium_5_fps_60_frame_0136_0138_winner_overlay.png,bmv_hole,9,0.08,Splat Training,FineTuning,30242,0.05833719135802469,0.09308246809073474,0.06970438463064613,0.8372131472786192,19.815679374401796,19.70440125961371,0.11127811478808525,0.048821769654750824,0.04983676224946976
train_minor_0507,ARPG_3_0_Medium_0_Medium_5_fps_60_frame_0136_0138,ARPG_3,0_Medium/0_Medium_5/fps_60,candidate_win,/workspace/src/GFI_docker/compare_outputs/GFI_prediction_region_compare/train_minor_0507_twostage/ARPG_3/candidate_win/ARPG_3_0_Medium_0_Medium_5_fps_60_frame_0136_0138_winner_overlay.png,fmv_hole,9,0.08,Splat Training,FineTuning,28435,0.054851466049382715,0.21375065939862845,0.18663618779672939,0.5996131528046421,23.33065030161229,23.130771409357088,0.19987889225520306,0.03123573586344719,0.033341359347105026
train_minor_0507,ARPG_3_0_Medium_0_Medium_5_fps_60_frame_0136_0138,ARPG_3,0_Medium/0_Medium_5/fps_60,candidate_win,/workspace/src/GFI_docker/compare_outputs/GFI_prediction_region_compare/train_minor_0507_twostage/ARPG_3/candidate_win/ARPG_3_0_Medium_0_Medium_5_fps_60_frame_0136_0138_winner_overlay.png,bmv_many_to_one,9,0.08,Splat Training,FineTuning,2609,0.005032793209876543,0.3510923725565351,0.11958604829436566,0.5293215791490993,16.88053563840473,16.260739159552816,0.6197964788519137,0.08144407719373703,0.09115254878997803
train_minor_0507,ARPG_3_0_Medium_0_Medium_5_fps_60_frame_0136_0138,ARPG_3,0_Medium/0_Medium_5/fps_60,candidate_win,/workspace/src/GFI_docker/compare_outputs/GFI_prediction_region_compare/train_minor_0507_twostage/ARPG_3/candidate_win/ARPG_3_0_Medium_0_Medium_5_fps_60_frame_0136_0138_winner_overlay.png,fmv_many_to_one,9,0.08,Splat Training,FineTuning,27419,0.05289158950617284,0.09668478062657282,0.0602137204128524,0.8431014989605747,23.093605468506546,22.505275722325774,0.5883297461807722,0.036234453320503235,0.038366030901670456
train_minor_0507,ARPG_3_0_Medium_0_Medium_5_fps_60_frame_0256_0258,ARPG_3,0_Medium/0_Medium_5/fps_60,baseline_win,/workspace/src/GFI_docker/compare_outputs/GFI_prediction_region_compare/train_minor_0507_twostage/ARPG_3/baseline_win/ARPG_3_0_Medium_0_Medium_5_fps_60_frame_0256_0258_winner_overlay.png,all,9,0.08,Splat Training,FineTuning,518400,1.0,0.1218016975308642,0.07528356481481481,0.802914737654321,21.26593689979839,21.270571974867444,-0.004635075069053585,0.04844485595822334,0.04906611517071724
train_minor_0507,ARPG_3_0_Medium_0_Medium_5_fps_60_frame_0256_0258,ARPG_3,0_Medium/0_Medium_5/fps_60,baseline_win,/workspace/src/GFI_docker/compare_outputs/GFI_prediction_region_compare/train_minor_0507_twostage/ARPG_3/baseline_win/ARPG_3_0_Medium_0_Medium_5_fps_60_frame_0256_0258_winner_overlay.png,hit_both,9,0.08,Splat Training,FineTuning,464263,0.8955690586419753,0.11334308355393387,0.06795717082774204,0.8186997456183241,21.53515478131531,21.55443433626631,-0.019279554951001643,0.046622131019830704,0.047115352004766464
train_minor_0507,ARPG_3_0_Medium_0_Medium_5_fps_60_frame_0256_0258,ARPG_3,0_Medium/0_Medium_5/fps_60,baseline_win,/workspace/src/GFI_docker/compare_outputs/GFI_prediction_region_compare/train_minor_0507_twostage/ARPG_3/baseline_win/ARPG_3_0_Medium_0_Medium_5_fps_60_frame_0256_0258_winner_overlay.png,clean_both_no_hole_no_multi,9,0.08,Splat Training,FineTuning,452886,0.8736226851851852,0.11264644965841293,0.06514884540480385,0.8222047049367832,21.84750497715568,21.847256487643115,0.0002484895125647313,0.045333895832300186,0.04585617035627365
train_minor_0507,ARPG_3_0_Medium_0_Medium_5_fps_60_frame_0256_0258,ARPG_3,0_Medium/0_Medium_5/fps_60,baseline_win,/workspace/src/GFI_docker/compare_outputs/GFI_prediction_region_compare/train_minor_0507_twostage/ARPG_3/baseline_win/ARPG_3_0_Medium_0_Medium_5_fps_60_frame_0256_0258_winner_overlay.png,hole_any,9,0.08,Splat Training,FineTuning,54137,0.10443094135802469,0.19434028483292387,0.1381125662670632,0.6675471489000129,19.460476613897104,19.388052637579026,0.07242397631807762,0.06407587975263596,0.06579553335905075
train_minor_0507,ARPG_3_0_Medium_0_Medium_5_fps_60_frame_0256_0258,ARPG_3,0_Medium/0_Medium_5/fps_60,baseline_win,/workspace/src/GFI_docker/compare_outputs/GFI_prediction_region_compare/train_minor_0507_twostage/ARPG_3/baseline_win/ARPG_3_0_Medium_0_Medium_5_fps_60_frame_0256_0258_winner_overlay.png,many_to_one_any,9,0.08,Splat Training,FineTuning,30205,0.05826581790123457,0.13520940241681842,0.11878828008607846,0.7460023174971031,17.937193517991016,18.06196075354657,-0.12476723555555225,0.0753154531121254,0.07592669874429703
train_minor_0507,ARPG_3_0_Medium_0_Medium_5_fps_60_frame_0256_0258,ARPG_3,0_Medium/0_Medium_5/fps_60,baseline_win,/workspace/src/GFI_docker/compare_outputs/GFI_prediction_region_compare/train_minor_0507_twostage/ARPG_3/baseline_win/ARPG_3_0_Medium_0_Medium_5_fps_60_frame_0256_0258_winner_overlay.png,bmv_hole,9,0.08,Splat Training,FineTuning,28937,0.05581983024691358,0.15001555102463973,0.09956111552683415,0.7504233334485261,18.753951585113377,18.704771417255973,0.0491801678574042,0.07008016854524612,0.07156290113925934
train_minor_0507,ARPG_3_0_Medium_0_Medium_5_fps_60_frame_0256_0258,ARPG_3,0_Medium/0_Medium_5/fps_60,baseline_win,/workspace/src/GFI_docker/compare_outputs/GFI_prediction_region_compare/train_minor_0507_twostage/ARPG_3/baseline_win/ARPG_3_0_Medium_0_Medium_5_fps_60_frame_0256_0258_winner_overlay.png,fmv_hole,9,0.08,Splat Training,FineTuning,27612,0.05326388888888889,0.2442054179342315,0.18437635810517167,0.5714182239605968,20.236145331668048,20.136739386721437,0.0994059449466107,0.058686476200819016,0.060578852891922
train_minor_0507,ARPG_3_0_Medium_0_Medium_5_fps_60_frame_0256_0258,ARPG_3,0_Medium/0_Medium_5/fps_60,baseline_win,/workspace/src/GFI_docker/compare_outputs/GFI_prediction_region_compare/train_minor_0507_twostage/ARPG_3/baseline_win/ARPG_3_0_Medium_0_Medium_5_fps_60_frame_0256_0258_winner_overlay.png,bmv_many_to_one,9,0.08,Splat Training,FineTuning,4840,0.00933641975308642,0.11962809917355371,0.1971074380165289,0.6832644628099174,13.125179731666439,13.362827039250222,-0.23764730758378327,0.1501072347164154,0.14720116555690765
train_minor_0507,ARPG_3_0_Medium_0_Medium_5_fps_60_frame_0256_0258,ARPG_3,0_Medium/0_Medium_5/fps_60,baseline_win,/workspace/src/GFI_docker/compare_outputs/GFI_prediction_region_compare/train_minor_0507_twostage/ARPG_3/baseline_win/ARPG_3_0_Medium_0_Medium_5_fps_60_frame_0256_0258_winner_overlay.png,fmv_many_to_one,9,0.08,Splat Training,FineTuning,25932,0.05002314814814815,0.13793768317137128,0.1080903902514268,0.7539719265772019,19.656764003318713,19.69731924285856,-0.04055523953984519,0.06335479021072388,0.06458041071891785
train_minor_0507,ARPG_3_0_Medium_0_Medium_5_fps_60_frame_0262_0264,ARPG_3,0_Medium/0_Medium_5/fps_60,candidate_win,/workspace/src/GFI_docker/compare_outputs/GFI_prediction_region_compare/train_minor_0507_twostage/ARPG_3/candidate_win/ARPG_3_0_Medium_0_Medium_5_fps_60_frame_0262_0264_winner_overlay.png,all,9,0.08,Splat Training,FineTuning,518400,1.0,0.11521026234567901,0.08511381172839506,0.799675925925926,21.36856989028301,21.36413335796615,0.004436532316859143,0.04776165634393692,0.04846928268671036
train_minor_0507,ARPG_3_0_Medium_0_Medium_5_fps_60_frame_0262_0264,ARPG_3,0_Medium/0_Medium_5/fps_60,candidate_win,/workspace/src/GFI_docker/compare_outputs/GFI_prediction_region_compare/train_minor_0507_twostage/ARPG_3/candidate_win/ARPG_3_0_Medium_0_Medium_5_fps_60_frame_0262_0264_winner_overlay.png,hit_both,9,0.08,Splat Training,FineTuning,463936,0.8949382716049382,0.10338494964822734,0.07798920540764244,0.8186258449441303,21.72893021780525,21.75237275392184,-0.023442536116590418,0.04572848603129387,0.046236954629421234
train_minor_0507,ARPG_3_0_Medium_0_Medium_5_fps_60_frame_0262_0264,ARPG_3,0_Medium/0_Medium_5/fps_60,candidate_win,/workspace/src/GFI_docker/compare_outputs/GFI_prediction_region_compare/train_minor_0507_twostage/ARPG_3/candidate_win/ARPG_3_0_Medium_0_Medium_5_fps_60_frame_0262_0264_winner_overlay.png,clean_both_no_hole_no_multi,9,0.08,Splat Training,FineTuning,452256,0.8724074074074074,0.10093177315502724,0.07719963914243261,0.8218685877025401,22.019436073309002,22.05225840125611,-0.03282232794710893,0.04458147659897804,0.04503167048096657
train_minor_0507,ARPG_3_0_Medium_0_Medium_5_fps_60_frame_0262_0264,ARPG_3,0_Medium/0_Medium_5/fps_60,candidate_win,/workspace/src/GFI_docker/compare_outputs/GFI_prediction_region_compare/train_minor_0507_twostage/ARPG_3/candidate_win/ARPG_3_0_Medium_0_Medium_5_fps_60_frame_0262_0264_winner_overlay.png,hole_any,9,0.08,Splat Training,FineTuning,54464,0.10506172839506173,0.21594080493537016,0.145802732079906,0.6382564629847238,19.119939993189597,18.98758762813027,0.1323523650593259,0.06508075445890427,0.06748475879430771
train_minor_0507,ARPG_3_0_Medium_0_Medium_5_fps_60_frame_0262_0264,ARPG_3,0_Medium/0_Medium_5/fps_60,candidate_win,/workspace/src/GFI_docker/compare_outputs/GFI_prediction_region_compare/train_minor_0507_twostage/ARPG_3/candidate_win/ARPG_3_0_Medium_0_Medium_5_fps_60_frame_0262_0264_winner_overlay.png,many_to_one_any,9,0.08,Splat Training,FineTuning,30591,0.05901041666666667,0.14599065084501978,0.0920532182668105,0.7619561308881697,18.05740911118081,17.992611312842694,0.06479779833811605,0.07358544319868088,0.07560829073190689
train_minor_0507,ARPG_3_0_Medium_0_Medium_5_fps_60_frame_0262_0264,ARPG_3,0_Medium/0_Medium_5/fps_60,candidate_win,/workspace/src/GFI_docker/compare_outputs/GFI_prediction_region_compare/train_minor_0507_twostage/ARPG_3/candidate_win/ARPG_3_0_Medium_0_Medium_5_fps_60_frame_0262_0264_winner_overlay.png,bmv_hole,9,0.08,Splat Training,FineTuning,29168,0.05626543209876543,0.1473532638507954,0.10518376302797586,0.7474629731212288,20.032931054686482,19.94122868672395,0.09170236796253306,0.06040104851126671,0.062080252915620804
train_minor_0507,ARPG_3_0_Medium_0_Medium_5_fps_60_frame_0262_0264,ARPG_3,0_Medium/0_Medium_5/fps_60,candidate_win,/workspace/src/GFI_docker/compare_outputs/GFI_prediction_region_compare/train_minor_0507_twostage/ARPG_3/candidate_win/ARPG_3_0_Medium_0_Medium_5_fps_60_frame_0262_0264_winner_overlay.png,fmv_hole,9,0.08,Splat Training,FineTuning,27832,0.05368827160493827,0.2945889623455016,0.19262000574877838,0.5127910319057201,18.25704305668085,18.0609072833554,0.19613577332544807,0.07079390436410904,0.07419465482234955
train_minor_0507,ARPG_3_0_Medium_0_Medium_5_fps_60_frame_0262_0264,ARPG_3,0_Medium/0_Medium_5/fps_60,candidate_win,/workspace/src/GFI_docker/compare_outputs/GFI_prediction_region_compare/train_minor_0507_twostage/ARPG_3/candidate_win/ARPG_3_0_Medium_0_Medium_5_fps_60_frame_0262_0264_winner_overlay.png,bmv_many_to_one,9,0.08,Splat Training,FineTuning,4958,0.009564043209876543,0.2539330375151271,0.1036708350141186,0.6423961274707544,15.723606735922242,15.39569474434623,0.3279119915760127,0.09880750626325607,0.10572759062051773
train_minor_0507,ARPG_3_0_Medium_0_Medium_5_fps_60_frame_0262_0264,ARPG_3,0_Medium/0_Medium_5/fps_60,candidate_win,/workspace/src/GFI_docker/compare_outputs/GFI_prediction_region_compare/train_minor_0507_twostage/ARPG_3/candidate_win/ARPG_3_0_Medium_0_Medium_5_fps_60_frame_0262_0264_winner_overlay.png,fmv_many_to_one,9,0.08,Splat Training,FineTuning,26201,0.050542052469135804,0.12968970649975192,0.09007289798099309,0.780237395519255,18.573312118419903,18.59265519858511,-0.019343080165207027,0.06981517374515533,0.07106673717498779
train_minor_0507,ARPG_3_0_Medium_0_Medium_5_fps_60_frame_0382_0384,ARPG_3,0_Medium/0_Medium_5/fps_60,candidate_win,/workspace/src/GFI_docker/compare_outputs/GFI_prediction_region_compare/train_minor_0507_twostage/ARPG_3/candidate_win/ARPG_3_0_Medium_0_Medium_5_fps_60_frame_0382_0384_winner_overlay.png,all,9,0.08,Splat Training,FineTuning,518400,1.0,0.4062326388888889,0.05826774691358025,0.5354996141975309,24.536770597786607,23.436808665519667,1.0999619322669396,0.02929798699915409,0.037395451217889786
train_minor_0507,ARPG_3_0_Medium_0_Medium_5_fps_60_frame_0382_0384,ARPG_3,0_Medium/0_Medium_5/fps_60,candidate_win,/workspace/src/GFI_docker/compare_outputs/GFI_prediction_region_compare/train_minor_0507_twostage/ARPG_3/candidate_win/ARPG_3_0_Medium_0_Medium_5_fps_60_frame_0382_0384_winner_overlay.png,hit_both,9,0.08,Splat Training,FineTuning,488195,0.9417341820987655,0.4042032384600416,0.05528323723102449,0.540513524308934,24.924867957217806,23.726033165567433,1.1988347916503734,0.028138836845755577,0.03641270473599434
train_minor_0507,ARPG_3_0_Medium_0_Medium_5_fps_60_frame_0382_0384,ARPG_3,0_Medium/0_Medium_5/fps_60,candidate_win,/workspace/src/GFI_docker/compare_outputs/GFI_prediction_region_compare/train_minor_0507_twostage/ARPG_3/candidate_win/ARPG_3_0_Medium_0_Medium_5_fps_60_frame_0382_0384_winner_overlay.png,clean_both_no_hole_no_multi,9,0.08,Splat Training,FineTuning,477065,0.9202642746913581,0.40560929852326205,0.05366145074570551,0.5407292507310325,25.424570001542634,24.133774567423693,1.290795434118941,0.02703765407204628,0.03531234338879585
train_minor_0507,ARPG_3_0_Medium_0_Medium_5_fps_60_frame_0382_0384,ARPG_3,0_Medium/0_Medium_5/fps_60,candidate_win,/workspace/src/GFI_docker/compare_outputs/GFI_prediction_region_compare/train_minor_0507_twostage/ARPG_3/candidate_win/ARPG_3_0_Medium_0_Medium_5_fps_60_frame_0382_0384_winner_overlay.png,hole_any,9,0.08,Splat Training,FineTuning,30205,0.05826581790123457,0.4390332726369806,0.10650554543949677,0.4544611819235226,20.76792591880924,20.33771823376826,0.4302076850409797,0.04803299531340599,0.053279582411050797
train_minor_0507,ARPG_3_0_Medium_0_Medium_5_fps_60_frame_0382_0384,ARPG_3,0_Medium/0_Medium_5/fps_60,candidate_win,/workspace/src/GFI_docker/compare_outputs/GFI_prediction_region_compare/train_minor_0507_twostage/ARPG_3/candidate_win/ARPG_3_0_Medium_0_Medium_5_fps_60_frame_0382_0384_winner_overlay.png,many_to_one_any,9,0.08,Splat Training,FineTuning,15232,0.029382716049382716,0.3102022058823529,0.12355567226890757,0.5662421218487395,17.583909846384017,17.036188089603698,0.5477217567803194,0.07288774847984314,0.08070822805166245
train_minor_0507,ARPG_3_0_Medium_0_Medium_5_fps_60_frame_0382_0384,ARPG_3,0_Medium/0_Medium_5/fps_60,candidate_win,/workspace/src/GFI_docker/compare_outputs/GFI_prediction_region_compare/train_minor_0507_twostage/ARPG_3/candidate_win/ARPG_3_0_Medium_0_Medium_5_fps_60_frame_0382_0384_winner_overlay.png,bmv_hole,9,0.08,Splat Training,FineTuning,15393,0.029693287037037035,0.5216656921977523,0.058143311895017216,0.4201909959072306,20.59222623536016,19.89232678976817,0.699899445591992,0.04730789735913277,0.055267710238695145
train_minor_0507,ARPG_3_0_Medium_0_Medium_5_fps_60_frame_0382_0384,ARPG_3,0_Medium/0_Medium_5/fps_60,candidate_win,/workspace/src/GFI_docker/compare_outputs/GFI_prediction_region_compare/train_minor_0507_twostage/ARPG_3/candidate_win/ARPG_3_0_Medium_0_Medium_5_fps_60_frame_0382_0384_winner_overlay.png,fmv_hole,9,0.08,Splat Training,FineTuning,15552,0.03,0.36349022633744854,0.1527777777777778,0.48373199588477367,20.806531480224933,20.556025067007496,0.25050641321743683,0.049962930381298065,0.05362772196531296
train_minor_0507,ARPG_3_0_Medium_0_Medium_5_fps_60_frame_0382_0384,ARPG_3,0_Medium/0_Medium_5/fps_60,candidate_win,/workspace/src/GFI_docker/compare_outputs/GFI_prediction_region_compare/train_minor_0507_twostage/ARPG_3/candidate_win/ARPG_3_0_Medium_0_Medium_5_fps_60_frame_0382_0384_winner_overlay.png,bmv_many_to_one,9,0.08,Splat Training,FineTuning,8387,0.016178626543209878,0.27936091570287347,0.138547752474067,0.5820913318230595,16.1216006317944,15.841112079595304,0.2804885521990972,0.0950528085231781,0.1005435660481453
train_minor_0507,ARPG_3_0_Medium_0_Medium_5_fps_60_frame_0382_0384,ARPG_3,0_Medium/0_Medium_5/fps_60,candidate_win,/workspace/src/GFI_docker/compare_outputs/GFI_prediction_region_compare/train_minor_0507_twostage/ARPG_3/candidate_win/ARPG_3_0_Medium_0_Medium_5_fps_60_frame_0382_0384_winner_overlay.png,fmv_many_to_one,9,0.08,Splat Training,FineTuning,7931,0.015298996913580247,0.37107552641533226,0.1059135039717564,0.5230109696129114,20.055557802282333,18.747918089497688,1.3076397127846455,0.04897337406873703,0.06045689433813095
train_minor_0507,ARPG_3_0_Medium_0_Medium_5_fps_60_frame_0456_0458,ARPG_3,0_Medium/0_Medium_5/fps_60,candidate_win,/workspace/src/GFI_docker/compare_outputs/GFI_prediction_region_compare/train_minor_0507_twostage/ARPG_3/candidate_win/ARPG_3_0_Medium_0_Medium_5_fps_60_frame_0456_0458_winner_overlay.png,all,9,0.08,Splat Training,FineTuning,518400,1.0,0.22044753086419752,0.4756076388888889,0.3039448302469136,35.23625652619286,34.54015163673968,0.6961048894531814,0.0021983194164931774,0.002243093214929104
train_minor_0507,ARPG_3_0_Medium_0_Medium_5_fps_60_frame_0456_0458,ARPG_3,0_Medium/0_Medium_5/fps_60,candidate_win,/workspace/src/GFI_docker/compare_outputs/GFI_prediction_region_compare/train_minor_0507_twostage/ARPG_3/candidate_win/ARPG_3_0_Medium_0_Medium_5_fps_60_frame_0456_0458_winner_overlay.png,hit_both,9,0.08,Splat Training,FineTuning,514011,0.9915335648148148,0.21881438334977266,0.47748783586343485,0.3036977807867925,37.07647640800475,36.25560367697122,0.820872731033532,0.0017081658588722348,0.0017183556919917464
train_minor_0507,ARPG_3_0_Medium_0_Medium_5_fps_60_frame_0456_0458,ARPG_3,0_Medium/0_Medium_5/fps_60,candidate_win,/workspace/src/GFI_docker/compare_outputs/GFI_prediction_region_compare/train_minor_0507_twostage/ARPG_3/candidate_win/ARPG_3_0_Medium_0_Medium_5_fps_60_frame_0456_0458_winner_overlay.png,clean_both_no_hole_no_multi,9,0.08,Splat Training,FineTuning,511441,0.9865760030864198,0.21758521510790102,0.478802051458526,0.303612733433573,38.14437306583433,37.33136760718767,0.8130054586466571,0.0014700612518936396,0.0014381161890923977
train_minor_0507,ARPG_3_0_Medium_0_Medium_5_fps_60_frame_0456_0458,ARPG_3,0_Medium/0_Medium_5/fps_60,candidate_win,/workspace/src/GFI_docker/compare_outputs/GFI_prediction_region_compare/train_minor_0507_twostage/ARPG_3/candidate_win/ARPG_3_0_Medium_0_Medium_5_fps_60_frame_0456_0458_winner_overlay.png,hole_any,9,0.08,Splat Training,FineTuning,4389,0.008466435185185184,0.41171109592162225,0.2554112554112554,0.33287764866712233,19.060945799334576,18.605492506328996,0.45545329300557924,0.05960206687450409,0.0636969804763794
train_minor_0507,ARPG_3_0_Medium_0_Medium_5_fps_60_frame_0456_0458,ARPG_3,0_Medium/0_Medium_5/fps_60,candidate_win,/workspace/src/GFI_docker/compare_outputs/GFI_prediction_region_compare/train_minor_0507_twostage/ARPG_3/candidate_win/ARPG_3_0_Medium_0_Medium_5_fps_60_frame_0456_0458_winner_overlay.png,many_to_one_any,9,0.08,Splat Training,FineTuning,4114,0.007935956790123457,0.4219737481769567,0.24064171122994651,0.33738454059309675,19.82545244780019,18.98527713962291,0.8401753081772796,0.05665398761630058,0.06409995257854462
train_minor_0507,ARPG_3_0_Medium_0_Medium_5_fps_60_frame_0456_0458,ARPG_3,0_Medium/0_Medium_5/fps_60,candidate_win,/workspace/src/GFI_docker/compare_outputs/GFI_prediction_region_compare/train_minor_0507_twostage/ARPG_3/candidate_win/ARPG_3_0_Medium_0_Medium_5_fps_60_frame_0456_0458_winner_overlay.png,bmv_hole,9,0.08,Splat Training,FineTuning,2285,0.004407793209876543,0.387308533916849,0.24595185995623634,0.36673960612691464,18.262977352650154,17.752190787062283,0.5107865655878712,0.0656626746058464,0.07198924571275711
train_minor_0507,ARPG_3_0_Medium_0_Medium_5_fps_60_frame_0456_0458,ARPG_3,0_Medium/0_Medium_5/fps_60,candidate_win,/workspace/src/GFI_docker/compare_outputs/GFI_prediction_region_compare/train_minor_0507_twostage/ARPG_3/candidate_win/ARPG_3_0_Medium_0_Medium_5_fps_60_frame_0456_0458_winner_overlay.png,fmv_hole,9,0.08,Splat Training,FineTuning,2142,0.004131944444444444,0.4393090569561158,0.2642390289449113,0.2964519140989729,19.986311431877027,19.693671743990976,0.29263968788605155,0.05412021279335022,0.05568615347146988
train_minor_0507,ARPG_3_0_Medium_0_Medium_5_fps_60_frame_0456_0458,ARPG_3,0_Medium/0_Medium_5/fps_60,candidate_win,/workspace/src/GFI_docker/compare_outputs/GFI_prediction_region_compare/train_minor_0507_twostage/ARPG_3/candidate_win/ARPG_3_0_Medium_0_Medium_5_fps_60_frame_0456_0458_winner_overlay.png,bmv_many_to_one,9,0.08,Splat Training,FineTuning,2170,0.0041859567901234565,0.4294930875576037,0.276036866359447,0.2944700460829493,19.2708739476924,18.680598903375387,0.5902750443170142,0.06294870376586914,0.06843649595975876
train_minor_0507,ARPG_3_0_Medium_0_Medium_5_fps_60_frame_0456_0458,ARPG_3,0_Medium/0_Medium_5/fps_60,candidate_win,/workspace/src/GFI_docker/compare_outputs/GFI_prediction_region_compare/train_minor_0507_twostage/ARPG_3/candidate_win/ARPG_3_0_Medium_0_Medium_5_fps_60_frame_0456_0458_winner_overlay.png,fmv_many_to_one,9,0.08,Splat Training,FineTuning,2068,0.003989197530864197,0.41876208897485495,0.20406189555125726,0.3771760154738878,20.34203661821559,19.291762292663833,1.050274325551758,0.05070795491337776,0.059394318610429764
train_minor_0507,ARPG_3_0_Medium_0_Medium_5_fps_60_frame_0458_0460,ARPG_3,0_Medium/0_Medium_5/fps_60,candidate_win,/workspace/src/GFI_docker/compare_outputs/GFI_prediction_region_compare/train_minor_0507_twostage/ARPG_3/candidate_win/ARPG_3_0_Medium_0_Medium_5_fps_60_frame_0458_0460_winner_overlay.png,all,9,0.08,Splat Training,FineTuning,518400,1.0,0.24627507716049382,0.478954475308642,0.2747704475308642,35.46531465514389,34.69129476925144,0.7740198858924501,0.002518067602068186,0.0024855590891093016
train_minor_0507,ARPG_3_0_Medium_0_Medium_5_fps_60_frame_0458_0460,ARPG_3,0_Medium/0_Medium_5/fps_60,candidate_win,/workspace/src/GFI_docker/compare_outputs/GFI_prediction_region_compare/train_minor_0507_twostage/ARPG_3/candidate_win/ARPG_3_0_Medium_0_Medium_5_fps_60_frame_0458_0460_winner_overlay.png,hit_both,9,0.08,Splat Training,FineTuning,511231,0.9861709104938272,0.24477388890736282,0.4796774843466065,0.27554862674603064,37.23488078330745,36.17415250387979,1.0607282794276642,0.0019176257774233818,0.001943651121109724
train_minor_0507,ARPG_3_0_Medium_0_Medium_5_fps_60_frame_0458_0460,ARPG_3,0_Medium/0_Medium_5/fps_60,candidate_win,/workspace/src/GFI_docker/compare_outputs/GFI_prediction_region_compare/train_minor_0507_twostage/ARPG_3/candidate_win/ARPG_3_0_Medium_0_Medium_5_fps_60_frame_0458_0460_winner_overlay.png,clean_both_no_hole_no_multi,9,0.08,Splat Training,FineTuning,507198,0.9783912037037037,0.24303526433463854,0.4814332864088581,0.27553144925650336,38.78744491228871,37.84532024914164,0.9421246631470694,0.0015821097185835242,0.0015349152963608503
train_minor_0507,ARPG_3_0_Medium_0_Medium_5_fps_60_frame_0458_0460,ARPG_3,0_Medium/0_Medium_5/fps_60,candidate_win,/workspace/src/GFI_docker/compare_outputs/GFI_prediction_region_compare/train_minor_0507_twostage/ARPG_3/candidate_win/ARPG_3_0_Medium_0_Medium_5_fps_60_frame_0458_0460_winner_overlay.png,hole_any,9,0.08,Splat Training,FineTuning,7169,0.013829089506172839,0.35332682382480124,0.4273957316222625,0.21927744455293624,21.50942080407086,21.341306147407884,0.16811465666297565,0.045336268842220306,0.0411297045648098
train_minor_0507,ARPG_3_0_Medium_0_Medium_5_fps_60_frame_0458_0460,ARPG_3,0_Medium/0_Medium_5/fps_60,candidate_win,/workspace/src/GFI_docker/compare_outputs/GFI_prediction_region_compare/train_minor_0507_twostage/ARPG_3/candidate_win/ARPG_3_0_Medium_0_Medium_5_fps_60_frame_0458_0460_winner_overlay.png,many_to_one_any,9,0.08,Splat Training,FineTuning,5982,0.011539351851851851,0.4431628217987295,0.2704781009695754,0.28635907723169507,20.194807580071,19.26309694183199,0.9317106382390108,0.05375538393855095,0.06090886890888214
train_minor_0507,ARPG_3_0_Medium_0_Medium_5_fps_60_frame_0458_0460,ARPG_3,0_Medium/0_Medium_5/fps_60,candidate_win,/workspace/src/GFI_docker/compare_outputs/GFI_prediction_region_compare/train_minor_0507_twostage/ARPG_3/candidate_win/ARPG_3_0_Medium_0_Medium_5_fps_60_frame_0458_0460_winner_overlay.png,bmv_hole,9,0.08,Splat Training,FineTuning,3530,0.006809413580246913,0.36827195467422097,0.38838526912181304,0.243342776203966,20.746124091062068,20.5731296949481,0.1729943961139675,0.053237054497003555,0.04761132225394249
train_minor_0507,ARPG_3_0_Medium_0_Medium_5_fps_60_frame_0458_0460,ARPG_3,0_Medium/0_Medium_5/fps_60,candidate_win,/workspace/src/GFI_docker/compare_outputs/GFI_prediction_region_compare/train_minor_0507_twostage/ARPG_3/candidate_win/ARPG_3_0_Medium_0_Medium_5_fps_60_frame_0458_0460_winner_overlay.png,fmv_hole,9,0.08,Splat Training,FineTuning,3703,0.007143132716049383,0.34269511207129355,0.45962732919254656,0.19767755873615986,22.28662401800403,22.09683833570757,0.18978568229645987,0.03827103599905968,0.035778094083070755
train_minor_0507,ARPG_3_0_Medium_0_Medium_5_fps_60_frame_0458_0460,ARPG_3,0_Medium/0_Medium_5/fps_60,candidate_win,/workspace/src/GFI_docker/compare_outputs/GFI_prediction_region_compare/train_minor_0507_twostage/ARPG_3/candidate_win/ARPG_3_0_Medium_0_Medium_5_fps_60_frame_0458_0460_winner_overlay.png,bmv_many_to_one,9,0.08,Splat Training,FineTuning,3233,0.006236496913580247,0.4209712341478503,0.29693782864212803,0.28209093721002165,20.401684181283805,19.89867324687651,0.5030109344072962,0.051618821918964386,0.05649906024336815
train_minor_0507,ARPG_3_0_Medium_0_Medium_5_fps_60_frame_0458_0460,ARPG_3,0_Medium/0_Medium_5/fps_60,candidate_win,/workspace/src/GFI_docker/compare_outputs/GFI_prediction_region_compare/train_minor_0507_twostage/ARPG_3/candidate_win/ARPG_3_0_Medium_0_Medium_5_fps_60_frame_0458_0460_winner_overlay.png,fmv_many_to_one,9,0.08,Splat Training,FineTuning,3057,0.005896990740740741,0.44815178279358847,0.25547922800130846,0.296368989205103,19.664919023169062,18.507252039087586,1.1576669840814766,0.058467768132686615,0.0677318349480629
train_minor_0507,ARPG_3_0_Medium_0_Medium_5_fps_60_frame_0498_0500,ARPG_3,0_Medium/0_Medium_5/fps_60,candidate_win,/workspace/src/GFI_docker/compare_outputs/GFI_prediction_region_compare/train_minor_0507_twostage/ARPG_3/candidate_win/ARPG_3_0_Medium_0_Medium_5_fps_60_frame_0498_0500_winner_overlay.png,all,9,0.08,Splat Training,FineTuning,518400,1.0,0.16371913580246913,0.10364776234567902,0.7326331018518518,23.0707586059542,22.74641670977222,0.3243418961819806,0.03236457705497742,0.035074383020401
train_minor_0507,ARPG_3_0_Medium_0_Medium_5_fps_60_frame_0498_0500,ARPG_3,0_Medium/0_Medium_5/fps_60,candidate_win,/workspace/src/GFI_docker/compare_outputs/GFI_prediction_region_compare/train_minor_0507_twostage/ARPG_3/candidate_win/ARPG_3_0_Medium_0_Medium_5_fps_60_frame_0498_0500_winner_overlay.png,hit_both,9,0.08,Splat Training,FineTuning,480222,0.9263541666666667,0.1563839224358734,0.10350213026475255,0.7401139472993741,23.5208514278011,23.181217085084008,0.33963434271709403,0.030529599636793137,0.033247046172618866
train_minor_0507,ARPG_3_0_Medium_0_Medium_5_fps_60_frame_0498_0500,ARPG_3,0_Medium/0_Medium_5/fps_60,candidate_win,/workspace/src/GFI_docker/compare_outputs/GFI_prediction_region_compare/train_minor_0507_twostage/ARPG_3/candidate_win/ARPG_3_0_Medium_0_Medium_5_fps_60_frame_0498_0500_winner_overlay.png,clean_both_no_hole_no_multi,9,0.08,Splat Training,FineTuning,466937,0.900727237654321,0.15382589085893814,0.10302460503237053,0.7431495041086913,24.06955179654732,23.720894864079803,0.3486569324675166,0.028866639360785484,0.031470175832509995
train_minor_0507,ARPG_3_0_Medium_0_Medium_5_fps_60_frame_0498_0500,ARPG_3,0_Medium/0_Medium_5/fps_60,candidate_win,/workspace/src/GFI_docker/compare_outputs/GFI_prediction_region_compare/train_minor_0507_twostage/ARPG_3/candidate_win/ARPG_3_0_Medium_0_Medium_5_fps_60_frame_0498_0500_winner_overlay.png,hole_any,9,0.08,Splat Training,FineTuning,38178,0.07364583333333333,0.25598512232175596,0.10547959557860548,0.6385352820996385,19.57152420985413,19.32549487088339,0.24602933897073953,0.05544615909457207,0.05805988609790802
train_minor_0507,ARPG_3_0_Medium_0_Medium_5_fps_60_frame_0498_0500,ARPG_3,0_Medium/0_Medium_5/fps_60,candidate_win,/workspace/src/GFI_docker/compare_outputs/GFI_prediction_region_compare/train_minor_0507_twostage/ARPG_3/candidate_win/ARPG_3_0_Medium_0_Medium_5_fps_60_frame_0498_0500_winner_overlay.png,many_to_one_any,9,0.08,Splat Training,FineTuning,20061,0.038697916666666665,0.2089626638751807,0.11185883056677134,0.6791785055580479,16.821713577365763,16.58610531962561,0.2356082577401537,0.0837935134768486,0.08901224285364151
train_minor_0507,ARPG_3_0_Medium_0_Medium_5_fps_60_frame_0498_0500,ARPG_3,0_Medium/0_Medium_5/fps_60,candidate_win,/workspace/src/GFI_docker/compare_outputs/GFI_prediction_region_compare/train_minor_0507_twostage/ARPG_3/candidate_win/ARPG_3_0_Medium_0_Medium_5_fps_60_frame_0498_0500_winner_overlay.png,bmv_hole,9,0.08,Splat Training,FineTuning,19866,0.03832175925925926,0.27368368066042487,0.08355985100171147,0.6427564683378637,18.62247788580906,18.22121635952772,0.40126152628134193,0.06239491328597069,0.06639958173036575
train_minor_0507,ARPG_3_0_Medium_0_Medium_5_fps_60_frame_0498_0500,ARPG_3,0_Medium/0_Medium_5/fps_60,candidate_win,/workspace/src/GFI_docker/compare_outputs/GFI_prediction_region_compare/train_minor_0507_twostage/ARPG_3/candidate_win/ARPG_3_0_Medium_0_Medium_5_fps_60_frame_0498_0500_winner_overlay.png,fmv_hole,9,0.08,Splat Training,FineTuning,19376,0.037376543209876545,0.24334227910817507,0.13000619322873658,0.6266515276630884,20.49306982439351,20.419956212501855,0.07311361189165311,0.05106161907315254,0.05300446227192879
train_minor_0507,ARPG_3_0_Medium_0_Medium_5_fps_60_frame_0498_0500,ARPG_3,0_Medium/0_Medium_5/fps_60,candidate_win,/workspace/src/GFI_docker/compare_outputs/GFI_prediction_region_compare/train_minor_0507_twostage/ARPG_3/candidate_win/ARPG_3_0_Medium_0_Medium_5_fps_60_frame_0498_0500_winner_overlay.png,bmv_many_to_one,9,0.08,Splat Training,FineTuning,11937,0.02302662037037037,0.16218480355198123,0.1195442741057217,0.7182709223422971,15.729011984747148,15.673804452598826,0.05520753214832119,0.09986722469329834,0.10278340429067612
train_minor_0507,ARPG_3_0_Medium_0_Medium_5_fps_60_frame_0498_0500,ARPG_3,0_Medium/0_Medium_5/fps_60,candidate_win,/workspace/src/GFI_docker/compare_outputs/GFI_prediction_region_compare/train_minor_0507_twostage/ARPG_3/candidate_win/ARPG_3_0_Medium_0_Medium_5_fps_60_frame_0498_0500_winner_overlay.png,fmv_many_to_one,9,0.08,Splat Training,FineTuning,9584,0.018487654320987656,0.2854757929883139,0.10058430717863105,0.6139398998330551,18.75749191230488,17.967553892574948,0.7899380197299308,0.06373421847820282,0.07325786352157593
train_minor_0507,ARPG_3_0_Medium_0_Medium_5_fps_60_frame_0744_0746,ARPG_3,0_Medium/0_Medium_5/fps_60,candidate_win,/workspace/src/GFI_docker/compare_outputs/GFI_prediction_region_compare/train_minor_0507_twostage/ARPG_3/candidate_win/ARPG_3_0_Medium_0_Medium_5_fps_60_frame_0744_0746_winner_overlay.png,all,9,0.08,Splat Training,FineTuning,518400,1.0,0.2947145061728395,0.23685378086419753,0.468431712962963,35.0709737265705,34.26405031771055,0.8069234088599515,0.0039940327405929565,0.004351528361439705
train_minor_0507,ARPG_3_0_Medium_0_Medium_5_fps_60_frame_0744_0746,ARPG_3,0_Medium/0_Medium_5/fps_60,candidate_win,/workspace/src/GFI_docker/compare_outputs/GFI_prediction_region_compare/train_minor_0507_twostage/ARPG_3/candidate_win/ARPG_3_0_Medium_0_Medium_5_fps_60_frame_0744_0746_winner_overlay.png,hit_both,9,0.08,Splat Training,FineTuning,499839,0.9641956018518518,0.2904695311890429,0.23644413501147368,0.47308633379948345,36.56959677138865,36.064022372864024,0.5055743985246295,0.003379024798050523,0.003596982453018427
train_minor_0507,ARPG_3_0_Medium_0_Medium_5_fps_60_frame_0744_0746,ARPG_3,0_Medium/0_Medium_5/fps_60,candidate_win,/workspace/src/GFI_docker/compare_outputs/GFI_prediction_region_compare/train_minor_0507_twostage/ARPG_3/candidate_win/ARPG_3_0_Medium_0_Medium_5_fps_60_frame_0744_0746_winner_overlay.png,clean_both_no_hole_no_multi,9,0.08,Splat Training,FineTuning,494481,0.9538599537037037,0.28849440120045056,0.23739233661151793,0.4741132621880315,37.774772768952985,37.74115660750392,0.03361616144906776,0.003109754528850317,0.003228152869269252
train_minor_0507,ARPG_3_0_Medium_0_Medium_5_fps_60_frame_0744_0746,ARPG_3,0_Medium/0_Medium_5/fps_60,candidate_win,/workspace/src/GFI_docker/compare_outputs/GFI_prediction_region_compare/train_minor_0507_twostage/ARPG_3/candidate_win/ARPG_3_0_Medium_0_Medium_5_fps_60_frame_0744_0746_winner_overlay.png,hole_any,9,0.08,Splat Training,FineTuning,18561,0.03580439814814815,0.40902968590054417,0.247885351004795,0.34308496309466086,25.59720415015391,24.204847052364258,1.3923570977896524,0.020555857568979263,0.024671100080013275
train_minor_0507,ARPG_3_0_Medium_0_Medium_5_fps_60_frame_0744_0746,ARPG_3,0_Medium/0_Medium_5/fps_60,candidate_win,/workspace/src/GFI_docker/compare_outputs/GFI_prediction_region_compare/train_minor_0507_twostage/ARPG_3/candidate_win/ARPG_3_0_Medium_0_Medium_5_fps_60_frame_0744_0746_winner_overlay.png,many_to_one_any,9,0.08,Splat Training,FineTuning,8702,0.016786265432098765,0.3662376465180418,0.18673868076304298,0.4470236727189152,22.579024515433453,21.595298860370733,0.9837256550627203,0.03367733210325241,0.039619166404008865
train_minor_0507,ARPG_3_0_Medium_0_Medium_5_fps_60_frame_0744_0746,ARPG_3,0_Medium/0_Medium_5/fps_60,candidate_win,/workspace/src/GFI_docker/compare_outputs/GFI_prediction_region_compare/train_minor_0507_twostage/ARPG_3/candidate_win/ARPG_3_0_Medium_0_Medium_5_fps_60_frame_0744_0746_winner_overlay.png,bmv_hole,9,0.08,Splat Training,FineTuning,9518,0.01836033950617284,0.4016600126076907,0.26833368354696363,0.3300063038453457,25.360834118138165,24.26817308963321,1.0926610285049563,0.02061673253774643,0.02395392581820488
train_minor_0507,ARPG_3_0_Medium_0_Medium_5_fps_60_frame_0744_0746,ARPG_3,0_Medium/0_Medium_5/fps_60,candidate_win,/workspace/src/GFI_docker/compare_outputs/GFI_prediction_region_compare/train_minor_0507_twostage/ARPG_3/candidate_win/ARPG_3_0_Medium_0_Medium_5_fps_60_frame_0744_0746_winner_overlay.png,fmv_hole,9,0.08,Splat Training,FineTuning,9525,0.01837384259259259,0.4293963254593176,0.21931758530183726,0.35128608923884513,25.326763216121297,23.0296658292853,2.297097386835997,0.022308681160211563,0.029577204957604408
train_minor_0507,ARPG_3_0_Medium_0_Medium_5_fps_60_frame_0744_0746,ARPG_3,0_Medium/0_Medium_5/fps_60,candidate_win,/workspace/src/GFI_docker/compare_outputs/GFI_prediction_region_compare/train_minor_0507_twostage/ARPG_3/candidate_win/ARPG_3_0_Medium_0_Medium_5_fps_60_frame_0744_0746_winner_overlay.png,bmv_many_to_one,9,0.08,Splat Training,FineTuning,4495,0.00867091049382716,0.37130144605116794,0.18553948832035594,0.44315906562847607,22.10798618527065,20.95799530100028,1.1499908842703697,0.035810597240924835,0.0426550917327404
train_minor_0507,ARPG_3_0_Medium_0_Medium_5_fps_60_frame_0744_0746,ARPG_3,0_Medium/0_Medium_5/fps_60,candidate_win,/workspace/src/GFI_docker/compare_outputs/GFI_prediction_region_compare/train_minor_0507_twostage/ARPG_3/candidate_win/ARPG_3_0_Medium_0_Medium_5_fps_60_frame_0744_0746_winner_overlay.png,fmv_many_to_one,9,0.08,Splat Training,FineTuning,4725,0.009114583333333334,0.3729100529100529,0.18793650793650793,0.43915343915343913,22.59627495422293,21.582493366201092,1.013781588021839,0.03435654193162918,0.04065373167395592
train_minor_0507,ARPG_3_1_Easy_1_Easy_5_fps_60_frame_0000_0002,ARPG_3,1_Easy/1_Easy_5/fps_60,candidate_win,/workspace/src/GFI_docker/compare_outputs/GFI_prediction_region_compare/train_minor_0507_twostage/ARPG_3/candidate_win/ARPG_3_1_Easy_1_Easy_5_fps_60_frame_0000_0002_winner_overlay.png,all,9,0.08,Splat Training,FineTuning,518400,1.0,0.33640817901234565,0.1602662037037037,0.5033256172839506,34.116728329327024,33.78647392978123,0.33025439954579383,0.00532942172139883,0.005723069421947002
train_minor_0507,ARPG_3_1_Easy_1_Easy_5_fps_60_frame_0000_0002,ARPG_3,1_Easy/1_Easy_5/fps_60,candidate_win,/workspace/src/GFI_docker/compare_outputs/GFI_prediction_region_compare/train_minor_0507_twostage/ARPG_3/candidate_win/ARPG_3_1_Easy_1_Easy_5_fps_60_frame_0000_0002_winner_overlay.png,hit_both,9,0.08,Splat Training,FineTuning,502200,0.96875,0.335131421744325,0.15612903225806452,0.5087395459976105,35.35761181794852,34.940307307417626,0.41730451053089723,0.004755394533276558,0.005159483756870031
train_minor_0507,ARPG_3_1_Easy_1_Easy_5_fps_60_frame_0000_0002,ARPG_3,1_Easy/1_Easy_5/fps_60,candidate_win,/workspace/src/GFI_docker/compare_outputs/GFI_prediction_region_compare/train_minor_0507_twostage/ARPG_3/candidate_win/ARPG_3_1_Easy_1_Easy_5_fps_60_frame_0000_0002_winner_overlay.png,clean_both_no_hole_no_multi,9,0.08,Splat Training,FineTuning,494808,0.9544907407407407,0.3347763172786212,0.15362726552521383,0.511596417196165,36.398942343085636,36.15341245335321,0.24552988973242407,0.004461864475160837,0.004798779729753733
train_minor_0507,ARPG_3_1_Easy_1_Easy_5_fps_60_frame_0000_0002,ARPG_3,1_Easy/1_Easy_5/fps_60,candidate_win,/workspace/src/GFI_docker/compare_outputs/GFI_prediction_region_compare/train_minor_0507_twostage/ARPG_3/candidate_win/ARPG_3_1_Easy_1_Easy_5_fps_60_frame_0000_0002_winner_overlay.png,hole_any,9,0.08,Splat Training,FineTuning,16200,0.03125,0.37598765432098763,0.2885185185185185,0.3354938271604938,24.719318799304286,24.631010821593403,0.08830797771088328,0.023124264553189278,0.02319430373609066
train_minor_0507,ARPG_3_1_Easy_1_Easy_5_fps_60_frame_0000_0002,ARPG_3,1_Easy/1_Easy_5/fps_60,candidate_win,/workspace/src/GFI_docker/compare_outputs/GFI_prediction_region_compare/train_minor_0507_twostage/ARPG_3/candidate_win/ARPG_3_1_Easy_1_Easy_5_fps_60_frame_0000_0002_winner_overlay.png,many_to_one_any,9,0.08,Splat Training,FineTuning,8953,0.017270447530864198,0.3346364347146208,0.3091701105774601,0.35619345470791913,22.394485697713186,21.854361838349018,0.5401238593641686,0.03105951100587845,0.034990280866622925
train_minor_0507,ARPG_3_1_Easy_1_Easy_5_fps_60_frame_0000_0002,ARPG_3,1_Easy/1_Easy_5/fps_60,candidate_win,/workspace/src/GFI_docker/compare_outputs/GFI_prediction_region_compare/train_minor_0507_twostage/ARPG_3/candidate_win/ARPG_3_1_Easy_1_Easy_5_fps_60_frame_0000_0002_winner_overlay.png,bmv_hole,9,0.08,Splat Training,FineTuning,8226,0.015868055555555555,0.4416484318016047,0.23729637734014103,0.3210551908582543,25.186790262517196,25.071181668712995,0.11560859380420041,0.022688621655106544,0.0235166996717453
train_minor_0507,ARPG_3_1_Easy_1_Easy_5_fps_60_frame_0000_0002,ARPG_3,1_Easy/1_Easy_5/fps_60,candidate_win,/workspace/src/GFI_docker/compare_outputs/GFI_prediction_region_compare/train_minor_0507_twostage/ARPG_3/candidate_win/ARPG_3_1_Easy_1_Easy_5_fps_60_frame_0000_0002_winner_overlay.png,fmv_hole,9,0.08,Splat Training,FineTuning,8226,0.015868055555555555,0.31303185023097496,0.33807439824945296,0.3488937515195721,24.311909324615897,24.23478465615856,0.07712466845733701,0.02380305342376232,0.02320650964975357
train_minor_0507,ARPG_3_1_Easy_1_Easy_5_fps_60_frame_0000_0002,ARPG_3,1_Easy/1_Easy_5/fps_60,candidate_win,/workspace/src/GFI_docker/compare_outputs/GFI_prediction_region_compare/train_minor_0507_twostage/ARPG_3/candidate_win/ARPG_3_1_Easy_1_Easy_5_fps_60_frame_0000_0002_winner_overlay.png,bmv_many_to_one,9,0.08,Splat Training,FineTuning,4925,0.009500385802469136,0.36609137055837565,0.3155329949238579,0.3183756345177665,22.749892816622364,21.697031691622954,1.05286112499941,0.02791466750204563,0.03415839001536369
train_minor_0507,ARPG_3_1_Easy_1_Easy_5_fps_60_frame_0000_0002,ARPG_3,1_Easy/1_Easy_5/fps_60,candidate_win,/workspace/src/GFI_docker/compare_outputs/GFI_prediction_region_compare/train_minor_0507_twostage/ARPG_3/candidate_win/ARPG_3_1_Easy_1_Easy_5_fps_60_frame_0000_0002_winner_overlay.png,fmv_many_to_one,9,0.08,Splat Training,FineTuning,4596,0.00886574074074074,0.29482158398607483,0.2906875543951262,0.41449086161879894,21.840716085214574,21.672183890194418,0.16853219502015548,0.034974146634340286,0.036899663507938385
train_minor_0507,ARPG_3_1_Easy_1_Easy_5_fps_60_frame_0004_0006,ARPG_3,1_Easy/1_Easy_5/fps_60,candidate_win,/workspace/src/GFI_docker/compare_outputs/GFI_prediction_region_compare/train_minor_0507_twostage/ARPG_3/candidate_win/ARPG_3_1_Easy_1_Easy_5_fps_60_frame_0004_0006_winner_overlay.png,all,9,0.08,Splat Training,FineTuning,518400,1.0,0.36019868827160495,0.19737461419753086,0.4424266975308642,34.86922261299832,34.488332384424474,0.3808902285738469,0.004763178061693907,0.0051241605542600155
train_minor_0507,ARPG_3_1_Easy_1_Easy_5_fps_60_frame_0004_0006,ARPG_3,1_Easy/1_Easy_5/fps_60,candidate_win,/workspace/src/GFI_docker/compare_outputs/GFI_prediction_region_compare/train_minor_0507_twostage/ARPG_3/candidate_win/ARPG_3_1_Easy_1_Easy_5_fps_60_frame_0004_0006_winner_overlay.png,hit_both,9,0.08,Splat Training,FineTuning,501879,0.968130787037037,0.3585286493357961,0.19414639783692883,0.4473249528272751,36.27185711037412,35.73771690828842,0.5341402020857018,0.004168812185525894,0.004542936105281115
train_minor_0507,ARPG_3_1_Easy_1_Easy_5_fps_60_frame_0004_0006,ARPG_3,1_Easy/1_Easy_5/fps_60,candidate_win,/workspace/src/GFI_docker/compare_outputs/GFI_prediction_region_compare/train_minor_0507_twostage/ARPG_3/candidate_win/ARPG_3_1_Easy_1_Easy_5_fps_60_frame_0004_0006_winner_overlay.png,clean_both_no_hole_no_multi,9,0.08,Splat Training,FineTuning,494236,0.9533873456790124,0.35780477342807887,0.19181726948259537,0.45037795708932576,37.24667167489015,36.761494115482726,0.48517755940742546,0.003908095415681601,0.004243176896125078
train_minor_0507,ARPG_3_1_Easy_1_Easy_5_fps_60_frame_0004_0006,ARPG_3,1_Easy/1_Easy_5/fps_60,candidate_win,/workspace/src/GFI_docker/compare_outputs/GFI_prediction_region_compare/train_minor_0507_twostage/ARPG_3/candidate_win/ARPG_3_1_Easy_1_Easy_5_fps_60_frame_0004_0006_winner_overlay.png,hole_any,9,0.08,Splat Training,FineTuning,16521,0.03186921296296296,0.4109315416742328,0.29544216451788635,0.29362629380788086,25.145111695418798,25.146105006344737,-0.000993310925938573,0.02281896583735943,0.022780749946832657
train_minor_0507,ARPG_3_1_Easy_1_Easy_5_fps_60_frame_0004_0006,ARPG_3,1_Easy/1_Easy_5/fps_60,candidate_win,/workspace/src/GFI_docker/compare_outputs/GFI_prediction_region_compare/train_minor_0507_twostage/ARPG_3/candidate_win/ARPG_3_1_Easy_1_Easy_5_fps_60_frame_0004_0006_winner_overlay.png,many_to_one_any,9,0.08,Splat Training,FineTuning,8998,0.017357253086419753,0.38575238941987106,0.3419648810846855,0.2722827294954434,22.608597536633464,22.33839170390567,0.2702058327277932,0.03007596544921398,0.03249160572886467
train_minor_0507,ARPG_3_1_Easy_1_Easy_5_fps_60_frame_0004_0006,ARPG_3,1_Easy/1_Easy_5/fps_60,candidate_win,/workspace/src/GFI_docker/compare_outputs/GFI_prediction_region_compare/train_minor_0507_twostage/ARPG_3/candidate_win/ARPG_3_1_Easy_1_Easy_5_fps_60_frame_0004_0006_winner_overlay.png,bmv_hole,9,0.08,Splat Training,FineTuning,8470,0.016338734567901234,0.46469893742621016,0.2833530106257379,0.2519480519480519,24.900885580975043,25.350888977644015,-0.45000339666897204,0.023584354668855667,0.02293786033987999
train_minor_0507,ARPG_3_1_Easy_1_Easy_5_fps_60_frame_0004_0006,ARPG_3,1_Easy/1_Easy_5/fps_60,candidate_win,/workspace/src/GFI_docker/compare_outputs/GFI_prediction_region_compare/train_minor_0507_twostage/ARPG_3/candidate_win/ARPG_3_1_Easy_1_Easy_5_fps_60_frame_0004_0006_winner_overlay.png,fmv_hole,9,0.08,Splat Training,FineTuning,8395,0.016194058641975307,0.3581893984514592,0.30470518165574745,0.33710541989279336,25.2527731069693,24.777457166736237,0.4753159402330631,0.02270679362118244,0.02345358021557331
train_minor_0507,ARPG_3_1_Easy_1_Easy_5_fps_60_frame_0004_0006,ARPG_3,1_Easy/1_Easy_5/fps_60,candidate_win,/workspace/src/GFI_docker/compare_outputs/GFI_prediction_region_compare/train_minor_0507_twostage/ARPG_3/candidate_win/ARPG_3_1_Easy_1_Easy_5_fps_60_frame_0004_0006_winner_overlay.png,bmv_many_to_one,9,0.08,Splat Training,FineTuning,4936,0.009521604938271606,0.40133711507293357,0.32192058346839547,0.276742301458671,23.04749033375363,22.519109861478857,0.5283804722747725,0.027613850310444832,0.03053569421172142
train_minor_0507,ARPG_3_1_Easy_1_Easy_5_fps_60_frame_0004_0006,ARPG_3,1_Easy/1_Easy_5/fps_60,candidate_win,/workspace/src/GFI_docker/compare_outputs/GFI_prediction_region_compare/train_minor_0507_twostage/ARPG_3/candidate_win/ARPG_3_1_Easy_1_Easy_5_fps_60_frame_0004_0006_winner_overlay.png,fmv_many_to_one,9,0.08,Splat Training,FineTuning,4635,0.008940972222222222,0.38683926645091693,0.3568500539374326,0.2563106796116505,22.440339283489273,22.542899481975866,-0.10256019848659292,0.031244508922100067,0.03232607990503311
train_minor_0507,ARPG_3_1_Easy_1_Easy_5_fps_60_frame_0006_0008,ARPG_3,1_Easy/1_Easy_5/fps_60,candidate_win,/workspace/src/GFI_docker/compare_outputs/GFI_prediction_region_compare/train_minor_0507_twostage/ARPG_3/candidate_win/ARPG_3_1_Easy_1_Easy_5_fps_60_frame_0006_0008_winner_overlay.png,all,9,0.08,Splat Training,FineTuning,518400,1.0,0.3609104938271605,0.19304783950617285,0.44604166666666667,34.876228062907124,34.51768096789938,0.3585470950077436,0.004772740416228771,0.005117768421769142
train_minor_0507,ARPG_3_1_Easy_1_Easy_5_fps_60_frame_0006_0008,ARPG_3,1_Easy/1_Easy_5/fps_60,candidate_win,/workspace/src/GFI_docker/compare_outputs/GFI_prediction_region_compare/train_minor_0507_twostage/ARPG_3/candidate_win/ARPG_3_1_Easy_1_Easy_5_fps_60_frame_0006_0008_winner_overlay.png,hit_both,9,0.08,Splat Training,FineTuning,501875,0.9681230709876543,0.3596034869240349,0.18875217932752178,0.4516443337484433,35.89255686371494,35.42143379374994,0.471123069964996,0.004264968913048506,0.004632556810975075
train_minor_0507,ARPG_3_1_Easy_1_Easy_5_fps_60_frame_0006_0008,ARPG_3,1_Easy/1_Easy_5/fps_60,candidate_win,/workspace/src/GFI_docker/compare_outputs/GFI_prediction_region_compare/train_minor_0507_twostage/ARPG_3/candidate_win/ARPG_3_1_Easy_1_Easy_5_fps_60_frame_0006_0008_winner_overlay.png,clean_both_no_hole_no_multi,9,0.08,Splat Training,FineTuning,494030,0.9529899691358025,0.3585207376070279,0.18689553265995992,0.45458372973301214,36.87652535415151,36.44143981938111,0.43508553477040124,0.004003068897873163,0.004337641876190901
train_minor_0507,ARPG_3_1_Easy_1_Easy_5_fps_60_frame_0006_0008,ARPG_3,1_Easy/1_Easy_5/fps_60,candidate_win,/workspace/src/GFI_docker/compare_outputs/GFI_prediction_region_compare/train_minor_0507_twostage/ARPG_3/candidate_win/ARPG_3_1_Easy_1_Easy_5_fps_60_frame_0006_0008_winner_overlay.png,hole_any,9,0.08,Splat Training,FineTuning,16525,0.03187692901234568,0.40060514372163386,0.3235098335854765,0.27588502269288956,26.221097086723443,26.253181954600574,-0.03208486787713127,0.02019408345222473,0.01985393464565277
train_minor_0507,ARPG_3_1_Easy_1_Easy_5_fps_60_frame_0006_0008,ARPG_3,1_Easy/1_Easy_5/fps_60,candidate_win,/workspace/src/GFI_docker/compare_outputs/GFI_prediction_region_compare/train_minor_0507_twostage/ARPG_3/candidate_win/ARPG_3_1_Easy_1_Easy_5_fps_60_frame_0006_0008_winner_overlay.png,many_to_one_any,9,0.08,Splat Training,FineTuning,8940,0.01724537037037037,0.41577181208053693,0.2986577181208054,0.28557046979865774,23.21319821445011,22.78894623097964,0.42425198347046944,0.02687283419072628,0.029439399018883705
train_minor_0507,ARPG_3_1_Easy_1_Easy_5_fps_60_frame_0006_0008,ARPG_3,1_Easy/1_Easy_5/fps_60,candidate_win,/workspace/src/GFI_docker/compare_outputs/GFI_prediction_region_compare/train_minor_0507_twostage/ARPG_3/candidate_win/ARPG_3_1_Easy_1_Easy_5_fps_60_frame_0006_0008_winner_overlay.png,bmv_hole,9,0.08,Splat Training,FineTuning,8499,0.016394675925925927,0.4500529474055771,0.3049770561242499,0.24496999647017295,26.034572979440856,26.017924872392875,0.016648107047981142,0.02173604629933834,0.021391212940216064
train_minor_0507,ARPG_3_1_Easy_1_Easy_5_fps_60_frame_0006_0008,ARPG_3,1_Easy/1_Easy_5/fps_60,candidate_win,/workspace/src/GFI_docker/compare_outputs/GFI_prediction_region_compare/train_minor_0507_twostage/ARPG_3/candidate_win/ARPG_3_1_Easy_1_Easy_5_fps_60_frame_0006_0008_winner_overlay.png,fmv_hole,9,0.08,Splat Training,FineTuning,8443,0.016286651234567903,0.3542579651782542,0.34051877294800426,0.30522326187374155,26.23398366173015,26.128404501672193,0.10557916005795676,0.019764680415391922,0.019767777994275093
train_minor_0507,ARPG_3_1_Easy_1_Easy_5_fps_60_frame_0006_0008,ARPG_3,1_Easy/1_Easy_5/fps_60,candidate_win,/workspace/src/GFI_docker/compare_outputs/GFI_prediction_region_compare/train_minor_0507_twostage/ARPG_3/candidate_win/ARPG_3_1_Easy_1_Easy_5_fps_60_frame_0006_0008_winner_overlay.png,bmv_many_to_one,9,0.08,Splat Training,FineTuning,4897,0.009446373456790124,0.4306718399019808,0.33285685113334695,0.23647130896467225,22.891581577836813,22.56058290050418,0.33099867733263366,0.026431014761328697,0.02913401648402214
train_minor_0507,ARPG_3_1_Easy_1_Easy_5_fps_60_frame_0006_0008,ARPG_3,1_Easy/1_Easy_5/fps_60,candidate_win,/workspace/src/GFI_docker/compare_outputs/GFI_prediction_region_compare/train_minor_0507_twostage/ARPG_3/candidate_win/ARPG_3_1_Easy_1_Easy_5_fps_60_frame_0006_0008_winner_overlay.png,fmv_many_to_one,9,0.08,Splat Training,FineTuning,4670,0.009008487654320987,0.4062098501070664,0.27430406852248396,0.3194860813704497,23.683807297546107,23.098060609840722,0.5857466877053845,0.026815859600901604,0.0291738398373127
train_minor_0507,ARPG_3_1_Easy_1_Easy_5_fps_60_frame_0010_0012,ARPG_3,1_Easy/1_Easy_5/fps_60,candidate_win,/workspace/src/GFI_docker/compare_outputs/GFI_prediction_region_compare/train_minor_0507_twostage/ARPG_3/candidate_win/ARPG_3_1_Easy_1_Easy_5_fps_60_frame_0010_0012_winner_overlay.png,all,9,0.08,Splat Training,FineTuning,518400,1.0,0.33677662037037037,0.18866126543209877,0.47456211419753086,34.40712497456665,33.961983309715514,0.4451416648511355,0.005090470891445875,0.00547916442155838
train_minor_0507,ARPG_3_1_Easy_1_Easy_5_fps_60_frame_0010_0012,ARPG_3,1_Easy/1_Easy_5/fps_60,candidate_win,/workspace/src/GFI_docker/compare_outputs/GFI_prediction_region_compare/train_minor_0507_twostage/ARPG_3/candidate_win/ARPG_3_1_Easy_1_Easy_5_fps_60_frame_0010_0012_winner_overlay.png,hit_both,9,0.08,Splat Training,FineTuning,501612,0.9676157407407407,0.3331100531885202,0.18578901621173338,0.4811009305997464,35.598613724266464,35.12433968300045,0.474274041266014,0.004546276293694973,0.0049466323107481
train_minor_0507,ARPG_3_1_Easy_1_Easy_5_fps_60_frame_0010_0012,ARPG_3,1_Easy/1_Easy_5/fps_60,candidate_win,/workspace/src/GFI_docker/compare_outputs/GFI_prediction_region_compare/train_minor_0507_twostage/ARPG_3/candidate_win/ARPG_3_1_Easy_1_Easy_5_fps_60_frame_0010_0012_winner_overlay.png,clean_both_no_hole_no_multi,9,0.08,Splat Training,FineTuning,494145,0.9532118055555555,0.3317447307976404,0.1839480314482591,0.4843072377541005,36.52289615233413,36.19677739008657,0.3261187622475603,0.004258022177964449,0.004604467656463385
train_minor_0507,ARPG_3_1_Easy_1_Easy_5_fps_60_frame_0010_0012,ARPG_3,1_Easy/1_Easy_5/fps_60,candidate_win,/workspace/src/GFI_docker/compare_outputs/GFI_prediction_region_compare/train_minor_0507_twostage/ARPG_3/candidate_win/ARPG_3_1_Easy_1_Easy_5_fps_60_frame_0010_0012_winner_overlay.png,hole_any,9,0.08,Splat Training,FineTuning,16788,0.03238425925925926,0.44633071241362876,0.27448177269478197,0.2791875148915892,25.285415869684215,24.92230673447628,0.3631091352079352,0.02135060727596283,0.02139078453183174
train_minor_0507,ARPG_3_1_Easy_1_Easy_5_fps_60_frame_0010_0012,ARPG_3,1_Easy/1_Easy_5/fps_60,candidate_win,/workspace/src/GFI_docker/compare_outputs/GFI_prediction_region_compare/train_minor_0507_twostage/ARPG_3/candidate_win/ARPG_3_1_Easy_1_Easy_5_fps_60_frame_0010_0012_winner_overlay.png,many_to_one_any,9,0.08,Splat Training,FineTuning,8866,0.017102623456790124,0.40300022558087073,0.28806677193773966,0.30893300248138955,22.916063861541044,22.155246071289056,0.7608177902519877,0.029479732736945152,0.033280547708272934
train_minor_0507,ARPG_3_1_Easy_1_Easy_5_fps_60_frame_0010_0012,ARPG_3,1_Easy/1_Easy_5/fps_60,candidate_win,/workspace/src/GFI_docker/compare_outputs/GFI_prediction_region_compare/train_minor_0507_twostage/ARPG_3/candidate_win/ARPG_3_1_Easy_1_Easy_5_fps_60_frame_0010_0012_winner_overlay.png,bmv_hole,9,0.08,Splat Training,FineTuning,8534,0.01646219135802469,0.4103585657370518,0.32294352003749704,0.26669791422545114,25.01074671922713,24.643475435256907,0.36727128397022213,0.023523898795247078,0.023109406232833862
train_minor_0507,ARPG_3_1_Easy_1_Easy_5_fps_60_frame_0010_0012,ARPG_3,1_Easy/1_Easy_5/fps_60,candidate_win,/workspace/src/GFI_docker/compare_outputs/GFI_prediction_region_compare/train_minor_0507_twostage/ARPG_3/candidate_win/ARPG_3_1_Easy_1_Easy_5_fps_60_frame_0010_0012_winner_overlay.png,fmv_hole,9,0.08,Splat Training,FineTuning,8472,0.016342592592592593,0.4852455146364495,0.22344192634560905,0.29131255901794145,25.027882918139817,24.49682043706325,0.5310624810765674,0.020713523030281067,0.021722305566072464
train_minor_0507,ARPG_3_1_Easy_1_Easy_5_fps_60_frame_0010_0012,ARPG_3,1_Easy/1_Easy_5/fps_60,candidate_win,/workspace/src/GFI_docker/compare_outputs/GFI_prediction_region_compare/train_minor_0507_twostage/ARPG_3/candidate_win/ARPG_3_1_Easy_1_Easy_5_fps_60_frame_0010_0012_winner_overlay.png,bmv_many_to_one,9,0.08,Splat Training,FineTuning,4715,0.009095293209876544,0.4163308589607635,0.28547189819724283,0.2981972428419936,22.191994193174374,21.935886669438446,0.2561075237359276,0.030745431780815125,0.03341193124651909
train_minor_0507,ARPG_3_1_Easy_1_Easy_5_fps_60_frame_0010_0012,ARPG_3,1_Easy/1_Easy_5/fps_60,candidate_win,/workspace/src/GFI_docker/compare_outputs/GFI_prediction_region_compare/train_minor_0507_twostage/ARPG_3/candidate_win/ARPG_3_1_Easy_1_Easy_5_fps_60_frame_0010_0012_winner_overlay.png,fmv_many_to_one,9,0.08,Splat Training,FineTuning,4656,0.008981481481481481,0.40893470790378006,0.2772766323024055,0.31378865979381443,23.488750763651364,22.324125126080226,1.1646256375711381,0.02886204794049263,0.03339173272252083
train_minor_0507,ARPG_3_1_Easy_1_Easy_5_fps_60_frame_0264_0266,ARPG_3,1_Easy/1_Easy_5/fps_60,candidate_win,/workspace/src/GFI_docker/compare_outputs/GFI_prediction_region_compare/train_minor_0507_twostage/ARPG_3/candidate_win/ARPG_3_1_Easy_1_Easy_5_fps_60_frame_0264_0266_winner_overlay.png,all,9,0.08,Splat Training,FineTuning,518400,1.0,0.23937114197530865,0.12077353395061728,0.6398553240740741,19.979115520196995,19.774040125958173,0.20507539423882193,0.050470735877752304,0.05382143706083298
train_minor_0507,ARPG_3_1_Easy_1_Easy_5_fps_60_frame_0264_0266,ARPG_3,1_Easy/1_Easy_5/fps_60,candidate_win,/workspace/src/GFI_docker/compare_outputs/GFI_prediction_region_compare/train_minor_0507_twostage/ARPG_3/candidate_win/ARPG_3_1_Easy_1_Easy_5_fps_60_frame_0264_0266_winner_overlay.png,hit_both,9,0.08,Splat Training,FineTuning,459358,0.8861072530864198,0.23048471997875294,0.11684350767810728,0.6526717723431398,20.494461508997208,20.25447793713985,0.2399835718573584,0.0471678152680397,0.05042281374335289
train_minor_0507,ARPG_3_1_Easy_1_Easy_5_fps_60_frame_0264_0266,ARPG_3,1_Easy/1_Easy_5/fps_60,candidate_win,/workspace/src/GFI_docker/compare_outputs/GFI_prediction_region_compare/train_minor_0507_twostage/ARPG_3/candidate_win/ARPG_3_1_Easy_1_Easy_5_fps_60_frame_0264_0266_winner_overlay.png,clean_both_no_hole_no_multi,9,0.08,Splat Training,FineTuning,434623,0.8383931327160494,0.23093117483428166,0.11413339837054183,0.6549354267951765,20.964630827699644,20.7129411844487,0.2516896432509448,0.044713012874126434,0.047856491059064865
train_minor_0507,ARPG_3_1_Easy_1_Easy_5_fps_60_frame_0264_0266,ARPG_3,1_Easy/1_Easy_5/fps_60,candidate_win,/workspace/src/GFI_docker/compare_outputs/GFI_prediction_region_compare/train_minor_0507_twostage/ARPG_3/candidate_win/ARPG_3_1_Easy_1_Easy_5_fps_60_frame_0264_0266_winner_overlay.png,hole_any,9,0.08,Splat Training,FineTuning,59042,0.11389274691358024,0.3085091968429254,0.1513498865214593,0.5401409166356154,17.25943501032743,17.185793807395374,0.07364120293205545,0.07616794854402542,0.08026361465454102
train_minor_0507,ARPG_3_1_Easy_1_Easy_5_fps_60_frame_0264_0266,ARPG_3,1_Easy/1_Easy_5/fps_60,candidate_win,/workspace/src/GFI_docker/compare_outputs/GFI_prediction_region_compare/train_minor_0507_twostage/ARPG_3/candidate_win/ARPG_3_1_Easy_1_Easy_5_fps_60_frame_0264_0266_winner_overlay.png,many_to_one_any,9,0.08,Splat Training,FineTuning,39663,0.07651041666666666,0.22915563623528226,0.16173763961374582,0.6091067241509719,16.599984390024602,16.496890202298758,0.10309418772584422,0.08506619185209274,0.08920805901288986
train_minor_0507,ARPG_3_1_Easy_1_Easy_5_fps_60_frame_0264_0266,ARPG_3,1_Easy/1_Easy_5/fps_60,candidate_win,/workspace/src/GFI_docker/compare_outputs/GFI_prediction_region_compare/train_minor_0507_twostage/ARPG_3/candidate_win/ARPG_3_1_Easy_1_Easy_5_fps_60_frame_0264_0266_winner_overlay.png,bmv_hole,9,0.08,Splat Training,FineTuning,30635,0.05909529320987654,0.3244981230618574,0.16268973396441977,0.5128121429737229,18.562835736495693,18.520232533637778,0.04260320285791508,0.06265503168106079,0.06641120463609695
train_minor_0507,ARPG_3_1_Easy_1_Easy_5_fps_60_frame_0264_0266,ARPG_3,1_Easy/1_Easy_5/fps_60,candidate_win,/workspace/src/GFI_docker/compare_outputs/GFI_prediction_region_compare/train_minor_0507_twostage/ARPG_3/candidate_win/ARPG_3_1_Easy_1_Easy_5_fps_60_frame_0264_0266_winner_overlay.png,fmv_hole,9,0.08,Splat Training,FineTuning,31147,0.0600829475308642,0.28570969916845923,0.1433524898064019,0.5709378110251389,16.006869009844443,15.927143428981969,0.07972558086247439,0.0929141640663147,0.09693904966115952
train_minor_0507,ARPG_3_1_Easy_1_Easy_5_fps_60_frame_0264_0266,ARPG_3,1_Easy/1_Easy_5/fps_60,candidate_win,/workspace/src/GFI_docker/compare_outputs/GFI_prediction_region_compare/train_minor_0507_twostage/ARPG_3/candidate_win/ARPG_3_1_Easy_1_Easy_5_fps_60_frame_0264_0266_winner_overlay.png,bmv_many_to_one,9,0.08,Splat Training,FineTuning,25050,0.04832175925925926,0.26902195608782437,0.15696606786427145,0.5740119760479042,18.17698692161604,17.74171543252896,0.43527148908708213,0.06931057572364807,0.07576418668031693
train_minor_0507,ARPG_3_1_Easy_1_Easy_5_fps_60_frame_0264_0266,ARPG_3,1_Easy/1_Easy_5/fps_60,candidate_win,/workspace/src/GFI_docker/compare_outputs/GFI_prediction_region_compare/train_minor_0507_twostage/ARPG_3/candidate_win/ARPG_3_1_Easy_1_Easy_5_fps_60_frame_0264_0266_winner_overlay.png,fmv_many_to_one,9,0.08,Splat Training,FineTuning,16089,0.03103587962962963,0.17645596370190814,0.1704269998135372,0.6531170364845547,14.822914800673242,14.904675783819112,-0.08176098314586966,0.11026207357645035,0.11218488216400146
train_minor_0507,ARPG_3_1_Easy_1_Easy_5_fps_60_frame_0268_0270,ARPG_3,1_Easy/1_Easy_5/fps_60,candidate_win,/workspace/src/GFI_docker/compare_outputs/GFI_prediction_region_compare/train_minor_0507_twostage/ARPG_3/candidate_win/ARPG_3_1_Easy_1_Easy_5_fps_60_frame_0268_0270_winner_overlay.png,all,9,0.08,Splat Training,FineTuning,518400,1.0,0.17953510802469136,0.07298804012345679,0.7474768518518519,19.232707709037154,19.097584695806525,0.13512301323062914,0.05762070417404175,0.06043007969856262
train_minor_0507,ARPG_3_1_Easy_1_Easy_5_fps_60_frame_0268_0270,ARPG_3,1_Easy/1_Easy_5/fps_60,candidate_win,/workspace/src/GFI_docker/compare_outputs/GFI_prediction_region_compare/train_minor_0507_twostage/ARPG_3/candidate_win/ARPG_3_1_Easy_1_Easy_5_fps_60_frame_0268_0270_winner_overlay.png,hit_both,9,0.08,Splat Training,FineTuning,453951,0.8756770833333334,0.1712034999372179,0.06688387072613564,0.7619126293366465,19.465599625376644,19.35380991074814,0.11178971462850384,0.05562290549278259,0.05806295573711395
train_minor_0507,ARPG_3_1_Easy_1_Easy_5_fps_60_frame_0268_0270,ARPG_3,1_Easy/1_Easy_5/fps_60,candidate_win,/workspace/src/GFI_docker/compare_outputs/GFI_prediction_region_compare/train_minor_0507_twostage/ARPG_3/candidate_win/ARPG_3_1_Easy_1_Easy_5_fps_60_frame_0268_0270_winner_overlay.png,clean_both_no_hole_no_multi,9,0.08,Splat Training,FineTuning,428055,0.8257233796296296,0.16615388209459064,0.0617841165270818,0.7720620013783276,19.791110801681146,19.68403813056329,0.10707267111785512,0.05382949486374855,0.056095365434885025
train_minor_0507,ARPG_3_1_Easy_1_Easy_5_fps_60_frame_0268_0270,ARPG_3,1_Easy/1_Easy_5/fps_60,candidate_win,/workspace/src/GFI_docker/compare_outputs/GFI_prediction_region_compare/train_minor_0507_twostage/ARPG_3/candidate_win/ARPG_3_1_Easy_1_Easy_5_fps_60_frame_0268_0270_winner_overlay.png,hole_any,9,0.08,Splat Training,FineTuning,64449,0.12432291666666667,0.23821936725162532,0.11598318049930953,0.6457974522490652,17.872598349683223,17.625363370704964,0.24723497897825908,0.07169241458177567,0.0771028995513916
train_minor_0507,ARPG_3_1_Easy_1_Easy_5_fps_60_frame_0268_0270,ARPG_3,1_Easy/1_Easy_5/fps_60,candidate_win,/workspace/src/GFI_docker/compare_outputs/GFI_prediction_region_compare/train_minor_0507_twostage/ARPG_3/candidate_win/ARPG_3_1_Easy_1_Easy_5_fps_60_frame_0268_0270_winner_overlay.png,many_to_one_any,9,0.08,Splat Training,FineTuning,43579,0.08406442901234568,0.2305468230110833,0.12620757704398908,0.6432455999449276,16.774853571417502,16.560139641372643,0.21471393004485861,0.07911419868469238,0.0847959816455841
train_minor_0507,ARPG_3_1_Easy_1_Easy_5_fps_60_frame_0268_0270,ARPG_3,1_Easy/1_Easy_5/fps_60,candidate_win,/workspace/src/GFI_docker/compare_outputs/GFI_prediction_region_compare/train_minor_0507_twostage/ARPG_3/candidate_win/ARPG_3_1_Easy_1_Easy_5_fps_60_frame_0268_0270_winner_overlay.png,bmv_hole,9,0.08,Splat Training,FineTuning,33793,0.06518711419753087,0.24466605510016867,0.11650341786760572,0.6388305270322256,17.3913380839745,17.164329784057564,0.22700829991693539,0.07713717967271805,0.08269806206226349
train_minor_0507,ARPG_3_1_Easy_1_Easy_5_fps_60_frame_0268_0270,ARPG_3,1_Easy/1_Easy_5/fps_60,candidate_win,/workspace/src/GFI_docker/compare_outputs/GFI_prediction_region_compare/train_minor_0507_twostage/ARPG_3/candidate_win/ARPG_3_1_Easy_1_Easy_5_fps_60_frame_0268_0270_winner_overlay.png,fmv_hole,9,0.08,Splat Training,FineTuning,35021,0.06755594135802469,0.23166100339796122,0.12107021501384883,0.6472687815881899,18.080003315260967,17.850554390394315,0.22944892486665225,0.06953363865613937,0.0746728852391243
train_minor_0507,ARPG_3_1_Easy_1_Easy_5_fps_60_frame_0268_0270,ARPG_3,1_Easy/1_Easy_5/fps_60,candidate_win,/workspace/src/GFI_docker/compare_outputs/GFI_prediction_region_compare/train_minor_0507_twostage/ARPG_3/candidate_win/ARPG_3_1_Easy_1_Easy_5_fps_60_frame_0268_0270_winner_overlay.png,bmv_many_to_one,9,0.08,Splat Training,FineTuning,27839,0.05370177469135803,0.2071913502640181,0.12231042781709113,0.6704982219188907,16.068324328575546,15.89274101280473,0.17558331577081532,0.08608641475439072,0.09104268252849579
train_minor_0507,ARPG_3_1_Easy_1_Easy_5_fps_60_frame_0268_0270,ARPG_3,1_Easy/1_Easy_5/fps_60,candidate_win,/workspace/src/GFI_docker/compare_outputs/GFI_prediction_region_compare/train_minor_0507_twostage/ARPG_3/candidate_win/ARPG_3_1_Easy_1_Easy_5_fps_60_frame_0268_0270_winner_overlay.png,fmv_many_to_one,9,0.08,Splat Training,FineTuning,18300,0.03530092592592592,0.2813114754098361,0.14590163934426228,0.5727868852459016,18.157788239202432,17.729777265592233,0.42801097361019913,0.06709646433591843,0.07477974146604538
train_minor_0507,ARPG_3_1_Easy_1_Easy_5_fps_60_frame_0272_0274,ARPG_3,1_Easy/1_Easy_5/fps_60,candidate_win,/workspace/src/GFI_docker/compare_outputs/GFI_prediction_region_compare/train_minor_0507_twostage/ARPG_3/candidate_win/ARPG_3_1_Easy_1_Easy_5_fps_60_frame_0272_0274_winner_overlay.png,all,9,0.08,Splat Training,FineTuning,518400,1.0,0.1881057098765432,0.08270833333333333,0.7291859567901234,19.582361739675374,19.444918067573045,0.13744367210232866,0.0524594821035862,0.05558232218027115
train_minor_0507,ARPG_3_1_Easy_1_Easy_5_fps_60_frame_0272_0274,ARPG_3,1_Easy/1_Easy_5/fps_60,candidate_win,/workspace/src/GFI_docker/compare_outputs/GFI_prediction_region_compare/train_minor_0507_twostage/ARPG_3/candidate_win/ARPG_3_1_Easy_1_Easy_5_fps_60_frame_0272_0274_winner_overlay.png,hit_both,9,0.08,Splat Training,FineTuning,445339,0.8590644290123457,0.17956433189098642,0.0711637651317311,0.7492719029772825,19.92308436725083,19.78033744558832,0.14274692166251057,0.04979511350393295,0.05271651968359947
train_minor_0507,ARPG_3_1_Easy_1_Easy_5_fps_60_frame_0272_0274,ARPG_3,1_Easy/1_Easy_5/fps_60,candidate_win,/workspace/src/GFI_docker/compare_outputs/GFI_prediction_region_compare/train_minor_0507_twostage/ARPG_3/candidate_win/ARPG_3_1_Easy_1_Easy_5_fps_60_frame_0272_0274_winner_overlay.png,clean_both_no_hole_no_multi,9,0.08,Splat Training,FineTuning,416886,0.8041782407407407,0.1758442355943831,0.06646421323815144,0.7576915511674654,20.480613484667145,20.349031331246756,0.13158215342038915,0.04702657461166382,0.049662500619888306
train_minor_0507,ARPG_3_1_Easy_1_Easy_5_fps_60_frame_0272_0274,ARPG_3,1_Easy/1_Easy_5/fps_60,candidate_win,/workspace/src/GFI_docker/compare_outputs/GFI_prediction_region_compare/train_minor_0507_twostage/ARPG_3/candidate_win/ARPG_3_1_Easy_1_Easy_5_fps_60_frame_0272_0274_winner_overlay.png,hole_any,9,0.08,Splat Training,FineTuning,73061,0.14093557098765433,0.24016917370416502,0.15307756532212807,0.6067532609737069,17.939025604888986,17.82211857493795,0.11690702995103663,0.0686999186873436,0.07305056601762772
train_minor_0507,ARPG_3_1_Easy_1_Easy_5_fps_60_frame_0272_0274,ARPG_3,1_Easy/1_Easy_5/fps_60,candidate_win,/workspace/src/GFI_docker/compare_outputs/GFI_prediction_region_compare/train_minor_0507_twostage/ARPG_3/candidate_win/ARPG_3_1_Easy_1_Easy_5_fps_60_frame_0272_0274_winner_overlay.png,many_to_one_any,9,0.08,Splat Training,FineTuning,49650,0.09577546296296297,0.21726082578046324,0.12565961732124875,0.657079556898288,16.41102089686528,16.161725024946296,0.24929587191898506,0.08088207244873047,0.0877082571387291
train_minor_0507,ARPG_3_1_Easy_1_Easy_5_fps_60_frame_0272_0274,ARPG_3,1_Easy/1_Easy_5/fps_60,candidate_win,/workspace/src/GFI_docker/compare_outputs/GFI_prediction_region_compare/train_minor_0507_twostage/ARPG_3/candidate_win/ARPG_3_1_Easy_1_Easy_5_fps_60_frame_0272_0274_winner_overlay.png,bmv_hole,9,0.08,Splat Training,FineTuning,38389,0.0740528549382716,0.23767224986324206,0.19130480085441143,0.5710229492823465,17.46975423620463,17.47881929783212,-0.0090650616274921,0.07326557487249374,0.07592272013425827
train_minor_0507,ARPG_3_1_Easy_1_Easy_5_fps_60_frame_0272_0274,ARPG_3,1_Easy/1_Easy_5/fps_60,candidate_win,/workspace/src/GFI_docker/compare_outputs/GFI_prediction_region_compare/train_minor_0507_twostage/ARPG_3/candidate_win/ARPG_3_1_Easy_1_Easy_5_fps_60_frame_0272_0274_winner_overlay.png,fmv_hole,9,0.08,Splat Training,FineTuning,39531,0.07625578703703703,0.24674306240671878,0.12182843844071742,0.6314284991525638,17.99756275592008,17.806999496370292,0.19056325954978703,0.06803721934556961,0.07375814765691757
train_minor_0507,ARPG_3_1_Easy_1_Easy_5_fps_60_frame_0272_0274,ARPG_3,1_Easy/1_Easy_5/fps_60,candidate_win,/workspace/src/GFI_docker/compare_outputs/GFI_prediction_region_compare/train_minor_0507_twostage/ARPG_3/candidate_win/ARPG_3_1_Easy_1_Easy_5_fps_60_frame_0272_0274_winner_overlay.png,bmv_many_to_one,9,0.08,Splat Training,FineTuning,31658,0.06106867283950617,0.2033293322382968,0.10663971192115737,0.6900309558405459,15.697353110094362,15.45976717296935,0.23758593712501153,0.0891890674829483,0.09617960453033447
train_minor_0507,ARPG_3_1_Easy_1_Easy_5_fps_60_frame_0272_0274,ARPG_3,1_Easy/1_Easy_5/fps_60,candidate_win,/workspace/src/GFI_docker/compare_outputs/GFI_prediction_region_compare/train_minor_0507_twostage/ARPG_3/candidate_win/ARPG_3_1_Easy_1_Easy_5_fps_60_frame_0272_0274_winner_overlay.png,fmv_many_to_one,9,0.08,Splat Training,FineTuning,20780,0.04008487654320988,0.24898941289701637,0.16414821944177094,0.5868623676612127,17.298557599141496,17.01215349106862,0.2864041080728761,0.07147809863090515,0.07939843088388443
train_minor_0507,ARPG_3_1_Easy_1_Easy_5_fps_60_frame_0378_0380,ARPG_3,1_Easy/1_Easy_5/fps_60,baseline_win,/workspace/src/GFI_docker/compare_outputs/GFI_prediction_region_compare/train_minor_0507_twostage/ARPG_3/baseline_win/ARPG_3_1_Easy_1_Easy_5_fps_60_frame_0378_0380_winner_overlay.png,all,9,0.08,Splat Training,FineTuning,518400,1.0,0.12687114197530863,0.08702353395061728,0.7861053240740741,19.858839793628785,19.881867673805825,-0.023027880177039606,0.04882143810391426,0.04984166473150253
train_minor_0507,ARPG_3_1_Easy_1_Easy_5_fps_60_frame_0378_0380,ARPG_3,1_Easy/1_Easy_5/fps_60,baseline_win,/workspace/src/GFI_docker/compare_outputs/GFI_prediction_region_compare/train_minor_0507_twostage/ARPG_3/baseline_win/ARPG_3_1_Easy_1_Easy_5_fps_60_frame_0378_0380_winner_overlay.png,hit_both,9,0.08,Splat Training,FineTuning,441275,0.8512249228395061,0.12066625120389779,0.07791739844768002,0.8014163503484222,20.433040271739902,20.428651471945813,0.004388799794089238,0.044855404645204544,0.045888032764196396
train_minor_0507,ARPG_3_1_Easy_1_Easy_5_fps_60_frame_0378_0380,ARPG_3,1_Easy/1_Easy_5/fps_60,baseline_win,/workspace/src/GFI_docker/compare_outputs/GFI_prediction_region_compare/train_minor_0507_twostage/ARPG_3/baseline_win/ARPG_3_1_Easy_1_Easy_5_fps_60_frame_0378_0380_winner_overlay.png,clean_both_no_hole_no_multi,9,0.08,Splat Training,FineTuning,407333,0.7857503858024691,0.11742235468277798,0.07313917605497222,0.8094384692622498,20.90349170702853,20.912322337450583,-0.008830630422053787,0.042396631091833115,0.04330451041460037
train_minor_0507,ARPG_3_1_Easy_1_Easy_5_fps_60_frame_0378_0380,ARPG_3,1_Easy/1_Easy_5/fps_60,baseline_win,/workspace/src/GFI_docker/compare_outputs/GFI_prediction_region_compare/train_minor_0507_twostage/ARPG_3/baseline_win/ARPG_3_1_Easy_1_Easy_5_fps_60_frame_0378_0380_winner_overlay.png,hole_any,9,0.08,Splat Training,FineTuning,77125,0.14877507716049382,0.16237277147487844,0.13912479740680714,0.6985024311183144,17.53243859754958,17.63692413461677,-0.1044855370671911,0.07151336222887039,0.07246250659227371
train_minor_0507,ARPG_3_1_Easy_1_Easy_5_fps_60_frame_0378_0380,ARPG_3,1_Easy/1_Easy_5/fps_60,baseline_win,/workspace/src/GFI_docker/compare_outputs/GFI_prediction_region_compare/train_minor_0507_twostage/ARPG_3/baseline_win/ARPG_3_1_Easy_1_Easy_5_fps_60_frame_0378_0380_winner_overlay.png,many_to_one_any,9,0.08,Splat Training,FineTuning,53760,0.1037037037037037,0.14834449404761904,0.12687872023809524,0.7247767857142857,17.380896291314937,17.32670136774162,0.054194923573316345,0.0719161182641983,0.07439827919006348
train_minor_0507,ARPG_3_1_Easy_1_Easy_5_fps_60_frame_0378_0380,ARPG_3,1_Easy/1_Easy_5/fps_60,baseline_win,/workspace/src/GFI_docker/compare_outputs/GFI_prediction_region_compare/train_minor_0507_twostage/ARPG_3/baseline_win/ARPG_3_1_Easy_1_Easy_5_fps_60_frame_0378_0380_winner_overlay.png,bmv_hole,9,0.08,Splat Training,FineTuning,41174,0.07942515432098765,0.13731966775149365,0.13348229465196484,0.7291980375965416,16.30166345256361,16.447978900104438,-0.1463154475408288,0.08462218195199966,0.08476883918046951
train_minor_0507,ARPG_3_1_Easy_1_Easy_5_fps_60_frame_0378_0380,ARPG_3,1_Easy/1_Easy_5/fps_60,baseline_win,/workspace/src/GFI_docker/compare_outputs/GFI_prediction_region_compare/train_minor_0507_twostage/ARPG_3/baseline_win/ARPG_3_1_Easy_1_Easy_5_fps_60_frame_0378_0380_winner_overlay.png,fmv_hole,9,0.08,Splat Training,FineTuning,41236,0.07954475308641976,0.185687263556116,0.14996604908332525,0.6643466873605587,18.616008308387173,18.708934914591357,-0.09292660620418403,0.0624772310256958,0.06395769119262695
train_minor_0507,ARPG_3_1_Easy_1_Easy_5_fps_60_frame_0378_0380,ARPG_3,1_Easy/1_Easy_5/fps_60,baseline_win,/workspace/src/GFI_docker/compare_outputs/GFI_prediction_region_compare/train_minor_0507_twostage/ARPG_3/baseline_win/ARPG_3_1_Easy_1_Easy_5_fps_60_frame_0378_0380_winner_overlay.png,bmv_many_to_one,9,0.08,Splat Training,FineTuning,26064,0.050277777777777775,0.1457182320441989,0.12987262124002455,0.7244091467157765,16.627957805512082,16.539220142278786,0.0887376632332959,0.07812127470970154,0.08078330010175705
train_minor_0507,ARPG_3_1_Easy_1_Easy_5_fps_60_frame_0378_0380,ARPG_3,1_Easy/1_Easy_5/fps_60,baseline_win,/workspace/src/GFI_docker/compare_outputs/GFI_prediction_region_compare/train_minor_0507_twostage/ARPG_3/baseline_win/ARPG_3_1_Easy_1_Easy_5_fps_60_frame_0378_0380_winner_overlay.png,fmv_many_to_one,9,0.08,Splat Training,FineTuning,31319,0.06041473765432099,0.1559436763625914,0.12784571665761998,0.7162106069797887,17.862771338268253,17.821627701567937,0.04114363670031551,0.06797586381435394,0.07055500894784927
train_minor_0507,ARPG_3_1_Easy_1_Easy_5_fps_60_frame_0448_0450,ARPG_3,1_Easy/1_Easy_5/fps_60,candidate_win,/workspace/src/GFI_docker/compare_outputs/GFI_prediction_region_compare/train_minor_0507_twostage/ARPG_3/candidate_win/ARPG_3_1_Easy_1_Easy_5_fps_60_frame_0448_0450_winner_overlay.png,all,9,0.08,Splat Training,FineTuning,518400,1.0,0.19339313271604938,0.14372878086419752,0.6628780864197531,19.747154779963488,19.598486007595522,0.14866877236796583,0.05275542289018631,0.054971225559711456
train_minor_0507,ARPG_3_1_Easy_1_Easy_5_fps_60_frame_0448_0450,ARPG_3,1_Easy/1_Easy_5/fps_60,candidate_win,/workspace/src/GFI_docker/compare_outputs/GFI_prediction_region_compare/train_minor_0507_twostage/ARPG_3/candidate_win/ARPG_3_1_Easy_1_Easy_5_fps_60_frame_0448_0450_winner_overlay.png,hit_both,9,0.08,Splat Training,FineTuning,444294,0.8570486111111111,0.1701328399663286,0.1287795918918554,0.701087568141816,20.30561816410436,20.30802381750886,-0.0024056534045016065,0.04780103638768196,0.048675183206796646
train_minor_0507,ARPG_3_1_Easy_1_Easy_5_fps_60_frame_0448_0450,ARPG_3,1_Easy/1_Easy_5/fps_60,candidate_win,/workspace/src/GFI_docker/compare_outputs/GFI_prediction_region_compare/train_minor_0507_twostage/ARPG_3/candidate_win/ARPG_3_1_Easy_1_Easy_5_fps_60_frame_0448_0450_winner_overlay.png,clean_both_no_hole_no_multi,9,0.08,Splat Training,FineTuning,429340,0.8282021604938271,0.16971863790934924,0.12874178972376205,0.7015395723668887,20.655518132608258,20.659306704179667,-0.003788571571408994,0.046147458255290985,0.04697321727871895
train_minor_0507,ARPG_3_1_Easy_1_Easy_5_fps_60_frame_0448_0450,ARPG_3,1_Easy/1_Easy_5/fps_60,candidate_win,/workspace/src/GFI_docker/compare_outputs/GFI_prediction_region_compare/train_minor_0507_twostage/ARPG_3/candidate_win/ARPG_3_1_Easy_1_Easy_5_fps_60_frame_0448_0450_winner_overlay.png,hole_any,9,0.08,Splat Training,FineTuning,74106,0.1429513888888889,0.3328475427090924,0.23335492402774405,0.43379753326316356,17.383194839817104,16.802549250106086,0.5806455897110183,0.08245883136987686,0.09271837770938873
train_minor_0507,ARPG_3_1_Easy_1_Easy_5_fps_60_frame_0448_0450,ARPG_3,1_Easy/1_Easy_5/fps_60,candidate_win,/workspace/src/GFI_docker/compare_outputs/GFI_prediction_region_compare/train_minor_0507_twostage/ARPG_3/candidate_win/ARPG_3_1_Easy_1_Easy_5_fps_60_frame_0448_0450_winner_overlay.png,many_to_one_any,9,0.08,Splat Training,FineTuning,33585,0.06478587962962963,0.18159892809289863,0.1251749292839065,0.6932261426231949,16.556925871109733,16.448198840010974,0.10872703109875914,0.08465396612882614,0.08795834332704544
train_minor_0507,ARPG_3_1_Easy_1_Easy_5_fps_60_frame_0448_0450,ARPG_3,1_Easy/1_Easy_5/fps_60,candidate_win,/workspace/src/GFI_docker/compare_outputs/GFI_prediction_region_compare/train_minor_0507_twostage/ARPG_3/candidate_win/ARPG_3_1_Easy_1_Easy_5_fps_60_frame_0448_0450_winner_overlay.png,bmv_hole,9,0.08,Splat Training,FineTuning,27172,0.05241512345679012,0.3233107610775799,0.19623141469159427,0.48045782423082584,15.429278272570674,15.133575721974264,0.2957025505964097,0.1101985052227974,0.1207585483789444
train_minor_0507,ARPG_3_1_Easy_1_Easy_5_fps_60_frame_0448_0450,ARPG_3,1_Easy/1_Easy_5/fps_60,candidate_win,/workspace/src/GFI_docker/compare_outputs/GFI_prediction_region_compare/train_minor_0507_twostage/ARPG_3/candidate_win/ARPG_3_1_Easy_1_Easy_5_fps_60_frame_0448_0450_winner_overlay.png,fmv_hole,9,0.08,Splat Training,FineTuning,55249,0.10657600308641975,0.36232329996923024,0.2555159369400351,0.38216076309073466,18.09660480580062,17.221025577087012,0.8755792287136082,0.07527787238359451,0.08813605457544327
train_minor_0507,ARPG_3_1_Easy_1_Easy_5_fps_60_frame_0448_0450,ARPG_3,1_Easy/1_Easy_5/fps_60,candidate_win,/workspace/src/GFI_docker/compare_outputs/GFI_prediction_region_compare/train_minor_0507_twostage/ARPG_3/candidate_win/ARPG_3_1_Easy_1_Easy_5_fps_60_frame_0448_0450_winner_overlay.png,bmv_many_to_one,9,0.08,Splat Training,FineTuning,26256,0.05064814814814815,0.1715036563071298,0.12976081657525898,0.6987355271176112,16.550489737066826,16.475758935151728,0.07473080191509851,0.0868023931980133,0.08961158245801926
train_minor_0507,ARPG_3_1_Easy_1_Easy_5_fps_60_frame_0448_0450,ARPG_3,1_Easy/1_Easy_5/fps_60,candidate_win,/workspace/src/GFI_docker/compare_outputs/GFI_prediction_region_compare/train_minor_0507_twostage/ARPG_3/candidate_win/ARPG_3_1_Easy_1_Easy_5_fps_60_frame_0448_0450_winner_overlay.png,fmv_many_to_one,9,0.08,Splat Training,FineTuning,8442,0.01628472222222222,0.22210376687988628,0.11430940535418148,0.6635868277659323,16.489491118675875,16.273093634941965,0.21639748373391043,0.07700913399457932,0.08217858523130417
train_minor_0507,ARPG_3_1_Easy_1_Easy_5_fps_60_frame_0460_0462,ARPG_3,1_Easy/1_Easy_5/fps_60,candidate_win,/workspace/src/GFI_docker/compare_outputs/GFI_prediction_region_compare/train_minor_0507_twostage/ARPG_3/candidate_win/ARPG_3_1_Easy_1_Easy_5_fps_60_frame_0460_0462_winner_overlay.png,all,9,0.08,Splat Training,FineTuning,518400,1.0,0.25381751543209874,0.19862461419753086,0.5475578703703704,19.314805400275702,19.002999443957673,0.3118059563180289,0.057305335998535156,0.060308121144771576
train_minor_0507,ARPG_3_1_Easy_1_Easy_5_fps_60_frame_0460_0462,ARPG_3,1_Easy/1_Easy_5/fps_60,candidate_win,/workspace/src/GFI_docker/compare_outputs/GFI_prediction_region_compare/train_minor_0507_twostage/ARPG_3/candidate_win/ARPG_3_1_Easy_1_Easy_5_fps_60_frame_0460_0462_winner_overlay.png,hit_both,9,0.08,Splat Training,FineTuning,424886,0.8196103395061728,0.24126000856700386,0.16110909749909388,0.5976308939339022,20.200711085977836,19.562508184423226,0.6382029015546102,0.0504569411277771,0.055331651121377945
train_minor_0507,ARPG_3_1_Easy_1_Easy_5_fps_60_frame_0460_0462,ARPG_3,1_Easy/1_Easy_5/fps_60,candidate_win,/workspace/src/GFI_docker/compare_outputs/GFI_prediction_region_compare/train_minor_0507_twostage/ARPG_3/candidate_win/ARPG_3_1_Easy_1_Easy_5_fps_60_frame_0460_0462_winner_overlay.png,clean_both_no_hole_no_multi,9,0.08,Splat Training,FineTuning,378302,0.7297492283950617,0.23518511665283293,0.14663945736475092,0.6181754259824161,21.087575984888375,20.91675438568864,0.1708215991997335,0.04525505006313324,0.047873154282569885
train_minor_0507,ARPG_3_1_Easy_1_Easy_5_fps_60_frame_0460_0462,ARPG_3,1_Easy/1_Easy_5/fps_60,candidate_win,/workspace/src/GFI_docker/compare_outputs/GFI_prediction_region_compare/train_minor_0507_twostage/ARPG_3/candidate_win/ARPG_3_1_Easy_1_Easy_5_fps_60_frame_0460_0462_winner_overlay.png,hole_any,9,0.08,Splat Training,FineTuning,93514,0.18038966049382715,0.31087323823170865,0.3690784267596296,0.3200483350086618,16.670381767026196,17.101884960320845,-0.4315031932946489,0.08842136710882187,0.08291900902986526
train_minor_0507,ARPG_3_1_Easy_1_Easy_5_fps_60_frame_0460_0462,ARPG_3,1_Easy/1_Easy_5/fps_60,candidate_win,/workspace/src/GFI_docker/compare_outputs/GFI_prediction_region_compare/train_minor_0507_twostage/ARPG_3/candidate_win/ARPG_3_1_Easy_1_Easy_5_fps_60_frame_0460_0462_winner_overlay.png,many_to_one_any,9,0.08,Splat Training,FineTuning,57281,0.11049575617283951,0.27281297463382276,0.2740350203383321,0.4531520050278452,16.13163794286678,14.86386839731217,1.2677695455546107,0.0940026044845581,0.11149624735116959
train_minor_0507,ARPG_3_1_Easy_1_Easy_5_fps_60_frame_0460_0462,ARPG_3,1_Easy/1_Easy_5/fps_60,candidate_win,/workspace/src/GFI_docker/compare_outputs/GFI_prediction_region_compare/train_minor_0507_twostage/ARPG_3/candidate_win/ARPG_3_1_Easy_1_Easy_5_fps_60_frame_0460_0462_winner_overlay.png,bmv_hole,9,0.08,Splat Training,FineTuning,47039,0.09073881172839506,0.26269691107378984,0.4039414103190969,0.33336167860711324,16.647847077044332,17.081316018212746,-0.43346894116841383,0.08825982362031937,0.07780305296182632
train_minor_0507,ARPG_3_1_Easy_1_Easy_5_fps_60_frame_0460_0462,ARPG_3,1_Easy/1_Easy_5/fps_60,candidate_win,/workspace/src/GFI_docker/compare_outputs/GFI_prediction_region_compare/train_minor_0507_twostage/ARPG_3/candidate_win/ARPG_3_1_Easy_1_Easy_5_fps_60_frame_0460_0462_winner_overlay.png,fmv_hole,9,0.08,Splat Training,FineTuning,49446,0.09538194444444445,0.3523844193665817,0.3301379282449541,0.3174776523884642,16.234444804804312,16.512357132088525,-0.2779123272842128,0.09287234395742416,0.09319818019866943
train_minor_0507,ARPG_3_1_Easy_1_Easy_5_fps_60_frame_0460_0462,ARPG_3,1_Easy/1_Easy_5/fps_60,candidate_win,/workspace/src/GFI_docker/compare_outputs/GFI_prediction_region_compare/train_minor_0507_twostage/ARPG_3/candidate_win/ARPG_3_1_Easy_1_Easy_5_fps_60_frame_0460_0462_winner_overlay.png,bmv_many_to_one,9,0.08,Splat Training,FineTuning,39615,0.07641782407407408,0.33507509781648365,0.2357692793133914,0.42915562287012493,18.00241822239782,14.711856213165744,3.2905620092320778,0.07774460315704346,0.1151980385184288
train_minor_0507,ARPG_3_1_Easy_1_Easy_5_fps_60_frame_0460_0462,ARPG_3,1_Easy/1_Easy_5/fps_60,candidate_win,/workspace/src/GFI_docker/compare_outputs/GFI_prediction_region_compare/train_minor_0507_twostage/ARPG_3/candidate_win/ARPG_3_1_Easy_1_Easy_5_fps_60_frame_0460_0462_winner_overlay.png,fmv_many_to_one,9,0.08,Splat Training,FineTuning,37713,0.0727488425925926,0.23352690053827593,0.3236019409752605,0.4428711584864636,15.162202020850298,14.430751279180338,0.7314507416699598,0.10821014642715454,0.11738660931587219
train_minor_0507,ARPG_3_1_Easy_1_Easy_5_fps_60_frame_0588_0590,ARPG_3,1_Easy/1_Easy_5/fps_60,candidate_win,/workspace/src/GFI_docker/compare_outputs/GFI_prediction_region_compare/train_minor_0507_twostage/ARPG_3/candidate_win/ARPG_3_1_Easy_1_Easy_5_fps_60_frame_0588_0590_winner_overlay.png,all,9,0.08,Splat Training,FineTuning,518400,1.0,0.3164139660493827,0.2285648148148148,0.45502121913580246,33.253764116475026,32.931235392841586,0.32252872363343954,0.0065688444301486015,0.006946310866624117
train_minor_0507,ARPG_3_1_Easy_1_Easy_5_fps_60_frame_0588_0590,ARPG_3,1_Easy/1_Easy_5/fps_60,candidate_win,/workspace/src/GFI_docker/compare_outputs/GFI_prediction_region_compare/train_minor_0507_twostage/ARPG_3/candidate_win/ARPG_3_1_Easy_1_Easy_5_fps_60_frame_0588_0590_winner_overlay.png,hit_both,9,0.08,Splat Training,FineTuning,479257,0.9244926697530864,0.3188581491767465,0.22835347214542512,0.4527883786778284,35.14625969429375,34.66177673478985,0.4844829595038931,0.005197754595428705,0.005571378860622644
train_minor_0507,ARPG_3_1_Easy_1_Easy_5_fps_60_frame_0588_0590,ARPG_3,1_Easy/1_Easy_5/fps_60,candidate_win,/workspace/src/GFI_docker/compare_outputs/GFI_prediction_region_compare/train_minor_0507_twostage/ARPG_3/candidate_win/ARPG_3_1_Easy_1_Easy_5_fps_60_frame_0588_0590_winner_overlay.png,clean_both_no_hole_no_multi,9,0.08,Splat Training,FineTuning,461394,0.8900347222222222,0.3195490188428978,0.22789633155177572,0.4525546496053265,35.877439042414885,35.495105460943584,0.3823335814713005,0.004875448532402515,0.005195897538214922
train_minor_0507,ARPG_3_1_Easy_1_Easy_5_fps_60_frame_0588_0590,ARPG_3,1_Easy/1_Easy_5/fps_60,candidate_win,/workspace/src/GFI_docker/compare_outputs/GFI_prediction_region_compare/train_minor_0507_twostage/ARPG_3/candidate_win/ARPG_3_1_Easy_1_Easy_5_fps_60_frame_0588_0590_winner_overlay.png,hole_any,9,0.08,Splat Training,FineTuning,39143,0.07550733024691358,0.28648800551822806,0.2311524410494852,0.48235955343228676,25.990690079225132,25.92076546780486,0.06992461142027295,0.023356162011623383,0.023780612275004387
train_minor_0507,ARPG_3_1_Easy_1_Easy_5_fps_60_frame_0588_0590,ARPG_3,1_Easy/1_Easy_5/fps_60,candidate_win,/workspace/src/GFI_docker/compare_outputs/GFI_prediction_region_compare/train_minor_0507_twostage/ARPG_3/candidate_win/ARPG_3_1_Easy_1_Easy_5_fps_60_frame_0588_0590_winner_overlay.png,many_to_one_any,9,0.08,Splat Training,FineTuning,29936,0.05774691358024692,0.26770443613041156,0.20730892570817744,0.524986638161411,26.78076179370315,26.411382356946376,0.3693794367567733,0.019258862361311913,0.02046583965420723
train_minor_0507,ARPG_3_1_Easy_1_Easy_5_fps_60_frame_0588_0590,ARPG_3,1_Easy/1_Easy_5/fps_60,candidate_win,/workspace/src/GFI_docker/compare_outputs/GFI_prediction_region_compare/train_minor_0507_twostage/ARPG_3/candidate_win/ARPG_3_1_Easy_1_Easy_5_fps_60_frame_0588_0590_winner_overlay.png,bmv_hole,9,0.08,Splat Training,FineTuning,20812,0.0401466049382716,0.28382663847780126,0.2243417259273496,0.4918316355948491,26.002080526270536,25.98644907533997,0.015631450930566615,0.02427150495350361,0.02464396506547928
train_minor_0507,ARPG_3_1_Easy_1_Easy_5_fps_60_frame_0588_0590,ARPG_3,1_Easy/1_Easy_5/fps_60,candidate_win,/workspace/src/GFI_docker/compare_outputs/GFI_prediction_region_compare/train_minor_0507_twostage/ARPG_3/candidate_win/ARPG_3_1_Easy_1_Easy_5_fps_60_frame_0588_0590_winner_overlay.png,fmv_hole,9,0.08,Splat Training,FineTuning,20955,0.040422453703703703,0.2858029109997614,0.2436172751133381,0.4705798138869005,25.381316608694387,25.302194105119646,0.07912250357474093,0.0247120913118124,0.02507346123456955
train_minor_0507,ARPG_3_1_Easy_1_Easy_5_fps_60_frame_0588_0590,ARPG_3,1_Easy/1_Easy_5/fps_60,candidate_win,/workspace/src/GFI_docker/compare_outputs/GFI_prediction_region_compare/train_minor_0507_twostage/ARPG_3/candidate_win/ARPG_3_1_Easy_1_Easy_5_fps_60_frame_0588_0590_winner_overlay.png,bmv_many_to_one,9,0.08,Splat Training,FineTuning,15651,0.030190972222222223,0.27959874768385407,0.21346878793687304,0.5069324643792729,26.378893532222047,25.82328070764975,0.5556128245722967,0.019229574128985405,0.02094518393278122
train_minor_0507,ARPG_3_1_Easy_1_Easy_5_fps_60_frame_0588_0590,ARPG_3,1_Easy/1_Easy_5/fps_60,candidate_win,/workspace/src/GFI_docker/compare_outputs/GFI_prediction_region_compare/train_minor_0507_twostage/ARPG_3/candidate_win/ARPG_3_1_Easy_1_Easy_5_fps_60_frame_0588_0590_winner_overlay.png,fmv_many_to_one,9,0.08,Splat Training,FineTuning,16021,0.030904706790123457,0.26858498221084826,0.2024218213594657,0.528993196429686,26.96741780909583,27.098144770148835,-0.13072696105300352,0.019422302022576332,0.019750384613871574
train_minor_0507,ARPG_3_1_Easy_1_Easy_5_fps_60_frame_0758_0760,ARPG_3,1_Easy/1_Easy_5/fps_60,baseline_win,/workspace/src/GFI_docker/compare_outputs/GFI_prediction_region_compare/train_minor_0507_twostage/ARPG_3/baseline_win/ARPG_3_1_Easy_1_Easy_5_fps_60_frame_0758_0760_winner_overlay.png,all,9,0.08,Splat Training,FineTuning,518400,1.0,0.19301311728395062,0.3267303240740741,0.4802565586419753,18.94354133552375,19.270893439300302,-0.3273521037765512,0.06701555103063583,0.06605108827352524
train_minor_0507,ARPG_3_1_Easy_1_Easy_5_fps_60_frame_0758_0760,ARPG_3,1_Easy/1_Easy_5/fps_60,baseline_win,/workspace/src/GFI_docker/compare_outputs/GFI_prediction_region_compare/train_minor_0507_twostage/ARPG_3/baseline_win/ARPG_3_1_Easy_1_Easy_5_fps_60_frame_0758_0760_winner_overlay.png,hit_both,9,0.08,Splat Training,FineTuning,408469,0.7879417438271605,0.19334392573243012,0.32966026797627235,0.4769958062912975,19.120637594413957,19.435413854661284,-0.31477626024732785,0.06597570329904556,0.06516818702220917
train_minor_0507,ARPG_3_1_Easy_1_Easy_5_fps_60_frame_0758_0760,ARPG_3,1_Easy/1_Easy_5/fps_60,baseline_win,/workspace/src/GFI_docker/compare_outputs/GFI_prediction_region_compare/train_minor_0507_twostage/ARPG_3/baseline_win/ARPG_3_1_Easy_1_Easy_5_fps_60_frame_0758_0760_winner_overlay.png,clean_both_no_hole_no_multi,9,0.08,Splat Training,FineTuning,362608,0.6994753086419753,0.1951777125711512,0.3317852887967171,0.47303699863213167,19.229350877683913,19.532807280013504,-0.3034564023295907,0.06598959863185883,0.06523829698562622
train_minor_0507,ARPG_3_1_Easy_1_Easy_5_fps_60_frame_0758_0760,ARPG_3,1_Easy/1_Easy_5/fps_60,baseline_win,/workspace/src/GFI_docker/compare_outputs/GFI_prediction_region_compare/train_minor_0507_twostage/ARPG_3/baseline_win/ARPG_3_1_Easy_1_Easy_5_fps_60_frame_0758_0760_winner_overlay.png,hole_any,9,0.08,Splat Training,FineTuning,109931,0.2120582561728395,0.191783937196969,0.31584357460588913,0.49237248819714186,18.34234018250733,18.70899861129805,-0.3666584287907213,0.07087940722703934,0.06933163851499557
train_minor_0507,ARPG_3_1_Easy_1_Easy_5_fps_60_frame_0758_0760,ARPG_3,1_Easy/1_Easy_5/fps_60,baseline_win,/workspace/src/GFI_docker/compare_outputs/GFI_prediction_region_compare/train_minor_0507_twostage/ARPG_3/baseline_win/ARPG_3_1_Easy_1_Easy_5_fps_60_frame_0758_0760_winner_overlay.png,many_to_one_any,9,0.08,Splat Training,FineTuning,74426,0.14356867283950617,0.16515733748958697,0.31788622255663346,0.5169564399537796,18.493844983053947,18.920547215249208,-0.42670223219526093,0.0657610148191452,0.06403632462024689
train_minor_0507,ARPG_3_1_Easy_1_Easy_5_fps_60_frame_0758_0760,ARPG_3,1_Easy/1_Easy_5/fps_60,baseline_win,/workspace/src/GFI_docker/compare_outputs/GFI_prediction_region_compare/train_minor_0507_twostage/ARPG_3/baseline_win/ARPG_3_1_Easy_1_Easy_5_fps_60_frame_0758_0760_winner_overlay.png,bmv_hole,9,0.08,Splat Training,FineTuning,61810,0.11923225308641976,0.17929137679987056,0.3350266947095939,0.4856819284905355,17.996759904282648,18.35337493737769,-0.35661503309504283,0.07303810119628906,0.07095717638731003
train_minor_0507,ARPG_3_1_Easy_1_Easy_5_fps_60_frame_0758_0760,ARPG_3,1_Easy/1_Easy_5/fps_60,baseline_win,/workspace/src/GFI_docker/compare_outputs/GFI_prediction_region_compare/train_minor_0507_twostage/ARPG_3/baseline_win/ARPG_3_1_Easy_1_Easy_5_fps_60_frame_0758_0760_winner_overlay.png,fmv_hole,9,0.08,Splat Training,FineTuning,60898,0.11747299382716049,0.20452231600380966,0.29278465631055206,0.5026930276856383,18.766272414739355,19.146289343322433,-0.38001692858307834,0.06822025775909424,0.06698055565357208
train_minor_0507,ARPG_3_1_Easy_1_Easy_5_fps_60_frame_0758_0760,ARPG_3,1_Easy/1_Easy_5/fps_60,baseline_win,/workspace/src/GFI_docker/compare_outputs/GFI_prediction_region_compare/train_minor_0507_twostage/ARPG_3/baseline_win/ARPG_3_1_Easy_1_Easy_5_fps_60_frame_0758_0760_winner_overlay.png,bmv_many_to_one,9,0.08,Splat Training,FineTuning,36657,0.07071180555555556,0.15896008947813514,0.2738903892844477,0.5671495212374171,18.156917909868127,18.579431095329802,-0.4225131854616748,0.06661995500326157,0.06483598798513412
train_minor_0507,ARPG_3_1_Easy_1_Easy_5_fps_60_frame_0758_0760,ARPG_3,1_Easy/1_Easy_5/fps_60,baseline_win,/workspace/src/GFI_docker/compare_outputs/GFI_prediction_region_compare/train_minor_0507_twostage/ARPG_3/baseline_win/ARPG_3_1_Easy_1_Easy_5_fps_60_frame_0758_0760_winner_overlay.png,fmv_many_to_one,9,0.08,Splat Training,FineTuning,43101,0.0831423611111111,0.16851117143453748,0.35723069070323193,0.4742581378622306,18.805603686827673,19.26920790953847,-0.4636042227107957,0.06446754187345505,0.06255748867988586
train_minor_0507,ARPG_3_1_Easy_1_Easy_5_fps_60_frame_0760_0762,ARPG_3,1_Easy/1_Easy_5/fps_60,baseline_win,/workspace/src/GFI_docker/compare_outputs/GFI_prediction_region_compare/train_minor_0507_twostage/ARPG_3/baseline_win/ARPG_3_1_Easy_1_Easy_5_fps_60_frame_0760_0762_winner_overlay.png,all,9,0.08,Splat Training,FineTuning,518400,1.0,0.2674749228395062,0.2689429012345679,0.46358217592592593,19.663932124862477,19.7746433724445,-0.11071124758202444,0.059164829552173615,0.06068027392029762
train_minor_0507,ARPG_3_1_Easy_1_Easy_5_fps_60_frame_0760_0762,ARPG_3,1_Easy/1_Easy_5/fps_60,baseline_win,/workspace/src/GFI_docker/compare_outputs/GFI_prediction_region_compare/train_minor_0507_twostage/ARPG_3/baseline_win/ARPG_3_1_Easy_1_Easy_5_fps_60_frame_0760_0762_winner_overlay.png,hit_both,9,0.08,Splat Training,FineTuning,384690,0.7420717592592593,0.27032415711352,0.23963711040058228,0.49003873248589774,20.18552577947043,20.144658945707693,0.04086683376273825,0.05409654974937439,0.0570564940571785
train_minor_0507,ARPG_3_1_Easy_1_Easy_5_fps_60_frame_0760_0762,ARPG_3,1_Easy/1_Easy_5/fps_60,baseline_win,/workspace/src/GFI_docker/compare_outputs/GFI_prediction_region_compare/train_minor_0507_twostage/ARPG_3/baseline_win/ARPG_3_1_Easy_1_Easy_5_fps_60_frame_0760_0762_winner_overlay.png,clean_both_no_hole_no_multi,9,0.08,Splat Training,FineTuning,339695,0.6552758487654321,0.2774106183488129,0.2429767880010009,0.4796125936501862,20.81856510021602,20.707869024159095,0.11069607605692511,0.05113306641578674,0.05448868125677109
train_minor_0507,ARPG_3_1_Easy_1_Easy_5_fps_60_frame_0760_0762,ARPG_3,1_Easy/1_Easy_5/fps_60,baseline_win,/workspace/src/GFI_docker/compare_outputs/GFI_prediction_region_compare/train_minor_0507_twostage/ARPG_3/baseline_win/ARPG_3_1_Easy_1_Easy_5_fps_60_frame_0760_0762_winner_overlay.png,hole_any,9,0.08,Splat Training,FineTuning,133710,0.2579282407407407,0.2592775409468252,0.35325704883703535,0.3874654102161394,18.43982645308517,18.858076199242838,-0.41824974615766664,0.0737464502453804,0.07110602408647537
train_minor_0507,ARPG_3_1_Easy_1_Easy_5_fps_60_frame_0760_0762,ARPG_3,1_Easy/1_Easy_5/fps_60,baseline_win,/workspace/src/GFI_docker/compare_outputs/GFI_prediction_region_compare/train_minor_0507_twostage/ARPG_3/baseline_win/ARPG_3_1_Easy_1_Easy_5_fps_60_frame_0760_0762_winner_overlay.png,many_to_one_any,9,0.08,Splat Training,FineTuning,69930,0.13489583333333333,0.20473330473330473,0.2333190333190333,0.561947661947662,17.46899853865118,17.75721520414607,-0.28821666549488967,0.07293329387903214,0.07199214398860931
train_minor_0507,ARPG_3_1_Easy_1_Easy_5_fps_60_frame_0760_0762,ARPG_3,1_Easy/1_Easy_5/fps_60,baseline_win,/workspace/src/GFI_docker/compare_outputs/GFI_prediction_region_compare/train_minor_0507_twostage/ARPG_3/baseline_win/ARPG_3_1_Easy_1_Easy_5_fps_60_frame_0760_0762_winner_overlay.png,bmv_hole,9,0.08,Splat Training,FineTuning,51688,0.09970679012345679,0.23309085280916267,0.2806841046277666,0.48622504256307075,18.740849535501116,19.012509927781437,-0.2716603922803209,0.06480397284030914,0.06484333425760269
train_minor_0507,ARPG_3_1_Easy_1_Easy_5_fps_60_frame_0760_0762,ARPG_3,1_Easy/1_Easy_5/fps_60,baseline_win,/workspace/src/GFI_docker/compare_outputs/GFI_prediction_region_compare/train_minor_0507_twostage/ARPG_3/baseline_win/ARPG_3_1_Easy_1_Easy_5_fps_60_frame_0760_0762_winner_overlay.png,fmv_hole,9,0.08,Splat Training,FineTuning,95748,0.18469907407407407,0.27223545139324057,0.3907966746041693,0.33696787400259015,18.267084245577124,18.727521352484032,-0.46043710690690887,0.07877128571271896,0.07474657148122787
train_minor_0507,ARPG_3_1_Easy_1_Easy_5_fps_60_frame_0760_0762,ARPG_3,1_Easy/1_Easy_5/fps_60,baseline_win,/workspace/src/GFI_docker/compare_outputs/GFI_prediction_region_compare/train_minor_0507_twostage/ARPG_3/baseline_win/ARPG_3_1_Easy_1_Easy_5_fps_60_frame_0760_0762_winner_overlay.png,bmv_many_to_one,9,0.08,Splat Training,FineTuning,34355,0.06627121913580247,0.21082811817784894,0.2507640809198079,0.5384078009023432,19.935185170451536,20.33450836289866,-0.3993231924471239,0.05173015967011452,0.05105908215045929
train_minor_0507,ARPG_3_1_Easy_1_Easy_5_fps_60_frame_0760_0762,ARPG_3,1_Easy/1_Easy_5/fps_60,baseline_win,/workspace/src/GFI_docker/compare_outputs/GFI_prediction_region_compare/train_minor_0507_twostage/ARPG_3/baseline_win/ARPG_3_1_Easy_1_Easy_5_fps_60_frame_0760_0762_winner_overlay.png,fmv_many_to_one,9,0.08,Splat Training,FineTuning,39788,0.07675154320987654,0.1973710666532623,0.21843269327435408,0.5841962400723837,16.136195077218304,16.37539463026289,-0.2391995530445854,0.08955681324005127,0.08858726918697357
train_minor_0507,ARPG_3_1_Easy_1_Easy_5_fps_60_frame_0762_0764,ARPG_3,1_Easy/1_Easy_5/fps_60,candidate_win,/workspace/src/GFI_docker/compare_outputs/GFI_prediction_region_compare/train_minor_0507_twostage/ARPG_3/candidate_win/ARPG_3_1_Easy_1_Easy_5_fps_60_frame_0762_0764_winner_overlay.png,all,9,0.08,Splat Training,FineTuning,518400,1.0,0.2892573302469136,0.20398148148148149,0.506761188271605,18.04863805105927,17.879096707125047,0.16954134393422393,0.07190728187561035,0.07489235699176788
train_minor_0507,ARPG_3_1_Easy_1_Easy_5_fps_60_frame_0762_0764,ARPG_3,1_Easy/1_Easy_5/fps_60,candidate_win,/workspace/src/GFI_docker/compare_outputs/GFI_prediction_region_compare/train_minor_0507_twostage/ARPG_3/candidate_win/ARPG_3_1_Easy_1_Easy_5_fps_60_frame_0762_0764_winner_overlay.png,hit_both,9,0.08,Splat Training,FineTuning,361470,0.6972800925925926,0.2688604863474147,0.13264171300522865,0.5984978006473566,18.811284457834457,18.095454201534473,0.7158302562999843,0.06297922134399414,0.07014548033475876
train_minor_0507,ARPG_3_1_Easy_1_Easy_5_fps_60_frame_0762_0764,ARPG_3,1_Easy/1_Easy_5/fps_60,candidate_win,/workspace/src/GFI_docker/compare_outputs/GFI_prediction_region_compare/train_minor_0507_twostage/ARPG_3/candidate_win/ARPG_3_1_Easy_1_Easy_5_fps_60_frame_0762_0764_winner_overlay.png,clean_both_no_hole_no_multi,9,0.08,Splat Training,FineTuning,283566,0.5470023148148148,0.2867833238117405,0.137900876691846,0.5753157994964135,20.930042157757285,19.68344658609227,1.246595571665015,0.049510516226291656,0.05762182176113129
train_minor_0507,ARPG_3_1_Easy_1_Easy_5_fps_60_frame_0762_0764,ARPG_3,1_Easy/1_Easy_5/fps_60,candidate_win,/workspace/src/GFI_docker/compare_outputs/GFI_prediction_region_compare/train_minor_0507_twostage/ARPG_3/candidate_win/ARPG_3_1_Easy_1_Easy_5_fps_60_frame_0762_0764_winner_overlay.png,hole_any,9,0.08,Splat Training,FineTuning,156930,0.3027199074074074,0.33623908749123815,0.3683043395144332,0.2954565729943287,16.678381191726086,17.418286784002248,-0.7399055922761626,0.09247193485498428,0.08582624047994614
train_minor_0507,ARPG_3_1_Easy_1_Easy_5_fps_60_frame_0762_0764,ARPG_3,1_Easy/1_Easy_5/fps_60,candidate_win,/workspace/src/GFI_docker/compare_outputs/GFI_prediction_region_compare/train_minor_0507_twostage/ARPG_3/candidate_win/ARPG_3_1_Easy_1_Easy_5_fps_60_frame_0762_0764_winner_overlay.png,many_to_one_any,9,0.08,Splat Training,FineTuning,97738,0.1885378086419753,0.2067670711493994,0.12837381571139167,0.6648591131392089,15.584047485446582,15.42478473982734,0.1592627456192428,0.1015888899564743,0.10488352924585342
train_minor_0507,ARPG_3_1_Easy_1_Easy_5_fps_60_frame_0762_0764,ARPG_3,1_Easy/1_Easy_5/fps_60,candidate_win,/workspace/src/GFI_docker/compare_outputs/GFI_prediction_region_compare/train_minor_0507_twostage/ARPG_3/candidate_win/ARPG_3_1_Easy_1_Easy_5_fps_60_frame_0762_0764_winner_overlay.png,bmv_hole,9,0.08,Splat Training,FineTuning,84275,0.16256751543209877,0.3891901512904183,0.28927914565410856,0.32153070305547315,17.588309105196057,16.508007630419357,1.0803014747767001,0.08667130768299103,0.0977988913655281
train_minor_0507,ARPG_3_1_Easy_1_Easy_5_fps_60_frame_0762_0764,ARPG_3,1_Easy/1_Easy_5/fps_60,candidate_win,/workspace/src/GFI_docker/compare_outputs/GFI_prediction_region_compare/train_minor_0507_twostage/ARPG_3/candidate_win/ARPG_3_1_Easy_1_Easy_5_fps_60_frame_0762_0764_winner_overlay.png,fmv_hole,9,0.08,Splat Training,FineTuning,84750,0.1634837962962963,0.2775221238938053,0.4430088495575221,0.27946902654867256,15.759979001320907,18.461742078270667,-2.70176307694976,0.10014201700687408,0.07472557574510574
train_minor_0507,ARPG_3_1_Easy_1_Easy_5_fps_60_frame_0762_0764,ARPG_3,1_Easy/1_Easy_5/fps_60,candidate_win,/workspace/src/GFI_docker/compare_outputs/GFI_prediction_region_compare/train_minor_0507_twostage/ARPG_3/candidate_win/ARPG_3_1_Easy_1_Easy_5_fps_60_frame_0762_0764_winner_overlay.png,bmv_many_to_one,9,0.08,Splat Training,FineTuning,69461,0.13399112654320988,0.18954521242135874,0.11402081743712299,0.6964339701415183,15.204510317373593,15.21011354787703,-0.005603230503437473,0.1075163185596466,0.1088578924536705
train_minor_0507,ARPG_3_1_Easy_1_Easy_5_fps_60_frame_0762_0764,ARPG_3,1_Easy/1_Easy_5/fps_60,candidate_win,/workspace/src/GFI_docker/compare_outputs/GFI_prediction_region_compare/train_minor_0507_twostage/ARPG_3/candidate_win/ARPG_3_1_Easy_1_Easy_5_fps_60_frame_0762_0764_winner_overlay.png,fmv_many_to_one,9,0.08,Splat Training,FineTuning,64860,0.12511574074074075,0.19952204748689484,0.12209374036386063,0.6783842121492445,14.443648187427328,14.253424244035834,0.1902239433914943,0.1256135255098343,0.12981970608234406
train_minor_0507,ARPG_3_1_Easy_1_Easy_5_fps_60_frame_0770_0772,ARPG_3,1_Easy/1_Easy_5/fps_60,candidate_win,/workspace/src/GFI_docker/compare_outputs/GFI_prediction_region_compare/train_minor_0507_twostage/ARPG_3/candidate_win/ARPG_3_1_Easy_1_Easy_5_fps_60_frame_0770_0772_winner_overlay.png,all,9,0.08,Splat Training,FineTuning,518400,1.0,0.35324845679012346,0.16034529320987653,0.48640625,20.15961072679596,19.44871546665149,0.710895260144472,0.04960421100258827,0.05723708122968674
train_minor_0507,ARPG_3_1_Easy_1_Easy_5_fps_60_frame_0770_0772,ARPG_3,1_Easy/1_Easy_5/fps_60,candidate_win,/workspace/src/GFI_docker/compare_outputs/GFI_prediction_region_compare/train_minor_0507_twostage/ARPG_3/candidate_win/ARPG_3_1_Easy_1_Easy_5_fps_60_frame_0770_0772_winner_overlay.png,hit_both,9,0.08,Splat Training,FineTuning,424460,0.8187885802469136,0.3610658248127032,0.12182773406210244,0.5171064411251943,22.786019089784087,20.52562195131931,2.2603971384647785,0.03674683719873428,0.048686373978853226
train_minor_0507,ARPG_3_1_Easy_1_Easy_5_fps_60_frame_0770_0772,ARPG_3,1_Easy/1_Easy_5/fps_60,candidate_win,/workspace/src/GFI_docker/compare_outputs/GFI_prediction_region_compare/train_minor_0507_twostage/ARPG_3/candidate_win/ARPG_3_1_Easy_1_Easy_5_fps_60_frame_0770_0772_winner_overlay.png,clean_both_no_hole_no_multi,9,0.08,Splat Training,FineTuning,387531,0.7475520833333333,0.35331108995151356,0.12050390807445081,0.5261850019740356,24.020252615626912,23.158743712962313,0.8615089026645997,0.03255203738808632,0.038120087236166
train_minor_0507,ARPG_3_1_Easy_1_Easy_5_fps_60_frame_0770_0772,ARPG_3,1_Easy/1_Easy_5/fps_60,candidate_win,/workspace/src/GFI_docker/compare_outputs/GFI_prediction_region_compare/train_minor_0507_twostage/ARPG_3/candidate_win/ARPG_3_1_Easy_1_Easy_5_fps_60_frame_0770_0772_winner_overlay.png,hole_any,9,0.08,Splat Training,FineTuning,93940,0.1812114197530864,0.31792633595912284,0.3343836491377475,0.3476900149031297,15.316022051392153,16.45514588685524,-1.1391238354630886,0.10769915580749512,0.09587263315916061
train_minor_0507,ARPG_3_1_Easy_1_Easy_5_fps_60_frame_0770_0772,ARPG_3,1_Easy/1_Easy_5/fps_60,candidate_win,/workspace/src/GFI_docker/compare_outputs/GFI_prediction_region_compare/train_minor_0507_twostage/ARPG_3/candidate_win/ARPG_3_1_Easy_1_Easy_5_fps_60_frame_0770_0772_winner_overlay.png,many_to_one_any,9,0.08,Splat Training,FineTuning,59376,0.11453703703703703,0.3642212341686877,0.2220425761250337,0.4137361897062786,15.954198718875169,13.986424599272837,1.967774119602332,0.09595951437950134,0.13437868654727936
train_minor_0507,ARPG_3_1_Easy_1_Easy_5_fps_60_frame_0770_0772,ARPG_3,1_Easy/1_Easy_5/fps_60,candidate_win,/workspace/src/GFI_docker/compare_outputs/GFI_prediction_region_compare/train_minor_0507_twostage/ARPG_3/candidate_win/ARPG_3_1_Easy_1_Easy_5_fps_60_frame_0770_0772_winner_overlay.png,bmv_hole,9,0.08,Splat Training,FineTuning,61579,0.1187866512345679,0.32241510904691534,0.33368518488445736,0.3438997060686273,15.26907769947689,16.20914735756537,-0.9400696580884809,0.10794398188591003,0.09831850975751877
train_minor_0507,ARPG_3_1_Easy_1_Easy_5_fps_60_frame_0770_0772,ARPG_3,1_Easy/1_Easy_5/fps_60,candidate_win,/workspace/src/GFI_docker/compare_outputs/GFI_prediction_region_compare/train_minor_0507_twostage/ARPG_3/candidate_win/ARPG_3_1_Easy_1_Easy_5_fps_60_frame_0770_0772_winner_overlay.png,fmv_hole,9,0.08,Splat Training,FineTuning,36333,0.07008680555555556,0.3077092450389453,0.32535160873035535,0.36693914623069934,15.543681211009972,16.910606585437584,-1.3669253744276126,0.1053379699587822,0.09165924042463303
train_minor_0507,ARPG_3_1_Easy_1_Easy_5_fps_60_frame_0770_0772,ARPG_3,1_Easy/1_Easy_5/fps_60,candidate_win,/workspace/src/GFI_docker/compare_outputs/GFI_prediction_region_compare/train_minor_0507_twostage/ARPG_3/candidate_win/ARPG_3_1_Easy_1_Easy_5_fps_60_frame_0770_0772_winner_overlay.png,bmv_many_to_one,9,0.08,Splat Training,FineTuning,36024,0.06949074074074074,0.34171663335554076,0.2729846768820786,0.38529868976238063,15.159338023416582,14.48152815624068,0.6778098671759025,0.11444052308797836,0.12950499355793
train_minor_0507,ARPG_3_1_Easy_1_Easy_5_fps_60_frame_0770_0772,ARPG_3,1_Easy/1_Easy_5/fps_60,candidate_win,/workspace/src/GFI_docker/compare_outputs/GFI_prediction_region_compare/train_minor_0507_twostage/ARPG_3/candidate_win/ARPG_3_1_Easy_1_Easy_5_fps_60_frame_0770_0772_winner_overlay.png,fmv_many_to_one,9,0.08,Splat Training,FineTuning,26437,0.05099729938271605,0.4074970685024776,0.1371940840488709,0.4553088474486515,17.591644114225332,13.246469716775472,4.34517439744986,0.06850307434797287,0.1440211832523346
train_minor_0507,ARPG_3_1_Medium_1_Medium_5_fps_60_frame_0000_0002,ARPG_3,1_Medium/1_Medium_5/fps_60,candidate_win,/workspace/src/GFI_docker/compare_outputs/GFI_prediction_region_compare/train_minor_0507_twostage/ARPG_3/candidate_win/ARPG_3_1_Medium_1_Medium_5_fps_60_frame_0000_0002_winner_overlay.png,all,9,0.08,Splat Training,FineTuning,518400,1.0,0.33640817901234565,0.1602662037037037,0.5033256172839506,34.116728329327024,33.78647392978123,0.33025439954579383,0.00532942172139883,0.005723069421947002
train_minor_0507,ARPG_3_1_Medium_1_Medium_5_fps_60_frame_0000_0002,ARPG_3,1_Medium/1_Medium_5/fps_60,candidate_win,/workspace/src/GFI_docker/compare_outputs/GFI_prediction_region_compare/train_minor_0507_twostage/ARPG_3/candidate_win/ARPG_3_1_Medium_1_Medium_5_fps_60_frame_0000_0002_winner_overlay.png,hit_both,9,0.08,Splat Training,FineTuning,502200,0.96875,0.335131421744325,0.15612903225806452,0.5087395459976105,35.35761181794852,34.940307307417626,0.41730451053089723,0.004755394533276558,0.005159483756870031
train_minor_0507,ARPG_3_1_Medium_1_Medium_5_fps_60_frame_0000_0002,ARPG_3,1_Medium/1_Medium_5/fps_60,candidate_win,/workspace/src/GFI_docker/compare_outputs/GFI_prediction_region_compare/train_minor_0507_twostage/ARPG_3/candidate_win/ARPG_3_1_Medium_1_Medium_5_fps_60_frame_0000_0002_winner_overlay.png,clean_both_no_hole_no_multi,9,0.08,Splat Training,FineTuning,494808,0.9544907407407407,0.3347763172786212,0.15362726552521383,0.511596417196165,36.398942343085636,36.15341245335321,0.24552988973242407,0.004461864475160837,0.004798779729753733
train_minor_0507,ARPG_3_1_Medium_1_Medium_5_fps_60_frame_0000_0002,ARPG_3,1_Medium/1_Medium_5/fps_60,candidate_win,/workspace/src/GFI_docker/compare_outputs/GFI_prediction_region_compare/train_minor_0507_twostage/ARPG_3/candidate_win/ARPG_3_1_Medium_1_Medium_5_fps_60_frame_0000_0002_winner_overlay.png,hole_any,9,0.08,Splat Training,FineTuning,16200,0.03125,0.37598765432098763,0.2885185185185185,0.3354938271604938,24.719318799304286,24.631010821593403,0.08830797771088328,0.023124264553189278,0.02319430373609066
train_minor_0507,ARPG_3_1_Medium_1_Medium_5_fps_60_frame_0000_0002,ARPG_3,1_Medium/1_Medium_5/fps_60,candidate_win,/workspace/src/GFI_docker/compare_outputs/GFI_prediction_region_compare/train_minor_0507_twostage/ARPG_3/candidate_win/ARPG_3_1_Medium_1_Medium_5_fps_60_frame_0000_0002_winner_overlay.png,many_to_one_any,9,0.08,Splat Training,FineTuning,8953,0.017270447530864198,0.3346364347146208,0.3091701105774601,0.35619345470791913,22.394485697713186,21.854361838349018,0.5401238593641686,0.03105951100587845,0.034990280866622925
train_minor_0507,ARPG_3_1_Medium_1_Medium_5_fps_60_frame_0000_0002,ARPG_3,1_Medium/1_Medium_5/fps_60,candidate_win,/workspace/src/GFI_docker/compare_outputs/GFI_prediction_region_compare/train_minor_0507_twostage/ARPG_3/candidate_win/ARPG_3_1_Medium_1_Medium_5_fps_60_frame_0000_0002_winner_overlay.png,bmv_hole,9,0.08,Splat Training,FineTuning,8226,0.015868055555555555,0.4416484318016047,0.23729637734014103,0.3210551908582543,25.186790262517196,25.071181668712995,0.11560859380420041,0.022688621655106544,0.0235166996717453
train_minor_0507,ARPG_3_1_Medium_1_Medium_5_fps_60_frame_0000_0002,ARPG_3,1_Medium/1_Medium_5/fps_60,candidate_win,/workspace/src/GFI_docker/compare_outputs/GFI_prediction_region_compare/train_minor_0507_twostage/ARPG_3/candidate_win/ARPG_3_1_Medium_1_Medium_5_fps_60_frame_0000_0002_winner_overlay.png,fmv_hole,9,0.08,Splat Training,FineTuning,8226,0.015868055555555555,0.31303185023097496,0.33807439824945296,0.3488937515195721,24.311909324615897,24.23478465615856,0.07712466845733701,0.02380305342376232,0.02320650964975357
train_minor_0507,ARPG_3_1_Medium_1_Medium_5_fps_60_frame_0000_0002,ARPG_3,1_Medium/1_Medium_5/fps_60,candidate_win,/workspace/src/GFI_docker/compare_outputs/GFI_prediction_region_compare/train_minor_0507_twostage/ARPG_3/candidate_win/ARPG_3_1_Medium_1_Medium_5_fps_60_frame_0000_0002_winner_overlay.png,bmv_many_to_one,9,0.08,Splat Training,FineTuning,4925,0.009500385802469136,0.36609137055837565,0.3155329949238579,0.3183756345177665,22.749892816622364,21.697031691622954,1.05286112499941,0.02791466750204563,0.03415839001536369
train_minor_0507,ARPG_3_1_Medium_1_Medium_5_fps_60_frame_0000_0002,ARPG_3,1_Medium/1_Medium_5/fps_60,candidate_win,/workspace/src/GFI_docker/compare_outputs/GFI_prediction_region_compare/train_minor_0507_twostage/ARPG_3/candidate_win/ARPG_3_1_Medium_1_Medium_5_fps_60_frame_0000_0002_winner_overlay.png,fmv_many_to_one,9,0.08,Splat Training,FineTuning,4596,0.00886574074074074,0.29482158398607483,0.2906875543951262,0.41449086161879894,21.840716085214574,21.672183890194418,0.16853219502015548,0.034974146634340286,0.036899663507938385
train_minor_0507,ARPG_3_1_Medium_1_Medium_5_fps_60_frame_0004_0006,ARPG_3,1_Medium/1_Medium_5/fps_60,candidate_win,/workspace/src/GFI_docker/compare_outputs/GFI_prediction_region_compare/train_minor_0507_twostage/ARPG_3/candidate_win/ARPG_3_1_Medium_1_Medium_5_fps_60_frame_0004_0006_winner_overlay.png,all,9,0.08,Splat Training,FineTuning,518400,1.0,0.36019868827160495,0.19737461419753086,0.4424266975308642,34.86922261299832,34.488332384424474,0.3808902285738469,0.004763178061693907,0.0051241605542600155
train_minor_0507,ARPG_3_1_Medium_1_Medium_5_fps_60_frame_0004_0006,ARPG_3,1_Medium/1_Medium_5/fps_60,candidate_win,/workspace/src/GFI_docker/compare_outputs/GFI_prediction_region_compare/train_minor_0507_twostage/ARPG_3/candidate_win/ARPG_3_1_Medium_1_Medium_5_fps_60_frame_0004_0006_winner_overlay.png,hit_both,9,0.08,Splat Training,FineTuning,501879,0.968130787037037,0.3585286493357961,0.19414639783692883,0.4473249528272751,36.27185711037412,35.73771690828842,0.5341402020857018,0.004168812185525894,0.004542936105281115
train_minor_0507,ARPG_3_1_Medium_1_Medium_5_fps_60_frame_0004_0006,ARPG_3,1_Medium/1_Medium_5/fps_60,candidate_win,/workspace/src/GFI_docker/compare_outputs/GFI_prediction_region_compare/train_minor_0507_twostage/ARPG_3/candidate_win/ARPG_3_1_Medium_1_Medium_5_fps_60_frame_0004_0006_winner_overlay.png,clean_both_no_hole_no_multi,9,0.08,Splat Training,FineTuning,494236,0.9533873456790124,0.35780477342807887,0.19181726948259537,0.45037795708932576,37.24667167489015,36.761494115482726,0.48517755940742546,0.003908095415681601,0.004243176896125078
train_minor_0507,ARPG_3_1_Medium_1_Medium_5_fps_60_frame_0004_0006,ARPG_3,1_Medium/1_Medium_5/fps_60,candidate_win,/workspace/src/GFI_docker/compare_outputs/GFI_prediction_region_compare/train_minor_0507_twostage/ARPG_3/candidate_win/ARPG_3_1_Medium_1_Medium_5_fps_60_frame_0004_0006_winner_overlay.png,hole_any,9,0.08,Splat Training,FineTuning,16521,0.03186921296296296,0.4109315416742328,0.29544216451788635,0.29362629380788086,25.145111695418798,25.146105006344737,-0.000993310925938573,0.02281896583735943,0.022780749946832657
train_minor_0507,ARPG_3_1_Medium_1_Medium_5_fps_60_frame_0004_0006,ARPG_3,1_Medium/1_Medium_5/fps_60,candidate_win,/workspace/src/GFI_docker/compare_outputs/GFI_prediction_region_compare/train_minor_0507_twostage/ARPG_3/candidate_win/ARPG_3_1_Medium_1_Medium_5_fps_60_frame_0004_0006_winner_overlay.png,many_to_one_any,9,0.08,Splat Training,FineTuning,8998,0.017357253086419753,0.38575238941987106,0.3419648810846855,0.2722827294954434,22.608597536633464,22.33839170390567,0.2702058327277932,0.03007596544921398,0.03249160572886467
train_minor_0507,ARPG_3_1_Medium_1_Medium_5_fps_60_frame_0004_0006,ARPG_3,1_Medium/1_Medium_5/fps_60,candidate_win,/workspace/src/GFI_docker/compare_outputs/GFI_prediction_region_compare/train_minor_0507_twostage/ARPG_3/candidate_win/ARPG_3_1_Medium_1_Medium_5_fps_60_frame_0004_0006_winner_overlay.png,bmv_hole,9,0.08,Splat Training,FineTuning,8470,0.016338734567901234,0.46469893742621016,0.2833530106257379,0.2519480519480519,24.900885580975043,25.350888977644015,-0.45000339666897204,0.023584354668855667,0.02293786033987999
train_minor_0507,ARPG_3_1_Medium_1_Medium_5_fps_60_frame_0004_0006,ARPG_3,1_Medium/1_Medium_5/fps_60,candidate_win,/workspace/src/GFI_docker/compare_outputs/GFI_prediction_region_compare/train_minor_0507_twostage/ARPG_3/candidate_win/ARPG_3_1_Medium_1_Medium_5_fps_60_frame_0004_0006_winner_overlay.png,fmv_hole,9,0.08,Splat Training,FineTuning,8395,0.016194058641975307,0.3581893984514592,0.30470518165574745,0.33710541989279336,25.2527731069693,24.777457166736237,0.4753159402330631,0.02270679362118244,0.02345358021557331
train_minor_0507,ARPG_3_1_Medium_1_Medium_5_fps_60_frame_0004_0006,ARPG_3,1_Medium/1_Medium_5/fps_60,candidate_win,/workspace/src/GFI_docker/compare_outputs/GFI_prediction_region_compare/train_minor_0507_twostage/ARPG_3/candidate_win/ARPG_3_1_Medium_1_Medium_5_fps_60_frame_0004_0006_winner_overlay.png,bmv_many_to_one,9,0.08,Splat Training,FineTuning,4936,0.009521604938271606,0.40133711507293357,0.32192058346839547,0.276742301458671,23.04749033375363,22.519109861478857,0.5283804722747725,0.027613850310444832,0.03053569421172142
train_minor_0507,ARPG_3_1_Medium_1_Medium_5_fps_60_frame_0004_0006,ARPG_3,1_Medium/1_Medium_5/fps_60,candidate_win,/workspace/src/GFI_docker/compare_outputs/GFI_prediction_region_compare/train_minor_0507_twostage/ARPG_3/candidate_win/ARPG_3_1_Medium_1_Medium_5_fps_60_frame_0004_0006_winner_overlay.png,fmv_many_to_one,9,0.08,Splat Training,FineTuning,4635,0.008940972222222222,0.38683926645091693,0.3568500539374326,0.2563106796116505,22.440339283489273,22.542899481975866,-0.10256019848659292,0.031244508922100067,0.03232607990503311
train_minor_0507,ARPG_3_1_Medium_1_Medium_5_fps_60_frame_0006_0008,ARPG_3,1_Medium/1_Medium_5/fps_60,candidate_win,/workspace/src/GFI_docker/compare_outputs/GFI_prediction_region_compare/train_minor_0507_twostage/ARPG_3/candidate_win/ARPG_3_1_Medium_1_Medium_5_fps_60_frame_0006_0008_winner_overlay.png,all,9,0.08,Splat Training,FineTuning,518400,1.0,0.3609104938271605,0.19304783950617285,0.44604166666666667,34.876228062907124,34.51768096789938,0.3585470950077436,0.004772740416228771,0.005117768421769142
train_minor_0507,ARPG_3_1_Medium_1_Medium_5_fps_60_frame_0006_0008,ARPG_3,1_Medium/1_Medium_5/fps_60,candidate_win,/workspace/src/GFI_docker/compare_outputs/GFI_prediction_region_compare/train_minor_0507_twostage/ARPG_3/candidate_win/ARPG_3_1_Medium_1_Medium_5_fps_60_frame_0006_0008_winner_overlay.png,hit_both,9,0.08,Splat Training,FineTuning,501875,0.9681230709876543,0.3596034869240349,0.18875217932752178,0.4516443337484433,35.89255686371494,35.42143379374994,0.471123069964996,0.004264968913048506,0.004632556810975075
train_minor_0507,ARPG_3_1_Medium_1_Medium_5_fps_60_frame_0006_0008,ARPG_3,1_Medium/1_Medium_5/fps_60,candidate_win,/workspace/src/GFI_docker/compare_outputs/GFI_prediction_region_compare/train_minor_0507_twostage/ARPG_3/candidate_win/ARPG_3_1_Medium_1_Medium_5_fps_60_frame_0006_0008_winner_overlay.png,clean_both_no_hole_no_multi,9,0.08,Splat Training,FineTuning,494030,0.9529899691358025,0.3585207376070279,0.18689553265995992,0.45458372973301214,36.87652535415151,36.44143981938111,0.43508553477040124,0.004003068897873163,0.004337641876190901
train_minor_0507,ARPG_3_1_Medium_1_Medium_5_fps_60_frame_0006_0008,ARPG_3,1_Medium/1_Medium_5/fps_60,candidate_win,/workspace/src/GFI_docker/compare_outputs/GFI_prediction_region_compare/train_minor_0507_twostage/ARPG_3/candidate_win/ARPG_3_1_Medium_1_Medium_5_fps_60_frame_0006_0008_winner_overlay.png,hole_any,9,0.08,Splat Training,FineTuning,16525,0.03187692901234568,0.40060514372163386,0.3235098335854765,0.27588502269288956,26.221097086723443,26.253181954600574,-0.03208486787713127,0.02019408345222473,0.01985393464565277
train_minor_0507,ARPG_3_1_Medium_1_Medium_5_fps_60_frame_0006_0008,ARPG_3,1_Medium/1_Medium_5/fps_60,candidate_win,/workspace/src/GFI_docker/compare_outputs/GFI_prediction_region_compare/train_minor_0507_twostage/ARPG_3/candidate_win/ARPG_3_1_Medium_1_Medium_5_fps_60_frame_0006_0008_winner_overlay.png,many_to_one_any,9,0.08,Splat Training,FineTuning,8940,0.01724537037037037,0.41577181208053693,0.2986577181208054,0.28557046979865774,23.21319821445011,22.78894623097964,0.42425198347046944,0.02687283419072628,0.029439399018883705
train_minor_0507,ARPG_3_1_Medium_1_Medium_5_fps_60_frame_0006_0008,ARPG_3,1_Medium/1_Medium_5/fps_60,candidate_win,/workspace/src/GFI_docker/compare_outputs/GFI_prediction_region_compare/train_minor_0507_twostage/ARPG_3/candidate_win/ARPG_3_1_Medium_1_Medium_5_fps_60_frame_0006_0008_winner_overlay.png,bmv_hole,9,0.08,Splat Training,FineTuning,8499,0.016394675925925927,0.4500529474055771,0.3049770561242499,0.24496999647017295,26.034572979440856,26.017924872392875,0.016648107047981142,0.02173604629933834,0.021391212940216064
train_minor_0507,ARPG_3_1_Medium_1_Medium_5_fps_60_frame_0006_0008,ARPG_3,1_Medium/1_Medium_5/fps_60,candidate_win,/workspace/src/GFI_docker/compare_outputs/GFI_prediction_region_compare/train_minor_0507_twostage/ARPG_3/candidate_win/ARPG_3_1_Medium_1_Medium_5_fps_60_frame_0006_0008_winner_overlay.png,fmv_hole,9,0.08,Splat Training,FineTuning,8443,0.016286651234567903,0.3542579651782542,0.34051877294800426,0.30522326187374155,26.23398366173015,26.128404501672193,0.10557916005795676,0.019764680415391922,0.019767777994275093
train_minor_0507,ARPG_3_1_Medium_1_Medium_5_fps_60_frame_0006_0008,ARPG_3,1_Medium/1_Medium_5/fps_60,candidate_win,/workspace/src/GFI_docker/compare_outputs/GFI_prediction_region_compare/train_minor_0507_twostage/ARPG_3/candidate_win/ARPG_3_1_Medium_1_Medium_5_fps_60_frame_0006_0008_winner_overlay.png,bmv_many_to_one,9,0.08,Splat Training,FineTuning,4897,0.009446373456790124,0.4306718399019808,0.33285685113334695,0.23647130896467225,22.891581577836813,22.56058290050418,0.33099867733263366,0.026431014761328697,0.02913401648402214
train_minor_0507,ARPG_3_1_Medium_1_Medium_5_fps_60_frame_0006_0008,ARPG_3,1_Medium/1_Medium_5/fps_60,candidate_win,/workspace/src/GFI_docker/compare_outputs/GFI_prediction_region_compare/train_minor_0507_twostage/ARPG_3/candidate_win/ARPG_3_1_Medium_1_Medium_5_fps_60_frame_0006_0008_winner_overlay.png,fmv_many_to_one,9,0.08,Splat Training,FineTuning,4670,0.009008487654320987,0.4062098501070664,0.27430406852248396,0.3194860813704497,23.683807297546107,23.098060609840722,0.5857466877053845,0.026815859600901604,0.0291738398373127
train_minor_0507,ARPG_3_1_Medium_1_Medium_5_fps_60_frame_0010_0012,ARPG_3,1_Medium/1_Medium_5/fps_60,candidate_win,/workspace/src/GFI_docker/compare_outputs/GFI_prediction_region_compare/train_minor_0507_twostage/ARPG_3/candidate_win/ARPG_3_1_Medium_1_Medium_5_fps_60_frame_0010_0012_winner_overlay.png,all,9,0.08,Splat Training,FineTuning,518400,1.0,0.33677662037037037,0.18866126543209877,0.47456211419753086,34.40712427717471,33.961983309715514,0.44514096745919574,0.005090473685413599,0.00547916442155838
train_minor_0507,ARPG_3_1_Medium_1_Medium_5_fps_60_frame_0010_0012,ARPG_3,1_Medium/1_Medium_5/fps_60,candidate_win,/workspace/src/GFI_docker/compare_outputs/GFI_prediction_region_compare/train_minor_0507_twostage/ARPG_3/candidate_win/ARPG_3_1_Medium_1_Medium_5_fps_60_frame_0010_0012_winner_overlay.png,hit_both,9,0.08,Splat Training,FineTuning,501612,0.9676157407407407,0.3331100531885202,0.18578901621173338,0.4811009305997464,35.598613724266464,35.12433968300045,0.474274041266014,0.004546279553323984,0.0049466323107481
train_minor_0507,ARPG_3_1_Medium_1_Medium_5_fps_60_frame_0010_0012,ARPG_3,1_Medium/1_Medium_5/fps_60,candidate_win,/workspace/src/GFI_docker/compare_outputs/GFI_prediction_region_compare/train_minor_0507_twostage/ARPG_3/candidate_win/ARPG_3_1_Medium_1_Medium_5_fps_60_frame_0010_0012_winner_overlay.png,clean_both_no_hole_no_multi,9,0.08,Splat Training,FineTuning,494145,0.9532118055555555,0.3317447307976404,0.1839480314482591,0.4843072377541005,36.52289615233413,36.19677739008657,0.3261187622475603,0.004258024971932173,0.004604467656463385
train_minor_0507,ARPG_3_1_Medium_1_Medium_5_fps_60_frame_0010_0012,ARPG_3,1_Medium/1_Medium_5/fps_60,candidate_win,/workspace/src/GFI_docker/compare_outputs/GFI_prediction_region_compare/train_minor_0507_twostage/ARPG_3/candidate_win/ARPG_3_1_Medium_1_Medium_5_fps_60_frame_0010_0012_winner_overlay.png,hole_any,9,0.08,Splat Training,FineTuning,16788,0.03238425925925926,0.44633071241362876,0.27448177269478197,0.2791875148915892,25.285415869684215,24.92230673447628,0.3631091352079352,0.02135060727596283,0.02139078453183174
train_minor_0507,ARPG_3_1_Medium_1_Medium_5_fps_60_frame_0010_0012,ARPG_3,1_Medium/1_Medium_5/fps_60,candidate_win,/workspace/src/GFI_docker/compare_outputs/GFI_prediction_region_compare/train_minor_0507_twostage/ARPG_3/candidate_win/ARPG_3_1_Medium_1_Medium_5_fps_60_frame_0010_0012_winner_overlay.png,many_to_one_any,9,0.08,Splat Training,FineTuning,8866,0.017102623456790124,0.40300022558087073,0.28806677193773966,0.30893300248138955,22.916063861541044,22.155246071289056,0.7608177902519877,0.029479732736945152,0.033280547708272934
train_minor_0507,ARPG_3_1_Medium_1_Medium_5_fps_60_frame_0010_0012,ARPG_3,1_Medium/1_Medium_5/fps_60,candidate_win,/workspace/src/GFI_docker/compare_outputs/GFI_prediction_region_compare/train_minor_0507_twostage/ARPG_3/candidate_win/ARPG_3_1_Medium_1_Medium_5_fps_60_frame_0010_0012_winner_overlay.png,bmv_hole,9,0.08,Splat Training,FineTuning,8534,0.01646219135802469,0.4103585657370518,0.32294352003749704,0.26669791422545114,25.01074671922713,24.643475435256907,0.36727128397022213,0.023523898795247078,0.023109406232833862
train_minor_0507,ARPG_3_1_Medium_1_Medium_5_fps_60_frame_0010_0012,ARPG_3,1_Medium/1_Medium_5/fps_60,candidate_win,/workspace/src/GFI_docker/compare_outputs/GFI_prediction_region_compare/train_minor_0507_twostage/ARPG_3/candidate_win/ARPG_3_1_Medium_1_Medium_5_fps_60_frame_0010_0012_winner_overlay.png,fmv_hole,9,0.08,Splat Training,FineTuning,8472,0.016342592592592593,0.4852455146364495,0.22344192634560905,0.29131255901794145,25.027882918139817,24.49682043706325,0.5310624810765674,0.020713523030281067,0.021722305566072464
train_minor_0507,ARPG_3_1_Medium_1_Medium_5_fps_60_frame_0010_0012,ARPG_3,1_Medium/1_Medium_5/fps_60,candidate_win,/workspace/src/GFI_docker/compare_outputs/GFI_prediction_region_compare/train_minor_0507_twostage/ARPG_3/candidate_win/ARPG_3_1_Medium_1_Medium_5_fps_60_frame_0010_0012_winner_overlay.png,bmv_many_to_one,9,0.08,Splat Training,FineTuning,4715,0.009095293209876544,0.4163308589607635,0.28547189819724283,0.2981972428419936,22.191994193174374,21.935886669438446,0.2561075237359276,0.030745431780815125,0.03341193124651909
train_minor_0507,ARPG_3_1_Medium_1_Medium_5_fps_60_frame_0010_0012,ARPG_3,1_Medium/1_Medium_5/fps_60,candidate_win,/workspace/src/GFI_docker/compare_outputs/GFI_prediction_region_compare/train_minor_0507_twostage/ARPG_3/candidate_win/ARPG_3_1_Medium_1_Medium_5_fps_60_frame_0010_0012_winner_overlay.png,fmv_many_to_one,9,0.08,Splat Training,FineTuning,4656,0.008981481481481481,0.40893470790378006,0.2772766323024055,0.31378865979381443,23.488750763651364,22.324125126080226,1.1646256375711381,0.02886204794049263,0.03339173272252083
train_minor_0507,ARPG_3_1_Medium_1_Medium_5_fps_60_frame_0268_0270,ARPG_3,1_Medium/1_Medium_5/fps_60,candidate_win,/workspace/src/GFI_docker/compare_outputs/GFI_prediction_region_compare/train_minor_0507_twostage/ARPG_3/candidate_win/ARPG_3_1_Medium_1_Medium_5_fps_60_frame_0268_0270_winner_overlay.png,all,9,0.08,Splat Training,FineTuning,518400,1.0,0.17950231481481482,0.07463927469135802,0.7458584104938272,19.232554499434375,19.098784840711353,0.13376965872302193,0.05762258172035217,0.06042000278830528
train_minor_0507,ARPG_3_1_Medium_1_Medium_5_fps_60_frame_0268_0270,ARPG_3,1_Medium/1_Medium_5/fps_60,candidate_win,/workspace/src/GFI_docker/compare_outputs/GFI_prediction_region_compare/train_minor_0507_twostage/ARPG_3/candidate_win/ARPG_3_1_Medium_1_Medium_5_fps_60_frame_0268_0270_winner_overlay.png,hit_both,9,0.08,Splat Training,FineTuning,453951,0.8756770833333334,0.1711748624851581,0.06857788615951942,0.7602472513553225,19.465701195930933,19.355486063893693,0.11021513203723998,0.055623527616262436,0.05805065482854843
train_minor_0507,ARPG_3_1_Medium_1_Medium_5_fps_60_frame_0268_0270,ARPG_3,1_Medium/1_Medium_5/fps_60,candidate_win,/workspace/src/GFI_docker/compare_outputs/GFI_prediction_region_compare/train_minor_0507_twostage/ARPG_3/candidate_win/ARPG_3_1_Medium_1_Medium_5_fps_60_frame_0268_0270_winner_overlay.png,clean_both_no_hole_no_multi,9,0.08,Splat Training,FineTuning,428055,0.8257233796296296,0.16613052061066919,0.06358528693742627,0.7702841924519045,19.791220277785627,19.68593929003041,0.105280987755215,0.05383030325174332,0.05608263239264488
train_minor_0507,ARPG_3_1_Medium_1_Medium_5_fps_60_frame_0268_0270,ARPG_3,1_Medium/1_Medium_5/fps_60,candidate_win,/workspace/src/GFI_docker/compare_outputs/GFI_prediction_region_compare/train_minor_0507_twostage/ARPG_3/candidate_win/ARPG_3_1_Medium_1_Medium_5_fps_60_frame_0268_0270_winner_overlay.png,hole_any,9,0.08,Splat Training,FineTuning,64449,0.12432291666666667,0.23815730267343171,0.11733308507502056,0.6445096122515477,17.871204312684284,17.624290809129935,0.2469135035543495,0.07170312106609344,0.0771084725856781
train_minor_0507,ARPG_3_1_Medium_1_Medium_5_fps_60_frame_0268_0270,ARPG_3,1_Medium/1_Medium_5/fps_60,candidate_win,/workspace/src/GFI_docker/compare_outputs/GFI_prediction_region_compare/train_minor_0507_twostage/ARPG_3/candidate_win/ARPG_3_1_Medium_1_Medium_5_fps_60_frame_0268_0270_winner_overlay.png,many_to_one_any,9,0.08,Splat Training,FineTuning,43579,0.08406442901234568,0.23056976984327313,0.12645999219807705,0.6429702379586498,16.774954043481742,16.56029169055894,0.2146623529228009,0.0791105106472969,0.08479026705026627
train_minor_0507,ARPG_3_1_Medium_1_Medium_5_fps_60_frame_0268_0270,ARPG_3,1_Medium/1_Medium_5/fps_60,candidate_win,/workspace/src/GFI_docker/compare_outputs/GFI_prediction_region_compare/train_minor_0507_twostage/ARPG_3/candidate_win/ARPG_3_1_Medium_1_Medium_5_fps_60_frame_0268_0270_winner_overlay.png,bmv_hole,9,0.08,Splat Training,FineTuning,33793,0.06518711419753087,0.24454768739087976,0.11644423401296126,0.6390080785961589,17.391458760607186,17.16368855195486,0.227770208652327,0.07713675498962402,0.08270247280597687
train_minor_0507,ARPG_3_1_Medium_1_Medium_5_fps_60_frame_0268_0270,ARPG_3,1_Medium/1_Medium_5/fps_60,candidate_win,/workspace/src/GFI_docker/compare_outputs/GFI_prediction_region_compare/train_minor_0507_twostage/ARPG_3/candidate_win/ARPG_3_1_Medium_1_Medium_5_fps_60_frame_0268_0270_winner_overlay.png,fmv_hole,9,0.08,Splat Training,FineTuning,35021,0.06755594135802469,0.23177522058193656,0.1236115473572999,0.6446132320607636,18.07722978698057,17.84914522606752,0.22808456091305018,0.06955360621213913,0.07467900216579437
train_minor_0507,ARPG_3_1_Medium_1_Medium_5_fps_60_frame_0268_0270,ARPG_3,1_Medium/1_Medium_5/fps_60,candidate_win,/workspace/src/GFI_docker/compare_outputs/GFI_prediction_region_compare/train_minor_0507_twostage/ARPG_3/candidate_win/ARPG_3_1_Medium_1_Medium_5_fps_60_frame_0268_0270_winner_overlay.png,bmv_many_to_one,9,0.08,Splat Training,FineTuning,27839,0.05370177469135803,0.2072991127554869,0.12281331944394554,0.6698875678005676,16.06847220287439,15.892974145991491,0.17549805688289766,0.08608029782772064,0.09103376418352127
train_minor_0507,ARPG_3_1_Medium_1_Medium_5_fps_60_frame_0268_0270,ARPG_3,1_Medium/1_Medium_5/fps_60,candidate_win,/workspace/src/GFI_docker/compare_outputs/GFI_prediction_region_compare/train_minor_0507_twostage/ARPG_3/candidate_win/ARPG_3_1_Medium_1_Medium_5_fps_60_frame_0268_0270_winner_overlay.png,fmv_many_to_one,9,0.08,Splat Training,FineTuning,18300,0.03530092592592592,0.2810928961748634,0.14573770491803278,0.5731693989071038,18.157712816106674,17.729806522165788,0.427906293940886,0.06709753721952438,0.07478024065494537
train_minor_0507,ARPG_3_1_Medium_1_Medium_5_fps_60_frame_0272_0274,ARPG_3,1_Medium/1_Medium_5/fps_60,candidate_win,/workspace/src/GFI_docker/compare_outputs/GFI_prediction_region_compare/train_minor_0507_twostage/ARPG_3/candidate_win/ARPG_3_1_Medium_1_Medium_5_fps_60_frame_0272_0274_winner_overlay.png,all,9,0.08,Splat Training,FineTuning,518400,1.0,0.18824266975308643,0.08253472222222222,0.7292226080246914,19.581952125477216,19.44407421688488,0.13787790859233695,0.052464377135038376,0.0555911622941494
train_minor_0507,ARPG_3_1_Medium_1_Medium_5_fps_60_frame_0272_0274,ARPG_3,1_Medium/1_Medium_5/fps_60,candidate_win,/workspace/src/GFI_docker/compare_outputs/GFI_prediction_region_compare/train_minor_0507_twostage/ARPG_3/candidate_win/ARPG_3_1_Medium_1_Medium_5_fps_60_frame_0272_0274_winner_overlay.png,hit_both,9,0.08,Splat Training,FineTuning,445339,0.8590644290123457,0.17965864206817728,0.07098637217939592,0.7493549857524268,19.922580533867674,19.779417388276926,0.14316314559074783,0.04980088025331497,0.052725616842508316
train_minor_0507,ARPG_3_1_Medium_1_Medium_5_fps_60_frame_0272_0274,ARPG_3,1_Medium/1_Medium_5/fps_60,candidate_win,/workspace/src/GFI_docker/compare_outputs/GFI_prediction_region_compare/train_minor_0507_twostage/ARPG_3/candidate_win/ARPG_3_1_Medium_1_Medium_5_fps_60_frame_0272_0274_winner_overlay.png,clean_both_no_hole_no_multi,9,0.08,Splat Training,FineTuning,416886,0.8041782407407407,0.1759329888746564,0.06626511804186276,0.7578018930834809,20.48001579499809,20.347866004688782,0.13214979030930607,0.047032587230205536,0.049672458320856094
train_minor_0507,ARPG_3_1_Medium_1_Medium_5_fps_60_frame_0272_0274,ARPG_3,1_Medium/1_Medium_5/fps_60,candidate_win,/workspace/src/GFI_docker/compare_outputs/GFI_prediction_region_compare/train_minor_0507_twostage/ARPG_3/candidate_win/ARPG_3_1_Medium_1_Medium_5_fps_60_frame_0272_0274_winner_overlay.png,hole_any,9,0.08,Splat Training,FineTuning,73061,0.14093557098765433,0.24056610229807968,0.1529270062002984,0.606506891501622,17.93897275991915,17.821568428198756,0.11740433172039388,0.06869960576295853,0.07305788993835449
train_minor_0507,ARPG_3_1_Medium_1_Medium_5_fps_60_frame_0272_0274,ARPG_3,1_Medium/1_Medium_5/fps_60,candidate_win,/workspace/src/GFI_docker/compare_outputs/GFI_prediction_region_compare/train_minor_0507_twostage/ARPG_3/candidate_win/ARPG_3_1_Medium_1_Medium_5_fps_60_frame_0272_0274_winner_overlay.png,many_to_one_any,9,0.08,Splat Training,FineTuning,49650,0.09577546296296297,0.21756294058408862,0.12555891238670694,0.6568781470292044,16.410978769782922,16.161880125259596,0.24909864452332542,0.08088263124227524,0.08770669251680374
train_minor_0507,ARPG_3_1_Medium_1_Medium_5_fps_60_frame_0272_0274,ARPG_3,1_Medium/1_Medium_5/fps_60,candidate_win,/workspace/src/GFI_docker/compare_outputs/GFI_prediction_region_compare/train_minor_0507_twostage/ARPG_3/candidate_win/ARPG_3_1_Medium_1_Medium_5_fps_60_frame_0272_0274_winner_overlay.png,bmv_hole,9,0.08,Splat Training,FineTuning,38389,0.0740528549382716,0.23821928156503164,0.190966162181875,0.5708145562530933,17.4697772750754,17.478707486008826,-0.008930210933424831,0.07326454669237137,0.07592561841011047
train_minor_0507,ARPG_3_1_Medium_1_Medium_5_fps_60_frame_0272_0274,ARPG_3,1_Medium/1_Medium_5/fps_60,candidate_win,/workspace/src/GFI_docker/compare_outputs/GFI_prediction_region_compare/train_minor_0507_twostage/ARPG_3/candidate_win/ARPG_3_1_Medium_1_Medium_5_fps_60_frame_0272_0274_winner_overlay.png,fmv_hole,9,0.08,Splat Training,FineTuning,39531,0.07625578703703703,0.24692013862538262,0.12182843844071742,0.6312514229339,17.997446450556208,17.806032930963454,0.19141351959275354,0.06803764402866364,0.07376988232135773
train_minor_0507,ARPG_3_1_Medium_1_Medium_5_fps_60_frame_0272_0274,ARPG_3,1_Medium/1_Medium_5/fps_60,candidate_win,/workspace/src/GFI_docker/compare_outputs/GFI_prediction_region_compare/train_minor_0507_twostage/ARPG_3/candidate_win/ARPG_3_1_Medium_1_Medium_5_fps_60_frame_0272_0274_winner_overlay.png,bmv_many_to_one,9,0.08,Splat Training,FineTuning,31658,0.06106867283950617,0.20348727020026533,0.10667129951355107,0.6898414302861836,15.697343198051021,15.459887749571076,0.23745544847994537,0.08918977528810501,0.09617869555950165
train_minor_0507,ARPG_3_1_Medium_1_Medium_5_fps_60_frame_0272_0274,ARPG_3,1_Medium/1_Medium_5/fps_60,candidate_win,/workspace/src/GFI_docker/compare_outputs/GFI_prediction_region_compare/train_minor_0507_twostage/ARPG_3/candidate_win/ARPG_3_1_Medium_1_Medium_5_fps_60_frame_0272_0274_winner_overlay.png,fmv_many_to_one,9,0.08,Splat Training,FineTuning,20780,0.04008487654320988,0.24942252165543793,0.16390760346487007,0.586669874879692,17.298469006850073,17.012504370673863,0.28596463617621026,0.07147873193025589,0.07939396053552628
train_minor_0507,ARPG_3_1_Medium_1_Medium_5_fps_60_frame_0448_0450,ARPG_3,1_Medium/1_Medium_5/fps_60,candidate_win,/workspace/src/GFI_docker/compare_outputs/GFI_prediction_region_compare/train_minor_0507_twostage/ARPG_3/candidate_win/ARPG_3_1_Medium_1_Medium_5_fps_60_frame_0448_0450_winner_overlay.png,all,9,0.08,Splat Training,FineTuning,518400,1.0,0.19445987654320987,0.1462152777777778,0.6593248456790124,19.681155628780097,19.51786270505486,0.16329292372523696,0.053215403109788895,0.05551400035619736
train_minor_0507,ARPG_3_1_Medium_1_Medium_5_fps_60_frame_0448_0450,ARPG_3,1_Medium/1_Medium_5/fps_60,candidate_win,/workspace/src/GFI_docker/compare_outputs/GFI_prediction_region_compare/train_minor_0507_twostage/ARPG_3/candidate_win/ARPG_3_1_Medium_1_Medium_5_fps_60_frame_0448_0450_winner_overlay.png,hit_both,9,0.08,Splat Training,FineTuning,443569,0.8556500771604938,0.17029594042865936,0.13079813963554712,0.6989059199357935,20.316803030368842,20.313956393593237,0.002846636775604594,0.047818925231695175,0.04867266118526459
train_minor_0507,ARPG_3_1_Medium_1_Medium_5_fps_60_frame_0448_0450,ARPG_3,1_Medium/1_Medium_5/fps_60,candidate_win,/workspace/src/GFI_docker/compare_outputs/GFI_prediction_region_compare/train_minor_0507_twostage/ARPG_3/candidate_win/ARPG_3_1_Medium_1_Medium_5_fps_60_frame_0448_0450_winner_overlay.png,clean_both_no_hole_no_multi,9,0.08,Splat Training,FineTuning,428173,0.8259510030864198,0.16873086345939609,0.13040056238950143,0.7008685741511025,20.646265541502984,20.653951624815782,-0.0076860833127980754,0.04629101604223251,0.04706399142742157
train_minor_0507,ARPG_3_1_Medium_1_Medium_5_fps_60_frame_0448_0450,ARPG_3,1_Medium/1_Medium_5/fps_60,candidate_win,/workspace/src/GFI_docker/compare_outputs/GFI_prediction_region_compare/train_minor_0507_twostage/ARPG_3/candidate_win/ARPG_3_1_Medium_1_Medium_5_fps_60_frame_0448_0450_winner_overlay.png,hole_any,9,0.08,Splat Training,FineTuning,74831,0.14434992283950618,0.3376942710908581,0.2376020633160054,0.42470366559313655,17.11138510162522,16.523223644723757,0.5881614569014637,0.08520351350307465,0.09606674313545227
train_minor_0507,ARPG_3_1_Medium_1_Medium_5_fps_60_frame_0448_0450,ARPG_3,1_Medium/1_Medium_5/fps_60,candidate_win,/workspace/src/GFI_docker/compare_outputs/GFI_prediction_region_compare/train_minor_0507_twostage/ARPG_3/candidate_win/ARPG_3_1_Medium_1_Medium_5_fps_60_frame_0448_0450_winner_overlay.png,many_to_one_any,9,0.08,Splat Training,FineTuning,34090,0.06576003086419753,0.1969492519800528,0.13446758580228807,0.6685831622176591,16.620811837640762,16.446704467657632,0.1741073699831297,0.0834503099322319,0.0873429998755455
train_minor_0507,ARPG_3_1_Medium_1_Medium_5_fps_60_frame_0448_0450,ARPG_3,1_Medium/1_Medium_5/fps_60,candidate_win,/workspace/src/GFI_docker/compare_outputs/GFI_prediction_region_compare/train_minor_0507_twostage/ARPG_3/candidate_win/ARPG_3_1_Medium_1_Medium_5_fps_60_frame_0448_0450_winner_overlay.png,bmv_hole,9,0.08,Splat Training,FineTuning,27772,0.05357253086419753,0.3414230159873254,0.19307215900907387,0.46550482500360074,15.27557980884068,14.874485146662195,0.401094662178485,0.112663134932518,0.12536276876926422
train_minor_0507,ARPG_3_1_Medium_1_Medium_5_fps_60_frame_0448_0450,ARPG_3,1_Medium/1_Medium_5/fps_60,candidate_win,/workspace/src/GFI_docker/compare_outputs/GFI_prediction_region_compare/train_minor_0507_twostage/ARPG_3/candidate_win/ARPG_3_1_Medium_1_Medium_5_fps_60_frame_0448_0450_winner_overlay.png,fmv_hole,9,0.08,Splat Training,FineTuning,55691,0.10742862654320988,0.3610278141890072,0.26230450162503816,0.37666768418595464,17.699530445073343,16.873826077642104,0.8257043674312392,0.07844125479459763,0.09156522899866104
train_minor_0507,ARPG_3_1_Medium_1_Medium_5_fps_60_frame_0448_0450,ARPG_3,1_Medium/1_Medium_5/fps_60,candidate_win,/workspace/src/GFI_docker/compare_outputs/GFI_prediction_region_compare/train_minor_0507_twostage/ARPG_3/candidate_win/ARPG_3_1_Medium_1_Medium_5_fps_60_frame_0448_0450_winner_overlay.png,bmv_many_to_one,9,0.08,Splat Training,FineTuning,26578,0.05126929012345679,0.1803747460305516,0.14177138987132215,0.6778538640981263,16.576300526849938,16.451230575237,0.12506995161293943,0.0858544334769249,0.08888574689626694
train_minor_0507,ARPG_3_1_Medium_1_Medium_5_fps_60_frame_0448_0450,ARPG_3,1_Medium/1_Medium_5/fps_60,candidate_win,/workspace/src/GFI_docker/compare_outputs/GFI_prediction_region_compare/train_minor_0507_twostage/ARPG_3/candidate_win/ARPG_3_1_Medium_1_Medium_5_fps_60_frame_0448_0450_winner_overlay.png,fmv_many_to_one,9,0.08,Splat Training,FineTuning,8701,0.016784336419753087,0.2621537754281117,0.11481438915067234,0.623031835421216,16.628722627357934,16.30516250865508,0.3235601187028543,0.0758572593331337,0.08265115320682526
train_minor_0507,ARPG_3_1_Medium_1_Medium_5_fps_60_frame_0460_0462,ARPG_3,1_Medium/1_Medium_5/fps_60,candidate_win,/workspace/src/GFI_docker/compare_outputs/GFI_prediction_region_compare/train_minor_0507_twostage/ARPG_3/candidate_win/ARPG_3_1_Medium_1_Medium_5_fps_60_frame_0460_0462_winner_overlay.png,all,9,0.08,Splat Training,FineTuning,518400,1.0,0.24563464506172838,0.20516203703703703,0.5492033179012346,18.962261904951646,18.793412023894355,0.16884988105729093,0.059744756668806076,0.062224823981523514
train_minor_0507,ARPG_3_1_Medium_1_Medium_5_fps_60_frame_0460_0462,ARPG_3,1_Medium/1_Medium_5/fps_60,candidate_win,/workspace/src/GFI_docker/compare_outputs/GFI_prediction_region_compare/train_minor_0507_twostage/ARPG_3/candidate_win/ARPG_3_1_Medium_1_Medium_5_fps_60_frame_0460_0462_winner_overlay.png,hit_both,9,0.08,Splat Training,FineTuning,423720,0.8173611111111111,0.2328235627301048,0.16819125837817428,0.598985178891721,19.96909890259567,19.549270708316687,0.41982819427898477,0.05175802856683731,0.055679935961961746
train_minor_0507,ARPG_3_1_Medium_1_Medium_5_fps_60_frame_0460_0462,ARPG_3,1_Medium/1_Medium_5/fps_60,candidate_win,/workspace/src/GFI_docker/compare_outputs/GFI_prediction_region_compare/train_minor_0507_twostage/ARPG_3/candidate_win/ARPG_3_1_Medium_1_Medium_5_fps_60_frame_0460_0462_winner_overlay.png,clean_both_no_hole_no_multi,9,0.08,Splat Training,FineTuning,373948,0.7213503086419754,0.22496175938900595,0.1533475242547092,0.6216907163562848,20.95820559677225,20.8395090681147,0.11869652865754787,0.04579656571149826,0.04811811074614525
train_minor_0507,ARPG_3_1_Medium_1_Medium_5_fps_60_frame_0460_0462,ARPG_3,1_Medium/1_Medium_5/fps_60,candidate_win,/workspace/src/GFI_docker/compare_outputs/GFI_prediction_region_compare/train_minor_0507_twostage/ARPG_3/candidate_win/ARPG_3_1_Medium_1_Medium_5_fps_60_frame_0460_0462_winner_overlay.png,hole_any,9,0.08,Splat Training,FineTuning,94680,0.18263888888888888,0.30296789184621886,0.37061681453316436,0.32641529362061683,16.1156294459907,16.451079438408335,-0.3354499924176366,0.09548766165971756,0.09151497483253479
train_minor_0507,ARPG_3_1_Medium_1_Medium_5_fps_60_frame_0460_0462,ARPG_3,1_Medium/1_Medium_5/fps_60,candidate_win,/workspace/src/GFI_docker/compare_outputs/GFI_prediction_region_compare/train_minor_0507_twostage/ARPG_3/candidate_win/ARPG_3_1_Medium_1_Medium_5_fps_60_frame_0460_0462_winner_overlay.png,many_to_one_any,9,0.08,Splat Training,FineTuning,61147,0.11795331790123456,0.2714605786056552,0.27878718498045696,0.44975223641388784,15.786656514290698,15.089707306984026,0.6969492073066714,0.09847350418567657,0.11021219938993454
train_minor_0507,ARPG_3_1_Medium_1_Medium_5_fps_60_frame_0460_0462,ARPG_3,1_Medium/1_Medium_5/fps_60,candidate_win,/workspace/src/GFI_docker/compare_outputs/GFI_prediction_region_compare/train_minor_0507_twostage/ARPG_3/candidate_win/ARPG_3_1_Medium_1_Medium_5_fps_60_frame_0460_0462_winner_overlay.png,bmv_hole,9,0.08,Splat Training,FineTuning,50457,0.09733217592592593,0.29547931902411956,0.3868244247577145,0.31769625621816594,16.461352268670232,16.549952025724274,-0.0885997570540411,0.09145265817642212,0.08756937086582184
train_minor_0507,ARPG_3_1_Medium_1_Medium_5_fps_60_frame_0460_0462,ARPG_3,1_Medium/1_Medium_5/fps_60,candidate_win,/workspace/src/GFI_docker/compare_outputs/GFI_prediction_region_compare/train_minor_0507_twostage/ARPG_3/candidate_win/ARPG_3_1_Medium_1_Medium_5_fps_60_frame_0460_0462_winner_overlay.png,fmv_hole,9,0.08,Splat Training,FineTuning,50335,0.09709683641975309,0.31044005165391875,0.3522002582695937,0.33735969007648753,15.319343977730496,15.785442525788369,-0.46609854805787343,0.10609474778175354,0.10300186276435852
train_minor_0507,ARPG_3_1_Medium_1_Medium_5_fps_60_frame_0460_0462,ARPG_3,1_Medium/1_Medium_5/fps_60,candidate_win,/workspace/src/GFI_docker/compare_outputs/GFI_prediction_region_compare/train_minor_0507_twostage/ARPG_3/candidate_win/ARPG_3_1_Medium_1_Medium_5_fps_60_frame_0460_0462_winner_overlay.png,bmv_many_to_one,9,0.08,Splat Training,FineTuning,42864,0.08268518518518518,0.3229516610675625,0.2535694288913774,0.4234789100410601,17.275819678575484,15.345496860044554,1.9303228185309305,0.08414633572101593,0.10856516659259796
train_minor_0507,ARPG_3_1_Medium_1_Medium_5_fps_60_frame_0460_0462,ARPG_3,1_Medium/1_Medium_5/fps_60,candidate_win,/workspace/src/GFI_docker/compare_outputs/GFI_prediction_region_compare/train_minor_0507_twostage/ARPG_3/candidate_win/ARPG_3_1_Medium_1_Medium_5_fps_60_frame_0460_0462_winner_overlay.png,fmv_many_to_one,9,0.08,Splat Training,FineTuning,38562,0.07438657407407408,0.2335978424355583,0.3206524557854883,0.4457497017789534,15.021375386510066,14.417390111757246,0.6039852747528194,0.1103927344083786,0.11919072270393372
train_minor_0507,ARPG_3_1_Medium_1_Medium_5_fps_60_frame_0472_0474,ARPG_3,1_Medium/1_Medium_5/fps_60,baseline_win,/workspace/src/GFI_docker/compare_outputs/GFI_prediction_region_compare/train_minor_0507_twostage/ARPG_3/baseline_win/ARPG_3_1_Medium_1_Medium_5_fps_60_frame_0472_0474_winner_overlay.png,all,9,0.08,Splat Training,FineTuning,518400,1.0,0.1358912037037037,0.22572916666666668,0.6383796296296296,19.58241133684163,19.595336910987303,-0.012925574145672414,0.05343673750758171,0.053426533937454224
train_minor_0507,ARPG_3_1_Medium_1_Medium_5_fps_60_frame_0472_0474,ARPG_3,1_Medium/1_Medium_5/fps_60,baseline_win,/workspace/src/GFI_docker/compare_outputs/GFI_prediction_region_compare/train_minor_0507_twostage/ARPG_3/baseline_win/ARPG_3_1_Medium_1_Medium_5_fps_60_frame_0472_0474_winner_overlay.png,hit_both,9,0.08,Splat Training,FineTuning,472714,0.9118711419753086,0.12077069856192116,0.23277288170014004,0.6464564197379388,20.29519489492884,20.532533473125998,-0.2373385781971571,0.04945915937423706,0.04828609898686409
train_minor_0507,ARPG_3_1_Medium_1_Medium_5_fps_60_frame_0472_0474,ARPG_3,1_Medium/1_Medium_5/fps_60,baseline_win,/workspace/src/GFI_docker/compare_outputs/GFI_prediction_region_compare/train_minor_0507_twostage/ARPG_3/baseline_win/ARPG_3_1_Medium_1_Medium_5_fps_60_frame_0472_0474_winner_overlay.png,clean_both_no_hole_no_multi,9,0.08,Splat Training,FineTuning,450332,0.868695987654321,0.11937859179449828,0.23641002638053701,0.6442113818249647,20.879095369791614,21.16117932106765,-0.2820839512760358,0.04677186906337738,0.045447710901498795
train_minor_0507,ARPG_3_1_Medium_1_Medium_5_fps_60_frame_0472_0474,ARPG_3,1_Medium/1_Medium_5/fps_60,baseline_win,/workspace/src/GFI_docker/compare_outputs/GFI_prediction_region_compare/train_minor_0507_twostage/ARPG_3/baseline_win/ARPG_3_1_Medium_1_Medium_5_fps_60_frame_0472_0474_winner_overlay.png,hole_any,9,0.08,Splat Training,FineTuning,45686,0.08812885802469136,0.2923433874709977,0.15284769951407434,0.554808913014928,15.489569300700879,14.812023900161682,0.6775454005391968,0.09459282457828522,0.10661477595567703
train_minor_0507,ARPG_3_1_Medium_1_Medium_5_fps_60_frame_0472_0474,ARPG_3,1_Medium/1_Medium_5/fps_60,baseline_win,/workspace/src/GFI_docker/compare_outputs/GFI_prediction_region_compare/train_minor_0507_twostage/ARPG_3/baseline_win/ARPG_3_1_Medium_1_Medium_5_fps_60_frame_0472_0474_winner_overlay.png,many_to_one_any,9,0.08,Splat Training,FineTuning,30646,0.05911651234567901,0.14514129086993408,0.1528095020557332,0.7020492070743327,15.10132088517852,15.206262981473202,-0.10494209629468187,0.10133440047502518,0.1019568219780922
train_minor_0507,ARPG_3_1_Medium_1_Medium_5_fps_60_frame_0472_0474,ARPG_3,1_Medium/1_Medium_5/fps_60,baseline_win,/workspace/src/GFI_docker/compare_outputs/GFI_prediction_region_compare/train_minor_0507_twostage/ARPG_3/baseline_win/ARPG_3_1_Medium_1_Medium_5_fps_60_frame_0472_0474_winner_overlay.png,bmv_hole,9,0.08,Splat Training,FineTuning,26202,0.05054398148148148,0.3242118922219678,0.17971910541180064,0.4960690023662316,17.160941967073075,15.542371536728005,1.6185704303450699,0.0762561708688736,0.09566779434680939
train_minor_0507,ARPG_3_1_Medium_1_Medium_5_fps_60_frame_0472_0474,ARPG_3,1_Medium/1_Medium_5/fps_60,baseline_win,/workspace/src/GFI_docker/compare_outputs/GFI_prediction_region_compare/train_minor_0507_twostage/ARPG_3/baseline_win/ARPG_3_1_Medium_1_Medium_5_fps_60_frame_0472_0474_winner_overlay.png,fmv_hole,9,0.08,Splat Training,FineTuning,23661,0.04564236111111111,0.28697011960610286,0.12163475761802121,0.5913951227758759,13.629359643863046,12.850962317576496,0.7783973262865498,0.12636525928974152,0.14523974061012268
train_minor_0507,ARPG_3_1_Medium_1_Medium_5_fps_60_frame_0472_0474,ARPG_3,1_Medium/1_Medium_5/fps_60,baseline_win,/workspace/src/GFI_docker/compare_outputs/GFI_prediction_region_compare/train_minor_0507_twostage/ARPG_3/baseline_win/ARPG_3_1_Medium_1_Medium_5_fps_60_frame_0472_0474_winner_overlay.png,bmv_many_to_one,9,0.08,Splat Training,FineTuning,17326,0.033422067901234566,0.1504097887567817,0.15773981299780676,0.6918503982454115,15.965986823583233,16.01806247078802,-0.052075647204787856,0.09036318957805634,0.09217248111963272
train_minor_0507,ARPG_3_1_Medium_1_Medium_5_fps_60_frame_0472_0474,ARPG_3,1_Medium/1_Medium_5/fps_60,baseline_win,/workspace/src/GFI_docker/compare_outputs/GFI_prediction_region_compare/train_minor_0507_twostage/ARPG_3/baseline_win/ARPG_3_1_Medium_1_Medium_5_fps_60_frame_0472_0474_winner_overlay.png,fmv_many_to_one,9,0.08,Splat Training,FineTuning,15191,0.029303626543209876,0.14436179316700679,0.15002303995786978,0.7056151668751234,13.989449085072422,14.096569321738501,-0.10712023666607884,0.11817550659179688,0.11802998185157776
train_minor_0507,ARPG_3_1_Medium_1_Medium_5_fps_60_frame_0588_0590,ARPG_3,1_Medium/1_Medium_5/fps_60,candidate_win,/workspace/src/GFI_docker/compare_outputs/GFI_prediction_region_compare/train_minor_0507_twostage/ARPG_3/candidate_win/ARPG_3_1_Medium_1_Medium_5_fps_60_frame_0588_0590_winner_overlay.png,all,9,0.08,Splat Training,FineTuning,518400,1.0,0.3164139660493827,0.2285648148148148,0.45502121913580246,33.253764116475026,32.931235392841586,0.32252872363343954,0.0065688444301486015,0.006946310866624117
train_minor_0507,ARPG_3_1_Medium_1_Medium_5_fps_60_frame_0588_0590,ARPG_3,1_Medium/1_Medium_5/fps_60,candidate_win,/workspace/src/GFI_docker/compare_outputs/GFI_prediction_region_compare/train_minor_0507_twostage/ARPG_3/candidate_win/ARPG_3_1_Medium_1_Medium_5_fps_60_frame_0588_0590_winner_overlay.png,hit_both,9,0.08,Splat Training,FineTuning,479257,0.9244926697530864,0.3188581491767465,0.22835347214542512,0.4527883786778284,35.14625969429375,34.66177673478985,0.4844829595038931,0.005197754595428705,0.005571378860622644
train_minor_0507,ARPG_3_1_Medium_1_Medium_5_fps_60_frame_0588_0590,ARPG_3,1_Medium/1_Medium_5/fps_60,candidate_win,/workspace/src/GFI_docker/compare_outputs/GFI_prediction_region_compare/train_minor_0507_twostage/ARPG_3/candidate_win/ARPG_3_1_Medium_1_Medium_5_fps_60_frame_0588_0590_winner_overlay.png,clean_both_no_hole_no_multi,9,0.08,Splat Training,FineTuning,461394,0.8900347222222222,0.3195490188428978,0.22789633155177572,0.4525546496053265,35.877439042414885,35.495105460943584,0.3823335814713005,0.004875448532402515,0.005195897538214922
train_minor_0507,ARPG_3_1_Medium_1_Medium_5_fps_60_frame_0588_0590,ARPG_3,1_Medium/1_Medium_5/fps_60,candidate_win,/workspace/src/GFI_docker/compare_outputs/GFI_prediction_region_compare/train_minor_0507_twostage/ARPG_3/candidate_win/ARPG_3_1_Medium_1_Medium_5_fps_60_frame_0588_0590_winner_overlay.png,hole_any,9,0.08,Splat Training,FineTuning,39143,0.07550733024691358,0.28648800551822806,0.2311524410494852,0.48235955343228676,25.990690079225132,25.92076546780486,0.06992461142027295,0.023356162011623383,0.023780612275004387
train_minor_0507,ARPG_3_1_Medium_1_Medium_5_fps_60_frame_0588_0590,ARPG_3,1_Medium/1_Medium_5/fps_60,candidate_win,/workspace/src/GFI_docker/compare_outputs/GFI_prediction_region_compare/train_minor_0507_twostage/ARPG_3/candidate_win/ARPG_3_1_Medium_1_Medium_5_fps_60_frame_0588_0590_winner_overlay.png,many_to_one_any,9,0.08,Splat Training,FineTuning,29936,0.05774691358024692,0.26770443613041156,0.20730892570817744,0.524986638161411,26.78076179370315,26.411382356946376,0.3693794367567733,0.019258862361311913,0.02046583965420723
train_minor_0507,ARPG_3_1_Medium_1_Medium_5_fps_60_frame_0588_0590,ARPG_3,1_Medium/1_Medium_5/fps_60,candidate_win,/workspace/src/GFI_docker/compare_outputs/GFI_prediction_region_compare/train_minor_0507_twostage/ARPG_3/candidate_win/ARPG_3_1_Medium_1_Medium_5_fps_60_frame_0588_0590_winner_overlay.png,bmv_hole,9,0.08,Splat Training,FineTuning,20812,0.0401466049382716,0.28382663847780126,0.2243417259273496,0.4918316355948491,26.002080526270536,25.98644907533997,0.015631450930566615,0.02427150495350361,0.02464396506547928
train_minor_0507,ARPG_3_1_Medium_1_Medium_5_fps_60_frame_0588_0590,ARPG_3,1_Medium/1_Medium_5/fps_60,candidate_win,/workspace/src/GFI_docker/compare_outputs/GFI_prediction_region_compare/train_minor_0507_twostage/ARPG_3/candidate_win/ARPG_3_1_Medium_1_Medium_5_fps_60_frame_0588_0590_winner_overlay.png,fmv_hole,9,0.08,Splat Training,FineTuning,20955,0.040422453703703703,0.2858029109997614,0.2436172751133381,0.4705798138869005,25.381316608694387,25.302194105119646,0.07912250357474093,0.0247120913118124,0.02507346123456955
train_minor_0507,ARPG_3_1_Medium_1_Medium_5_fps_60_frame_0588_0590,ARPG_3,1_Medium/1_Medium_5/fps_60,candidate_win,/workspace/src/GFI_docker/compare_outputs/GFI_prediction_region_compare/train_minor_0507_twostage/ARPG_3/candidate_win/ARPG_3_1_Medium_1_Medium_5_fps_60_frame_0588_0590_winner_overlay.png,bmv_many_to_one,9,0.08,Splat Training,FineTuning,15651,0.030190972222222223,0.27959874768385407,0.21346878793687304,0.5069324643792729,26.378893532222047,25.82328070764975,0.5556128245722967,0.019229574128985405,0.02094518393278122
train_minor_0507,ARPG_3_1_Medium_1_Medium_5_fps_60_frame_0588_0590,ARPG_3,1_Medium/1_Medium_5/fps_60,candidate_win,/workspace/src/GFI_docker/compare_outputs/GFI_prediction_region_compare/train_minor_0507_twostage/ARPG_3/candidate_win/ARPG_3_1_Medium_1_Medium_5_fps_60_frame_0588_0590_winner_overlay.png,fmv_many_to_one,9,0.08,Splat Training,FineTuning,16021,0.030904706790123457,0.26858498221084826,0.2024218213594657,0.528993196429686,26.96741780909583,27.098144770148835,-0.13072696105300352,0.019422302022576332,0.019750384613871574
train_minor_0507,ARPG_3_1_Medium_1_Medium_5_fps_60_frame_0758_0760,ARPG_3,1_Medium/1_Medium_5/fps_60,baseline_win,/workspace/src/GFI_docker/compare_outputs/GFI_prediction_region_compare/train_minor_0507_twostage/ARPG_3/baseline_win/ARPG_3_1_Medium_1_Medium_5_fps_60_frame_0758_0760_winner_overlay.png,all,9,0.08,Splat Training,FineTuning,518400,1.0,0.19301311728395062,0.3267303240740741,0.4802565586419753,18.94354133552375,19.270893439300302,-0.3273521037765512,0.06701555103063583,0.06605108827352524
train_minor_0507,ARPG_3_1_Medium_1_Medium_5_fps_60_frame_0758_0760,ARPG_3,1_Medium/1_Medium_5/fps_60,baseline_win,/workspace/src/GFI_docker/compare_outputs/GFI_prediction_region_compare/train_minor_0507_twostage/ARPG_3/baseline_win/ARPG_3_1_Medium_1_Medium_5_fps_60_frame_0758_0760_winner_overlay.png,hit_both,9,0.08,Splat Training,FineTuning,408469,0.7879417438271605,0.19334392573243012,0.32966026797627235,0.4769958062912975,19.120637594413957,19.435413854661284,-0.31477626024732785,0.06597570329904556,0.06516818702220917
train_minor_0507,ARPG_3_1_Medium_1_Medium_5_fps_60_frame_0758_0760,ARPG_3,1_Medium/1_Medium_5/fps_60,baseline_win,/workspace/src/GFI_docker/compare_outputs/GFI_prediction_region_compare/train_minor_0507_twostage/ARPG_3/baseline_win/ARPG_3_1_Medium_1_Medium_5_fps_60_frame_0758_0760_winner_overlay.png,clean_both_no_hole_no_multi,9,0.08,Splat Training,FineTuning,362608,0.6994753086419753,0.1951777125711512,0.3317852887967171,0.47303699863213167,19.229350877683913,19.532807280013504,-0.3034564023295907,0.06598959863185883,0.06523829698562622
train_minor_0507,ARPG_3_1_Medium_1_Medium_5_fps_60_frame_0758_0760,ARPG_3,1_Medium/1_Medium_5/fps_60,baseline_win,/workspace/src/GFI_docker/compare_outputs/GFI_prediction_region_compare/train_minor_0507_twostage/ARPG_3/baseline_win/ARPG_3_1_Medium_1_Medium_5_fps_60_frame_0758_0760_winner_overlay.png,hole_any,9,0.08,Splat Training,FineTuning,109931,0.2120582561728395,0.191783937196969,0.31584357460588913,0.49237248819714186,18.34234018250733,18.70899861129805,-0.3666584287907213,0.07087940722703934,0.06933163851499557
train_minor_0507,ARPG_3_1_Medium_1_Medium_5_fps_60_frame_0758_0760,ARPG_3,1_Medium/1_Medium_5/fps_60,baseline_win,/workspace/src/GFI_docker/compare_outputs/GFI_prediction_region_compare/train_minor_0507_twostage/ARPG_3/baseline_win/ARPG_3_1_Medium_1_Medium_5_fps_60_frame_0758_0760_winner_overlay.png,many_to_one_any,9,0.08,Splat Training,FineTuning,74426,0.14356867283950617,0.16515733748958697,0.31788622255663346,0.5169564399537796,18.493844983053947,18.920547215249208,-0.42670223219526093,0.0657610148191452,0.06403632462024689
train_minor_0507,ARPG_3_1_Medium_1_Medium_5_fps_60_frame_0758_0760,ARPG_3,1_Medium/1_Medium_5/fps_60,baseline_win,/workspace/src/GFI_docker/compare_outputs/GFI_prediction_region_compare/train_minor_0507_twostage/ARPG_3/baseline_win/ARPG_3_1_Medium_1_Medium_5_fps_60_frame_0758_0760_winner_overlay.png,bmv_hole,9,0.08,Splat Training,FineTuning,61810,0.11923225308641976,0.17929137679987056,0.3350266947095939,0.4856819284905355,17.996759904282648,18.35337493737769,-0.35661503309504283,0.07303810119628906,0.07095717638731003
train_minor_0507,ARPG_3_1_Medium_1_Medium_5_fps_60_frame_0758_0760,ARPG_3,1_Medium/1_Medium_5/fps_60,baseline_win,/workspace/src/GFI_docker/compare_outputs/GFI_prediction_region_compare/train_minor_0507_twostage/ARPG_3/baseline_win/ARPG_3_1_Medium_1_Medium_5_fps_60_frame_0758_0760_winner_overlay.png,fmv_hole,9,0.08,Splat Training,FineTuning,60898,0.11747299382716049,0.20452231600380966,0.29278465631055206,0.5026930276856383,18.766272414739355,19.146289343322433,-0.38001692858307834,0.06822025775909424,0.06698055565357208
train_minor_0507,ARPG_3_1_Medium_1_Medium_5_fps_60_frame_0758_0760,ARPG_3,1_Medium/1_Medium_5/fps_60,baseline_win,/workspace/src/GFI_docker/compare_outputs/GFI_prediction_region_compare/train_minor_0507_twostage/ARPG_3/baseline_win/ARPG_3_1_Medium_1_Medium_5_fps_60_frame_0758_0760_winner_overlay.png,bmv_many_to_one,9,0.08,Splat Training,FineTuning,36657,0.07071180555555556,0.15896008947813514,0.2738903892844477,0.5671495212374171,18.156917909868127,18.579431095329802,-0.4225131854616748,0.06661995500326157,0.06483598798513412
train_minor_0507,ARPG_3_1_Medium_1_Medium_5_fps_60_frame_0758_0760,ARPG_3,1_Medium/1_Medium_5/fps_60,baseline_win,/workspace/src/GFI_docker/compare_outputs/GFI_prediction_region_compare/train_minor_0507_twostage/ARPG_3/baseline_win/ARPG_3_1_Medium_1_Medium_5_fps_60_frame_0758_0760_winner_overlay.png,fmv_many_to_one,9,0.08,Splat Training,FineTuning,43101,0.0831423611111111,0.16851117143453748,0.35723069070323193,0.4742581378622306,18.805603686827673,19.26920790953847,-0.4636042227107957,0.06446754187345505,0.06255748867988586
train_minor_0507,ARPG_3_1_Medium_1_Medium_5_fps_60_frame_0760_0762,ARPG_3,1_Medium/1_Medium_5/fps_60,baseline_win,/workspace/src/GFI_docker/compare_outputs/GFI_prediction_region_compare/train_minor_0507_twostage/ARPG_3/baseline_win/ARPG_3_1_Medium_1_Medium_5_fps_60_frame_0760_0762_winner_overlay.png,all,9,0.08,Splat Training,FineTuning,518400,1.0,0.2674749228395062,0.2689429012345679,0.46358217592592593,19.663932124862477,19.7746433724445,-0.11071124758202444,0.059164829552173615,0.06068027392029762
train_minor_0507,ARPG_3_1_Medium_1_Medium_5_fps_60_frame_0760_0762,ARPG_3,1_Medium/1_Medium_5/fps_60,baseline_win,/workspace/src/GFI_docker/compare_outputs/GFI_prediction_region_compare/train_minor_0507_twostage/ARPG_3/baseline_win/ARPG_3_1_Medium_1_Medium_5_fps_60_frame_0760_0762_winner_overlay.png,hit_both,9,0.08,Splat Training,FineTuning,384690,0.7420717592592593,0.27032415711352,0.23963711040058228,0.49003873248589774,20.18552577947043,20.144658945707693,0.04086683376273825,0.05409654974937439,0.0570564940571785
train_minor_0507,ARPG_3_1_Medium_1_Medium_5_fps_60_frame_0760_0762,ARPG_3,1_Medium/1_Medium_5/fps_60,baseline_win,/workspace/src/GFI_docker/compare_outputs/GFI_prediction_region_compare/train_minor_0507_twostage/ARPG_3/baseline_win/ARPG_3_1_Medium_1_Medium_5_fps_60_frame_0760_0762_winner_overlay.png,clean_both_no_hole_no_multi,9,0.08,Splat Training,FineTuning,339695,0.6552758487654321,0.2774106183488129,0.2429767880010009,0.4796125936501862,20.81856510021602,20.707869024159095,0.11069607605692511,0.05113306641578674,0.05448868125677109
train_minor_0507,ARPG_3_1_Medium_1_Medium_5_fps_60_frame_0760_0762,ARPG_3,1_Medium/1_Medium_5/fps_60,baseline_win,/workspace/src/GFI_docker/compare_outputs/GFI_prediction_region_compare/train_minor_0507_twostage/ARPG_3/baseline_win/ARPG_3_1_Medium_1_Medium_5_fps_60_frame_0760_0762_winner_overlay.png,hole_any,9,0.08,Splat Training,FineTuning,133710,0.2579282407407407,0.2592775409468252,0.35325704883703535,0.3874654102161394,18.43982645308517,18.858076199242838,-0.41824974615766664,0.0737464502453804,0.07110602408647537
train_minor_0507,ARPG_3_1_Medium_1_Medium_5_fps_60_frame_0760_0762,ARPG_3,1_Medium/1_Medium_5/fps_60,baseline_win,/workspace/src/GFI_docker/compare_outputs/GFI_prediction_region_compare/train_minor_0507_twostage/ARPG_3/baseline_win/ARPG_3_1_Medium_1_Medium_5_fps_60_frame_0760_0762_winner_overlay.png,many_to_one_any,9,0.08,Splat Training,FineTuning,69930,0.13489583333333333,0.20473330473330473,0.2333190333190333,0.561947661947662,17.46899853865118,17.75721520414607,-0.28821666549488967,0.07293329387903214,0.07199214398860931
train_minor_0507,ARPG_3_1_Medium_1_Medium_5_fps_60_frame_0760_0762,ARPG_3,1_Medium/1_Medium_5/fps_60,baseline_win,/workspace/src/GFI_docker/compare_outputs/GFI_prediction_region_compare/train_minor_0507_twostage/ARPG_3/baseline_win/ARPG_3_1_Medium_1_Medium_5_fps_60_frame_0760_0762_winner_overlay.png,bmv_hole,9,0.08,Splat Training,FineTuning,51688,0.09970679012345679,0.23309085280916267,0.2806841046277666,0.48622504256307075,18.740849535501116,19.012509927781437,-0.2716603922803209,0.06480397284030914,0.06484333425760269
train_minor_0507,ARPG_3_1_Medium_1_Medium_5_fps_60_frame_0760_0762,ARPG_3,1_Medium/1_Medium_5/fps_60,baseline_win,/workspace/src/GFI_docker/compare_outputs/GFI_prediction_region_compare/train_minor_0507_twostage/ARPG_3/baseline_win/ARPG_3_1_Medium_1_Medium_5_fps_60_frame_0760_0762_winner_overlay.png,fmv_hole,9,0.08,Splat Training,FineTuning,95748,0.18469907407407407,0.27223545139324057,0.3907966746041693,0.33696787400259015,18.267084245577124,18.727521352484032,-0.46043710690690887,0.07877128571271896,0.07474657148122787
train_minor_0507,ARPG_3_1_Medium_1_Medium_5_fps_60_frame_0760_0762,ARPG_3,1_Medium/1_Medium_5/fps_60,baseline_win,/workspace/src/GFI_docker/compare_outputs/GFI_prediction_region_compare/train_minor_0507_twostage/ARPG_3/baseline_win/ARPG_3_1_Medium_1_Medium_5_fps_60_frame_0760_0762_winner_overlay.png,bmv_many_to_one,9,0.08,Splat Training,FineTuning,34355,0.06627121913580247,0.21082811817784894,0.2507640809198079,0.5384078009023432,19.935185170451536,20.33450836289866,-0.3993231924471239,0.05173015967011452,0.05105908215045929
train_minor_0507,ARPG_3_1_Medium_1_Medium_5_fps_60_frame_0760_0762,ARPG_3,1_Medium/1_Medium_5/fps_60,baseline_win,/workspace/src/GFI_docker/compare_outputs/GFI_prediction_region_compare/train_minor_0507_twostage/ARPG_3/baseline_win/ARPG_3_1_Medium_1_Medium_5_fps_60_frame_0760_0762_winner_overlay.png,fmv_many_to_one,9,0.08,Splat Training,FineTuning,39788,0.07675154320987654,0.1973710666532623,0.21843269327435408,0.5841962400723837,16.136195077218304,16.37539463026289,-0.2391995530445854,0.08955681324005127,0.08858726918697357
train_minor_0507,ARPG_3_1_Medium_1_Medium_5_fps_60_frame_0762_0764,ARPG_3,1_Medium/1_Medium_5/fps_60,candidate_win,/workspace/src/GFI_docker/compare_outputs/GFI_prediction_region_compare/train_minor_0507_twostage/ARPG_3/candidate_win/ARPG_3_1_Medium_1_Medium_5_fps_60_frame_0762_0764_winner_overlay.png,all,9,0.08,Splat Training,FineTuning,518400,1.0,0.2892573302469136,0.20398148148148149,0.506761188271605,18.04863805105927,17.879096707125047,0.16954134393422393,0.07190728187561035,0.07489235699176788
train_minor_0507,ARPG_3_1_Medium_1_Medium_5_fps_60_frame_0762_0764,ARPG_3,1_Medium/1_Medium_5/fps_60,candidate_win,/workspace/src/GFI_docker/compare_outputs/GFI_prediction_region_compare/train_minor_0507_twostage/ARPG_3/candidate_win/ARPG_3_1_Medium_1_Medium_5_fps_60_frame_0762_0764_winner_overlay.png,hit_both,9,0.08,Splat Training,FineTuning,361470,0.6972800925925926,0.2688604863474147,0.13264171300522865,0.5984978006473566,18.811284457834457,18.095454201534473,0.7158302562999843,0.06297922134399414,0.07014548033475876
train_minor_0507,ARPG_3_1_Medium_1_Medium_5_fps_60_frame_0762_0764,ARPG_3,1_Medium/1_Medium_5/fps_60,candidate_win,/workspace/src/GFI_docker/compare_outputs/GFI_prediction_region_compare/train_minor_0507_twostage/ARPG_3/candidate_win/ARPG_3_1_Medium_1_Medium_5_fps_60_frame_0762_0764_winner_overlay.png,clean_both_no_hole_no_multi,9,0.08,Splat Training,FineTuning,283566,0.5470023148148148,0.2867833238117405,0.137900876691846,0.5753157994964135,20.930042157757285,19.68344658609227,1.246595571665015,0.049510516226291656,0.05762182176113129
train_minor_0507,ARPG_3_1_Medium_1_Medium_5_fps_60_frame_0762_0764,ARPG_3,1_Medium/1_Medium_5/fps_60,candidate_win,/workspace/src/GFI_docker/compare_outputs/GFI_prediction_region_compare/train_minor_0507_twostage/ARPG_3/candidate_win/ARPG_3_1_Medium_1_Medium_5_fps_60_frame_0762_0764_winner_overlay.png,hole_any,9,0.08,Splat Training,FineTuning,156930,0.3027199074074074,0.33623908749123815,0.3683043395144332,0.2954565729943287,16.678381191726086,17.418286784002248,-0.7399055922761626,0.09247193485498428,0.08582624047994614
train_minor_0507,ARPG_3_1_Medium_1_Medium_5_fps_60_frame_0762_0764,ARPG_3,1_Medium/1_Medium_5/fps_60,candidate_win,/workspace/src/GFI_docker/compare_outputs/GFI_prediction_region_compare/train_minor_0507_twostage/ARPG_3/candidate_win/ARPG_3_1_Medium_1_Medium_5_fps_60_frame_0762_0764_winner_overlay.png,many_to_one_any,9,0.08,Splat Training,FineTuning,97738,0.1885378086419753,0.2067670711493994,0.12837381571139167,0.6648591131392089,15.584047485446582,15.42478473982734,0.1592627456192428,0.1015888899564743,0.10488352924585342
train_minor_0507,ARPG_3_1_Medium_1_Medium_5_fps_60_frame_0762_0764,ARPG_3,1_Medium/1_Medium_5/fps_60,candidate_win,/workspace/src/GFI_docker/compare_outputs/GFI_prediction_region_compare/train_minor_0507_twostage/ARPG_3/candidate_win/ARPG_3_1_Medium_1_Medium_5_fps_60_frame_0762_0764_winner_overlay.png,bmv_hole,9,0.08,Splat Training,FineTuning,84275,0.16256751543209877,0.3891901512904183,0.28927914565410856,0.32153070305547315,17.588309105196057,16.508007630419357,1.0803014747767001,0.08667130768299103,0.0977988913655281
train_minor_0507,ARPG_3_1_Medium_1_Medium_5_fps_60_frame_0762_0764,ARPG_3,1_Medium/1_Medium_5/fps_60,candidate_win,/workspace/src/GFI_docker/compare_outputs/GFI_prediction_region_compare/train_minor_0507_twostage/ARPG_3/candidate_win/ARPG_3_1_Medium_1_Medium_5_fps_60_frame_0762_0764_winner_overlay.png,fmv_hole,9,0.08,Splat Training,FineTuning,84750,0.1634837962962963,0.2775221238938053,0.4430088495575221,0.27946902654867256,15.759979001320907,18.461742078270667,-2.70176307694976,0.10014201700687408,0.07472557574510574
train_minor_0507,ARPG_3_1_Medium_1_Medium_5_fps_60_frame_0762_0764,ARPG_3,1_Medium/1_Medium_5/fps_60,candidate_win,/workspace/src/GFI_docker/compare_outputs/GFI_prediction_region_compare/train_minor_0507_twostage/ARPG_3/candidate_win/ARPG_3_1_Medium_1_Medium_5_fps_60_frame_0762_0764_winner_overlay.png,bmv_many_to_one,9,0.08,Splat Training,FineTuning,69461,0.13399112654320988,0.18954521242135874,0.11402081743712299,0.6964339701415183,15.204510317373593,15.21011354787703,-0.005603230503437473,0.1075163185596466,0.1088578924536705
train_minor_0507,ARPG_3_1_Medium_1_Medium_5_fps_60_frame_0762_0764,ARPG_3,1_Medium/1_Medium_5/fps_60,candidate_win,/workspace/src/GFI_docker/compare_outputs/GFI_prediction_region_compare/train_minor_0507_twostage/ARPG_3/candidate_win/ARPG_3_1_Medium_1_Medium_5_fps_60_frame_0762_0764_winner_overlay.png,fmv_many_to_one,9,0.08,Splat Training,FineTuning,64860,0.12511574074074075,0.19952204748689484,0.12209374036386063,0.6783842121492445,14.443648187427328,14.253424244035834,0.1902239433914943,0.1256135255098343,0.12981970608234406
train_minor_0507,ARPG_3_1_Medium_1_Medium_5_fps_60_frame_0770_0772,ARPG_3,1_Medium/1_Medium_5/fps_60,candidate_win,/workspace/src/GFI_docker/compare_outputs/GFI_prediction_region_compare/train_minor_0507_twostage/ARPG_3/candidate_win/ARPG_3_1_Medium_1_Medium_5_fps_60_frame_0770_0772_winner_overlay.png,all,9,0.08,Splat Training,FineTuning,518400,1.0,0.35324845679012346,0.16034529320987653,0.48640625,20.15961072679596,19.44871546665149,0.710895260144472,0.04960421100258827,0.05723708122968674
train_minor_0507,ARPG_3_1_Medium_1_Medium_5_fps_60_frame_0770_0772,ARPG_3,1_Medium/1_Medium_5/fps_60,candidate_win,/workspace/src/GFI_docker/compare_outputs/GFI_prediction_region_compare/train_minor_0507_twostage/ARPG_3/candidate_win/ARPG_3_1_Medium_1_Medium_5_fps_60_frame_0770_0772_winner_overlay.png,hit_both,9,0.08,Splat Training,FineTuning,424460,0.8187885802469136,0.3610658248127032,0.12182773406210244,0.5171064411251943,22.786019089784087,20.52562195131931,2.2603971384647785,0.03674683719873428,0.048686373978853226
train_minor_0507,ARPG_3_1_Medium_1_Medium_5_fps_60_frame_0770_0772,ARPG_3,1_Medium/1_Medium_5/fps_60,candidate_win,/workspace/src/GFI_docker/compare_outputs/GFI_prediction_region_compare/train_minor_0507_twostage/ARPG_3/candidate_win/ARPG_3_1_Medium_1_Medium_5_fps_60_frame_0770_0772_winner_overlay.png,clean_both_no_hole_no_multi,9,0.08,Splat Training,FineTuning,387531,0.7475520833333333,0.35331108995151356,0.12050390807445081,0.5261850019740356,24.020252615626912,23.158743712962313,0.8615089026645997,0.03255203738808632,0.038120087236166
train_minor_0507,ARPG_3_1_Medium_1_Medium_5_fps_60_frame_0770_0772,ARPG_3,1_Medium/1_Medium_5/fps_60,candidate_win,/workspace/src/GFI_docker/compare_outputs/GFI_prediction_region_compare/train_minor_0507_twostage/ARPG_3/candidate_win/ARPG_3_1_Medium_1_Medium_5_fps_60_frame_0770_0772_winner_overlay.png,hole_any,9,0.08,Splat Training,FineTuning,93940,0.1812114197530864,0.31792633595912284,0.3343836491377475,0.3476900149031297,15.316022051392153,16.45514588685524,-1.1391238354630886,0.10769915580749512,0.09587263315916061
train_minor_0507,ARPG_3_1_Medium_1_Medium_5_fps_60_frame_0770_0772,ARPG_3,1_Medium/1_Medium_5/fps_60,candidate_win,/workspace/src/GFI_docker/compare_outputs/GFI_prediction_region_compare/train_minor_0507_twostage/ARPG_3/candidate_win/ARPG_3_1_Medium_1_Medium_5_fps_60_frame_0770_0772_winner_overlay.png,many_to_one_any,9,0.08,Splat Training,FineTuning,59376,0.11453703703703703,0.3642212341686877,0.2220425761250337,0.4137361897062786,15.954198718875169,13.986424599272837,1.967774119602332,0.09595951437950134,0.13437868654727936
train_minor_0507,ARPG_3_1_Medium_1_Medium_5_fps_60_frame_0770_0772,ARPG_3,1_Medium/1_Medium_5/fps_60,candidate_win,/workspace/src/GFI_docker/compare_outputs/GFI_prediction_region_compare/train_minor_0507_twostage/ARPG_3/candidate_win/ARPG_3_1_Medium_1_Medium_5_fps_60_frame_0770_0772_winner_overlay.png,bmv_hole,9,0.08,Splat Training,FineTuning,61579,0.1187866512345679,0.32241510904691534,0.33368518488445736,0.3438997060686273,15.26907769947689,16.20914735756537,-0.9400696580884809,0.10794398188591003,0.09831850975751877
train_minor_0507,ARPG_3_1_Medium_1_Medium_5_fps_60_frame_0770_0772,ARPG_3,1_Medium/1_Medium_5/fps_60,candidate_win,/workspace/src/GFI_docker/compare_outputs/GFI_prediction_region_compare/train_minor_0507_twostage/ARPG_3/candidate_win/ARPG_3_1_Medium_1_Medium_5_fps_60_frame_0770_0772_winner_overlay.png,fmv_hole,9,0.08,Splat Training,FineTuning,36333,0.07008680555555556,0.3077092450389453,0.32535160873035535,0.36693914623069934,15.543681211009972,16.910606585437584,-1.3669253744276126,0.1053379699587822,0.09165924042463303
train_minor_0507,ARPG_3_1_Medium_1_Medium_5_fps_60_frame_0770_0772,ARPG_3,1_Medium/1_Medium_5/fps_60,candidate_win,/workspace/src/GFI_docker/compare_outputs/GFI_prediction_region_compare/train_minor_0507_twostage/ARPG_3/candidate_win/ARPG_3_1_Medium_1_Medium_5_fps_60_frame_0770_0772_winner_overlay.png,bmv_many_to_one,9,0.08,Splat Training,FineTuning,36024,0.06949074074074074,0.34171663335554076,0.2729846768820786,0.38529868976238063,15.159338023416582,14.48152815624068,0.6778098671759025,0.11444052308797836,0.12950499355793
train_minor_0507,ARPG_3_1_Medium_1_Medium_5_fps_60_frame_0770_0772,ARPG_3,1_Medium/1_Medium_5/fps_60,candidate_win,/workspace/src/GFI_docker/compare_outputs/GFI_prediction_region_compare/train_minor_0507_twostage/ARPG_3/candidate_win/ARPG_3_1_Medium_1_Medium_5_fps_60_frame_0770_0772_winner_overlay.png,fmv_many_to_one,9,0.08,Splat Training,FineTuning,26437,0.05099729938271605,0.4074970685024776,0.1371940840488709,0.4553088474486515,17.591644114225332,13.246469716775472,4.34517439744986,0.06850307434797287,0.1440211832523346
train_minor_0507,ARPG_3_2_Easy_2_Easy_5_fps_60_frame_0046_0048,ARPG_3,2_Easy/2_Easy_5/fps_60,candidate_win,/workspace/src/GFI_docker/compare_outputs/GFI_prediction_region_compare/train_minor_0507_twostage/ARPG_3/candidate_win/ARPG_3_2_Easy_2_Easy_5_fps_60_frame_0046_0048_winner_overlay.png,all,9,0.08,Splat Training,FineTuning,518400,1.0,0.28528935185185184,0.17643904320987655,0.5382716049382716,26.624358159918327,26.070775864291473,0.5535822956268532,0.01985667459666729,0.021195393055677414
train_minor_0507,ARPG_3_2_Easy_2_Easy_5_fps_60_frame_0046_0048,ARPG_3,2_Easy/2_Easy_5/fps_60,candidate_win,/workspace/src/GFI_docker/compare_outputs/GFI_prediction_region_compare/train_minor_0507_twostage/ARPG_3/candidate_win/ARPG_3_2_Easy_2_Easy_5_fps_60_frame_0046_0048_winner_overlay.png,hit_both,9,0.08,Splat Training,FineTuning,490919,0.9469888117283951,0.28244985425294195,0.17633051480997883,0.5412196309370793,27.257771296126208,26.688211996168327,0.5695592999578807,0.018555128946900368,0.01978204771876335
train_minor_0507,ARPG_3_2_Easy_2_Easy_5_fps_60_frame_0046_0048,ARPG_3,2_Easy/2_Easy_5/fps_60,candidate_win,/workspace/src/GFI_docker/compare_outputs/GFI_prediction_region_compare/train_minor_0507_twostage/ARPG_3/candidate_win/ARPG_3_2_Easy_2_Easy_5_fps_60_frame_0046_0048_winner_overlay.png,clean_both_no_hole_no_multi,9,0.08,Splat Training,FineTuning,481289,0.9284124228395062,0.2800105549887905,0.1762994791071477,0.5436899659040618,27.704185416026462,27.204562956022322,0.4996224600041401,0.017856961116194725,0.018905652686953545
train_minor_0507,ARPG_3_2_Easy_2_Easy_5_fps_60_frame_0046_0048,ARPG_3,2_Easy/2_Easy_5/fps_60,candidate_win,/workspace/src/GFI_docker/compare_outputs/GFI_prediction_region_compare/train_minor_0507_twostage/ARPG_3/candidate_win/ARPG_3_2_Easy_2_Easy_5_fps_60_frame_0046_0048_winner_overlay.png,hole_any,9,0.08,Splat Training,FineTuning,27481,0.05301118827160494,0.33601397329063715,0.17837778829009135,0.4856082384192715,21.27859123855776,20.79777414138131,0.48081709717644827,0.04310738667845726,0.046443354338407516
train_minor_0507,ARPG_3_2_Easy_2_Easy_5_fps_60_frame_0046_0048,ARPG_3,2_Easy/2_Easy_5/fps_60,candidate_win,/workspace/src/GFI_docker/compare_outputs/GFI_prediction_region_compare/train_minor_0507_twostage/ARPG_3/candidate_win/ARPG_3_2_Easy_2_Easy_5_fps_60_frame_0046_0048_winner_overlay.png,many_to_one_any,9,0.08,Splat Training,FineTuning,16853,0.0325096450617284,0.3603512727704266,0.16643920963626654,0.4732095175933068,19.401469116459616,18.584319762520025,0.8171493539395911,0.05768457427620888,0.06569408625364304
train_minor_0507,ARPG_3_2_Easy_2_Easy_5_fps_60_frame_0046_0048,ARPG_3,2_Easy/2_Easy_5/fps_60,candidate_win,/workspace/src/GFI_docker/compare_outputs/GFI_prediction_region_compare/train_minor_0507_twostage/ARPG_3/candidate_win/ARPG_3_2_Easy_2_Easy_5_fps_60_frame_0046_0048_winner_overlay.png,bmv_hole,9,0.08,Splat Training,FineTuning,14077,0.027154706790123457,0.3597357391489664,0.1778788094054131,0.46238545144562054,22.120960167653465,21.29123463954563,0.8297255281078364,0.040569860488176346,0.044903356581926346
train_minor_0507,ARPG_3_2_Easy_2_Easy_5_fps_60_frame_0046_0048,ARPG_3,2_Easy/2_Easy_5/fps_60,candidate_win,/workspace/src/GFI_docker/compare_outputs/GFI_prediction_region_compare/train_minor_0507_twostage/ARPG_3/candidate_win/ARPG_3_2_Easy_2_Easy_5_fps_60_frame_0046_0048_winner_overlay.png,fmv_hole,9,0.08,Splat Training,FineTuning,13959,0.026927083333333334,0.3189340210616806,0.17859445519019987,0.5024715237481195,20.45870325615031,20.041802215281667,0.41690104086864466,0.046609699726104736,0.05032806098461151
train_minor_0507,ARPG_3_2_Easy_2_Easy_5_fps_60_frame_0046_0048,ARPG_3,2_Easy/2_Easy_5/fps_60,candidate_win,/workspace/src/GFI_docker/compare_outputs/GFI_prediction_region_compare/train_minor_0507_twostage/ARPG_3/candidate_win/ARPG_3_2_Easy_2_Easy_5_fps_60_frame_0046_0048_winner_overlay.png,bmv_many_to_one,9,0.08,Splat Training,FineTuning,6839,0.013192515432098765,0.3905541745869279,0.1473899692937564,0.4620558561193157,18.43462265207238,17.43204935834427,1.002573293728112,0.06650363653898239,0.07804279029369354
train_minor_0507,ARPG_3_2_Easy_2_Easy_5_fps_60_frame_0046_0048,ARPG_3,2_Easy/2_Easy_5/fps_60,candidate_win,/workspace/src/GFI_docker/compare_outputs/GFI_prediction_region_compare/train_minor_0507_twostage/ARPG_3/candidate_win/ARPG_3_2_Easy_2_Easy_5_fps_60_frame_0046_0048_winner_overlay.png,fmv_many_to_one,9,0.08,Splat Training,FineTuning,10582,0.020412808641975307,0.35163485163485164,0.17425817425817425,0.4741069741069741,19.90561073827776,19.188323386544898,0.7172873517328604,0.053460493683815,0.06026351451873779
train_minor_0507,ARPG_3_2_Easy_2_Easy_5_fps_60_frame_0094_0096,ARPG_3,2_Easy/2_Easy_5/fps_60,candidate_win,/workspace/src/GFI_docker/compare_outputs/GFI_prediction_region_compare/train_minor_0507_twostage/ARPG_3/candidate_win/ARPG_3_2_Easy_2_Easy_5_fps_60_frame_0094_0096_winner_overlay.png,all,9,0.08,Splat Training,FineTuning,518400,1.0,0.44969135802469135,0.21637538580246912,0.33393325617283953,27.023569779891197,26.920726411347058,0.10284336854413922,0.015142034739255905,0.01638295315206051
train_minor_0507,ARPG_3_2_Easy_2_Easy_5_fps_60_frame_0094_0096,ARPG_3,2_Easy/2_Easy_5/fps_60,candidate_win,/workspace/src/GFI_docker/compare_outputs/GFI_prediction_region_compare/train_minor_0507_twostage/ARPG_3/candidate_win/ARPG_3_2_Easy_2_Easy_5_fps_60_frame_0094_0096_winner_overlay.png,hit_both,9,0.08,Splat Training,FineTuning,482266,0.9302970679012346,0.44752480995964883,0.21707107695752967,0.33540411308282153,27.524674513270455,27.42063474789831,0.10403976537214632,0.01397320069372654,0.015129548497498035
train_minor_0507,ARPG_3_2_Easy_2_Easy_5_fps_60_frame_0094_0096,ARPG_3,2_Easy/2_Easy_5/fps_60,candidate_win,/workspace/src/GFI_docker/compare_outputs/GFI_prediction_region_compare/train_minor_0507_twostage/ARPG_3/candidate_win/ARPG_3_2_Easy_2_Easy_5_fps_60_frame_0094_0096_winner_overlay.png,clean_both_no_hole_no_multi,9,0.08,Splat Training,FineTuning,470240,0.9070987654320988,0.4506294658046955,0.2166319326301463,0.3327386015651582,28.38792530141753,28.18472936629979,0.20319593511773704,0.012823996134102345,0.014035741798579693
train_minor_0507,ARPG_3_2_Easy_2_Easy_5_fps_60_frame_0094_0096,ARPG_3,2_Easy/2_Easy_5/fps_60,candidate_win,/workspace/src/GFI_docker/compare_outputs/GFI_prediction_region_compare/train_minor_0507_twostage/ARPG_3/candidate_win/ARPG_3_2_Easy_2_Easy_5_fps_60_frame_0094_0096_winner_overlay.png,hole_any,9,0.08,Splat Training,FineTuning,36134,0.06970293209876544,0.4786074057674213,0.2070902750871755,0.31430231914540324,23.124022084670827,23.02697224319973,0.09704984147109741,0.030741993337869644,0.033111609518527985
train_minor_0507,ARPG_3_2_Easy_2_Easy_5_fps_60_frame_0094_0096,ARPG_3,2_Easy/2_Easy_5/fps_60,candidate_win,/workspace/src/GFI_docker/compare_outputs/GFI_prediction_region_compare/train_minor_0507_twostage/ARPG_3/candidate_win/ARPG_3_2_Easy_2_Easy_5_fps_60_frame_0094_0096_winner_overlay.png,many_to_one_any,9,0.08,Splat Training,FineTuning,22296,0.04300925925925926,0.3979637603157517,0.193756727664155,0.40827951202009327,19.707718198951056,19.933519857069783,-0.22580165811872632,0.04900418594479561,0.04892164096236229
train_minor_0507,ARPG_3_2_Easy_2_Easy_5_fps_60_frame_0094_0096,ARPG_3,2_Easy/2_Easy_5/fps_60,candidate_win,/workspace/src/GFI_docker/compare_outputs/GFI_prediction_region_compare/train_minor_0507_twostage/ARPG_3/candidate_win/ARPG_3_2_Easy_2_Easy_5_fps_60_frame_0094_0096_winner_overlay.png,bmv_hole,9,0.08,Splat Training,FineTuning,18412,0.03551697530864197,0.5030414946773843,0.1923745383445579,0.3045839669780578,22.932627006538123,22.821631174038384,0.11099583249973932,0.029618224129080772,0.03257700800895691
train_minor_0507,ARPG_3_2_Easy_2_Easy_5_fps_60_frame_0094_0096,ARPG_3,2_Easy/2_Easy_5/fps_60,candidate_win,/workspace/src/GFI_docker/compare_outputs/GFI_prediction_region_compare/train_minor_0507_twostage/ARPG_3/candidate_win/ARPG_3_2_Easy_2_Easy_5_fps_60_frame_0094_0096_winner_overlay.png,fmv_hole,9,0.08,Splat Training,FineTuning,19336,0.037299382716049385,0.46028134050475794,0.21752172114191146,0.3221969383533306,23.355460489297776,23.248072729558178,0.10738775973959847,0.03194143623113632,0.03376491367816925
train_minor_0507,ARPG_3_2_Easy_2_Easy_5_fps_60_frame_0094_0096,ARPG_3,2_Easy/2_Easy_5/fps_60,candidate_win,/workspace/src/GFI_docker/compare_outputs/GFI_prediction_region_compare/train_minor_0507_twostage/ARPG_3/candidate_win/ARPG_3_2_Easy_2_Easy_5_fps_60_frame_0094_0096_winner_overlay.png,bmv_many_to_one,9,0.08,Splat Training,FineTuning,12820,0.02472993827160494,0.3826833073322933,0.19656786271450857,0.4207488299531981,19.42430548196955,19.548912690121444,-0.12460720815189319,0.05452938750386238,0.054752275347709656
train_minor_0507,ARPG_3_2_Easy_2_Easy_5_fps_60_frame_0094_0096,ARPG_3,2_Easy/2_Easy_5/fps_60,candidate_win,/workspace/src/GFI_docker/compare_outputs/GFI_prediction_region_compare/train_minor_0507_twostage/ARPG_3/candidate_win/ARPG_3_2_Easy_2_Easy_5_fps_60_frame_0094_0096_winner_overlay.png,fmv_many_to_one,9,0.08,Splat Training,FineTuning,10353,0.019971064814814816,0.39679320003863616,0.18651598570462669,0.41669081425673715,19.844539518301122,20.237208865959218,-0.3926693476580958,0.04508206620812416,0.044294822961091995
train_minor_0507,ARPG_3_2_Easy_2_Easy_5_fps_60_frame_0096_0098,ARPG_3,2_Easy/2_Easy_5/fps_60,candidate_win,/workspace/src/GFI_docker/compare_outputs/GFI_prediction_region_compare/train_minor_0507_twostage/ARPG_3/candidate_win/ARPG_3_2_Easy_2_Easy_5_fps_60_frame_0096_0098_winner_overlay.png,all,9,0.08,Splat Training,FineTuning,518400,1.0,0.2416435185185185,0.4247781635802469,0.33357831790123454,27.16216242779869,26.849516430194953,0.3126459976037381,0.016675351187586784,0.0167660191655159
train_minor_0507,ARPG_3_2_Easy_2_Easy_5_fps_60_frame_0096_0098,ARPG_3,2_Easy/2_Easy_5/fps_60,candidate_win,/workspace/src/GFI_docker/compare_outputs/GFI_prediction_region_compare/train_minor_0507_twostage/ARPG_3/candidate_win/ARPG_3_2_Easy_2_Easy_5_fps_60_frame_0096_0098_winner_overlay.png,hit_both,9,0.08,Splat Training,FineTuning,480082,0.9260841049382716,0.23618881774363545,0.42864135710149515,0.33516982515486937,27.911978537500634,27.570987563953437,0.3409909735471963,0.015277879312634468,0.01527160033583641
train_minor_0507,ARPG_3_2_Easy_2_Easy_5_fps_60_frame_0096_0098,ARPG_3,2_Easy/2_Easy_5/fps_60,candidate_win,/workspace/src/GFI_docker/compare_outputs/GFI_prediction_region_compare/train_minor_0507_twostage/ARPG_3/candidate_win/ARPG_3_2_Easy_2_Easy_5_fps_60_frame_0096_0098_winner_overlay.png,clean_both_no_hole_no_multi,9,0.08,Splat Training,FineTuning,468180,0.903125,0.23390789867145115,0.43223546499209703,0.3338566363364518,28.611890747697466,28.321947177467234,0.289943570230232,0.014432687312364578,0.01426676195114851
train_minor_0507,ARPG_3_2_Easy_2_Easy_5_fps_60_frame_0096_0098,ARPG_3,2_Easy/2_Easy_5/fps_60,candidate_win,/workspace/src/GFI_docker/compare_outputs/GFI_prediction_region_compare/train_minor_0507_twostage/ARPG_3/candidate_win/ARPG_3_2_Easy_2_Easy_5_fps_60_frame_0096_0098_winner_overlay.png,hole_any,9,0.08,Splat Training,FineTuning,38318,0.0739158950617284,0.30998486351062166,0.37637663761156637,0.313638498877812,22.410242055976667,22.19915450182754,0.2110875541491275,0.0341840423643589,0.03548942133784294
train_minor_0507,ARPG_3_2_Easy_2_Easy_5_fps_60_frame_0096_0098,ARPG_3,2_Easy/2_Easy_5/fps_60,candidate_win,/workspace/src/GFI_docker/compare_outputs/GFI_prediction_region_compare/train_minor_0507_twostage/ARPG_3/candidate_win/ARPG_3_2_Easy_2_Easy_5_fps_60_frame_0096_0098_winner_overlay.png,many_to_one_any,9,0.08,Splat Training,FineTuning,23036,0.04443672839506173,0.2997048098628234,0.32193089077964926,0.37836429935752736,20.374822020496765,19.73661311513258,0.6382089053641842,0.04423976317048073,0.04939589276909828
train_minor_0507,ARPG_3_2_Easy_2_Easy_5_fps_60_frame_0096_0098,ARPG_3,2_Easy/2_Easy_5/fps_60,candidate_win,/workspace/src/GFI_docker/compare_outputs/GFI_prediction_region_compare/train_minor_0507_twostage/ARPG_3/candidate_win/ARPG_3_2_Easy_2_Easy_5_fps_60_frame_0096_0098_winner_overlay.png,bmv_hole,9,0.08,Splat Training,FineTuning,19491,0.03759837962962963,0.3298958493663742,0.3561643835616438,0.31393976707198196,24.18020584824265,23.75112112443528,0.42908472380737095,0.02762005664408207,0.030308810994029045
train_minor_0507,ARPG_3_2_Easy_2_Easy_5_fps_60_frame_0096_0098,ARPG_3,2_Easy/2_Easy_5/fps_60,candidate_win,/workspace/src/GFI_docker/compare_outputs/GFI_prediction_region_compare/train_minor_0507_twostage/ARPG_3/candidate_win/ARPG_3_2_Easy_2_Easy_5_fps_60_frame_0096_0098_winner_overlay.png,fmv_hole,9,0.08,Splat Training,FineTuning,20425,0.039400077160493825,0.2990452876376989,0.39201958384332924,0.30893512851897187,21.181556982085333,21.1253106747184,0.05624630736693348,0.04076101630926132,0.040585532784461975
train_minor_0507,ARPG_3_2_Easy_2_Easy_5_fps_60_frame_0096_0098,ARPG_3,2_Easy/2_Easy_5/fps_60,candidate_win,/workspace/src/GFI_docker/compare_outputs/GFI_prediction_region_compare/train_minor_0507_twostage/ARPG_3/candidate_win/ARPG_3_2_Easy_2_Easy_5_fps_60_frame_0096_0098_winner_overlay.png,bmv_many_to_one,9,0.08,Splat Training,FineTuning,13582,0.026199845679012346,0.3194669415402739,0.3135031659549404,0.36702989250478574,20.400084184905687,19.497704482158543,0.9023797027471439,0.045053765177726746,0.05270133167505264
train_minor_0507,ARPG_3_2_Easy_2_Easy_5_fps_60_frame_0096_0098,ARPG_3,2_Easy/2_Easy_5/fps_60,candidate_win,/workspace/src/GFI_docker/compare_outputs/GFI_prediction_region_compare/train_minor_0507_twostage/ARPG_3/candidate_win/ARPG_3_2_Easy_2_Easy_5_fps_60_frame_0096_0098_winner_overlay.png,fmv_many_to_one,9,0.08,Splat Training,FineTuning,9970,0.019232253086419755,0.26800401203610835,0.33119358074222666,0.400802407221665,19.953195357159597,19.686732124543205,0.2664632326163918,0.04585324600338936,0.047773513942956924
train_minor_0507,ARPG_3_2_Easy_2_Easy_5_fps_60_frame_0098_0100,ARPG_3,2_Easy/2_Easy_5/fps_60,candidate_win,/workspace/src/GFI_docker/compare_outputs/GFI_prediction_region_compare/train_minor_0507_twostage/ARPG_3/candidate_win/ARPG_3_2_Easy_2_Easy_5_fps_60_frame_0098_0100_winner_overlay.png,all,9,0.08,Splat Training,FineTuning,518400,1.0,0.1773630401234568,0.2687403549382716,0.5538966049382716,26.13058934300907,25.893426623469786,0.2371627195392847,0.021188681945204735,0.021505102515220642
train_minor_0507,ARPG_3_2_Easy_2_Easy_5_fps_60_frame_0098_0100,ARPG_3,2_Easy/2_Easy_5/fps_60,candidate_win,/workspace/src/GFI_docker/compare_outputs/GFI_prediction_region_compare/train_minor_0507_twostage/ARPG_3/candidate_win/ARPG_3_2_Easy_2_Easy_5_fps_60_frame_0098_0100_winner_overlay.png,hit_both,9,0.08,Splat Training,FineTuning,489179,0.9436323302469136,0.1704754292396035,0.2716612937186592,0.5578632770417373,26.691118977209648,26.50087998268083,0.1902389945288192,0.019887486472725868,0.020060906186699867
train_minor_0507,ARPG_3_2_Easy_2_Easy_5_fps_60_frame_0098_0100,ARPG_3,2_Easy/2_Easy_5/fps_60,candidate_win,/workspace/src/GFI_docker/compare_outputs/GFI_prediction_region_compare/train_minor_0507_twostage/ARPG_3/candidate_win/ARPG_3_2_Easy_2_Easy_5_fps_60_frame_0098_0100_winner_overlay.png,clean_both_no_hole_no_multi,9,0.08,Splat Training,FineTuning,479344,0.9246604938271605,0.16606028238592743,0.2743833238759638,0.5595563937381087,27.028385598693188,26.907095642938636,0.12128995575455193,0.01930655539035797,0.01931837573647499
train_minor_0507,ARPG_3_2_Easy_2_Easy_5_fps_60_frame_0098_0100,ARPG_3,2_Easy/2_Easy_5/fps_60,candidate_win,/workspace/src/GFI_docker/compare_outputs/GFI_prediction_region_compare/train_minor_0507_twostage/ARPG_3/candidate_win/ARPG_3_2_Easy_2_Easy_5_fps_60_frame_0098_0100_winner_overlay.png,hole_any,9,0.08,Splat Training,FineTuning,29221,0.05636766975308642,0.29266623318846036,0.219841894527908,0.4874918722836316,21.320402533222644,20.862116967925523,0.45828556529712117,0.04297151416540146,0.04568180441856384
train_minor_0507,ARPG_3_2_Easy_2_Easy_5_fps_60_frame_0098_0100,ARPG_3,2_Easy/2_Easy_5/fps_60,candidate_win,/workspace/src/GFI_docker/compare_outputs/GFI_prediction_region_compare/train_minor_0507_twostage/ARPG_3/candidate_win/ARPG_3_2_Easy_2_Easy_5_fps_60_frame_0098_0100_winner_overlay.png,many_to_one_any,9,0.08,Splat Training,FineTuning,18036,0.034791666666666665,0.3466400532268796,0.16067864271457086,0.49268130405854954,19.888046699768026,19.126211196192017,0.7618355035760089,0.05103554576635361,0.0580059215426445
train_minor_0507,ARPG_3_2_Easy_2_Easy_5_fps_60_frame_0098_0100,ARPG_3,2_Easy/2_Easy_5/fps_60,candidate_win,/workspace/src/GFI_docker/compare_outputs/GFI_prediction_region_compare/train_minor_0507_twostage/ARPG_3/candidate_win/ARPG_3_2_Easy_2_Easy_5_fps_60_frame_0098_0100_winner_overlay.png,bmv_hole,9,0.08,Splat Training,FineTuning,14919,0.028778935185185185,0.2639587103693277,0.18955694081372745,0.5464843488169449,22.27685610530198,21.99233922876273,0.28451687653925006,0.03811396285891533,0.04037480056285858
train_minor_0507,ARPG_3_2_Easy_2_Easy_5_fps_60_frame_0098_0100,ARPG_3,2_Easy/2_Easy_5/fps_60,candidate_win,/workspace/src/GFI_docker/compare_outputs/GFI_prediction_region_compare/train_minor_0507_twostage/ARPG_3/candidate_win/ARPG_3_2_Easy_2_Easy_5_fps_60_frame_0098_0100_winner_overlay.png,fmv_hole,9,0.08,Splat Training,FineTuning,14795,0.02853973765432099,0.329976343359243,0.24771882392700237,0.42230483271375463,20.457421397337082,19.89890915228204,0.5585122450550415,0.04839940741658211,0.05166151002049446
train_minor_0507,ARPG_3_2_Easy_2_Easy_5_fps_60_frame_0098_0100,ARPG_3,2_Easy/2_Easy_5/fps_60,candidate_win,/workspace/src/GFI_docker/compare_outputs/GFI_prediction_region_compare/train_minor_0507_twostage/ARPG_3/candidate_win/ARPG_3_2_Easy_2_Easy_5_fps_60_frame_0098_0100_winner_overlay.png,bmv_many_to_one,9,0.08,Splat Training,FineTuning,9218,0.017781635802469137,0.4021479713603819,0.13451941852896507,0.4633326101106531,19.33220135754252,18.27153649879273,1.0606648587497887,0.05778620019555092,0.06876996904611588
train_minor_0507,ARPG_3_2_Easy_2_Easy_5_fps_60_frame_0098_0100,ARPG_3,2_Easy/2_Easy_5/fps_60,candidate_win,/workspace/src/GFI_docker/compare_outputs/GFI_prediction_region_compare/train_minor_0507_twostage/ARPG_3/candidate_win/ARPG_3_2_Easy_2_Easy_5_fps_60_frame_0098_0100_winner_overlay.png,fmv_many_to_one,9,0.08,Splat Training,FineTuning,9158,0.017665895061728394,0.2984276042804106,0.18268180825507752,0.5188905874645119,20.48348833288194,20.141527581700114,0.34196075118182634,0.044762033969163895,0.047828610986471176
train_minor_0507,ARPG_3_2_Easy_2_Easy_5_fps_60_frame_0100_0102,ARPG_3,2_Easy/2_Easy_5/fps_60,candidate_win,/workspace/src/GFI_docker/compare_outputs/GFI_prediction_region_compare/train_minor_0507_twostage/ARPG_3/candidate_win/ARPG_3_2_Easy_2_Easy_5_fps_60_frame_0100_0102_winner_overlay.png,all,9,0.08,Splat Training,FineTuning,518400,1.0,0.22232060185185185,0.24654128086419752,0.5311381172839507,27.201305096081583,26.872867331827305,0.3284377642542786,0.01797742396593094,0.018563615158200264
train_minor_0507,ARPG_3_2_Easy_2_Easy_5_fps_60_frame_0100_0102,ARPG_3,2_Easy/2_Easy_5/fps_60,candidate_win,/workspace/src/GFI_docker/compare_outputs/GFI_prediction_region_compare/train_minor_0507_twostage/ARPG_3/candidate_win/ARPG_3_2_Easy_2_Easy_5_fps_60_frame_0100_0102_winner_overlay.png,hit_both,9,0.08,Splat Training,FineTuning,494515,0.9539255401234568,0.21634733021243036,0.24909658958777792,0.5345560801997917,27.699598078159884,27.41684397279721,0.28275410536267387,0.017008664086461067,0.017476318404078484
train_minor_0507,ARPG_3_2_Easy_2_Easy_5_fps_60_frame_0100_0102,ARPG_3,2_Easy/2_Easy_5/fps_60,candidate_win,/workspace/src/GFI_docker/compare_outputs/GFI_prediction_region_compare/train_minor_0507_twostage/ARPG_3/candidate_win/ARPG_3_2_Easy_2_Easy_5_fps_60_frame_0100_0102_winner_overlay.png,clean_both_no_hole_no_multi,9,0.08,Splat Training,FineTuning,485207,0.9359702932098766,0.21292973926592154,0.25131747893167244,0.5357527818024059,28.033685198474846,27.793402736211192,0.24028246226365368,0.01650993339717388,0.016855591908097267
train_minor_0507,ARPG_3_2_Easy_2_Easy_5_fps_60_frame_0100_0102,ARPG_3,2_Easy/2_Easy_5/fps_60,candidate_win,/workspace/src/GFI_docker/compare_outputs/GFI_prediction_region_compare/train_minor_0507_twostage/ARPG_3/candidate_win/ARPG_3_2_Easy_2_Easy_5_fps_60_frame_0100_0102_winner_overlay.png,hole_any,9,0.08,Splat Training,FineTuning,23885,0.04607445987654321,0.34599120787104876,0.19363617333054217,0.460372618798409,22.09010934068548,21.510504236484195,0.5796051042012849,0.03803475573658943,0.0410749725997448
train_minor_0507,ARPG_3_2_Easy_2_Easy_5_fps_60_frame_0100_0102,ARPG_3,2_Easy/2_Easy_5/fps_60,candidate_win,/workspace/src/GFI_docker/compare_outputs/GFI_prediction_region_compare/train_minor_0507_twostage/ARPG_3/candidate_win/ARPG_3_2_Easy_2_Easy_5_fps_60_frame_0100_0102_winner_overlay.png,many_to_one_any,9,0.08,Splat Training,FineTuning,16425,0.031684027777777776,0.33990867579908673,0.14733637747336378,0.5127549467275495,20.789310913935147,20.10993633019676,0.6793745837383867,0.04407397657632828,0.050011761486530304
train_minor_0507,ARPG_3_2_Easy_2_Easy_5_fps_60_frame_0100_0102,ARPG_3,2_Easy/2_Easy_5/fps_60,candidate_win,/workspace/src/GFI_docker/compare_outputs/GFI_prediction_region_compare/train_minor_0507_twostage/ARPG_3/candidate_win/ARPG_3_2_Easy_2_Easy_5_fps_60_frame_0100_0102_winner_overlay.png,bmv_hole,9,0.08,Splat Training,FineTuning,12712,0.024521604938271605,0.28209565764631844,0.1854940213971051,0.5324103209565765,22.542665951432262,21.904318991444644,0.6383469599876186,0.03376172482967377,0.036631952971220016
train_minor_0507,ARPG_3_2_Easy_2_Easy_5_fps_60_frame_0100_0102,ARPG_3,2_Easy/2_Easy_5/fps_60,candidate_win,/workspace/src/GFI_docker/compare_outputs/GFI_prediction_region_compare/train_minor_0507_twostage/ARPG_3/candidate_win/ARPG_3_2_Easy_2_Easy_5_fps_60_frame_0100_0102_winner_overlay.png,fmv_hole,9,0.08,Splat Training,FineTuning,11600,0.022376543209876542,0.42163793103448277,0.2036206896551724,0.37474137931034485,21.513745553308176,20.92080294890121,0.5929426044069679,0.043531328439712524,0.0470164455473423
train_minor_0507,ARPG_3_2_Easy_2_Easy_5_fps_60_frame_0100_0102,ARPG_3,2_Easy/2_Easy_5/fps_60,candidate_win,/workspace/src/GFI_docker/compare_outputs/GFI_prediction_region_compare/train_minor_0507_twostage/ARPG_3/candidate_win/ARPG_3_2_Easy_2_Easy_5_fps_60_frame_0100_0102_winner_overlay.png,bmv_many_to_one,9,0.08,Splat Training,FineTuning,5905,0.011390817901234567,0.44165961049957664,0.11769686706181202,0.4406435224386113,19.357508558058594,18.504652219188447,0.8528563388701471,0.05960673838853836,0.06996595859527588
train_minor_0507,ARPG_3_2_Easy_2_Easy_5_fps_60_frame_0100_0102,ARPG_3,2_Easy/2_Easy_5/fps_60,candidate_win,/workspace/src/GFI_docker/compare_outputs/GFI_prediction_region_compare/train_minor_0507_twostage/ARPG_3/candidate_win/ARPG_3_2_Easy_2_Easy_5_fps_60_frame_0100_0102_winner_overlay.png,fmv_many_to_one,9,0.08,Splat Training,FineTuning,10975,0.02117091049382716,0.2926651480637813,0.16236902050113894,0.5449658314350797,21.707092190034913,21.203357582527175,0.503734607507738,0.03663203865289688,0.040314797312021255
train_minor_0507,ARPG_3_2_Easy_2_Easy_5_fps_60_frame_0310_0312,ARPG_3,2_Easy/2_Easy_5/fps_60,baseline_win,/workspace/src/GFI_docker/compare_outputs/GFI_prediction_region_compare/train_minor_0507_twostage/ARPG_3/baseline_win/ARPG_3_2_Easy_2_Easy_5_fps_60_frame_0310_0312_winner_overlay.png,all,9,0.08,Splat Training,FineTuning,518400,1.0,0.10347800925925926,0.17397762345679013,0.7225443672839507,26.407665197605724,26.623553211769977,-0.2158880141642534,0.021731138229370117,0.021476084366440773
train_minor_0507,ARPG_3_2_Easy_2_Easy_5_fps_60_frame_0310_0312,ARPG_3,2_Easy/2_Easy_5/fps_60,baseline_win,/workspace/src/GFI_docker/compare_outputs/GFI_prediction_region_compare/train_minor_0507_twostage/ARPG_3/baseline_win/ARPG_3_2_Easy_2_Easy_5_fps_60_frame_0310_0312_winner_overlay.png,hit_both,9,0.08,Splat Training,FineTuning,463975,0.8950135030864198,0.10239344792284066,0.17208039226251415,0.7255261598146452,27.13039844883098,27.354865594193797,-0.22446714536281576,0.019806940108537674,0.019608991220593452
train_minor_0507,ARPG_3_2_Easy_2_Easy_5_fps_60_frame_0310_0312,ARPG_3,2_Easy/2_Easy_5/fps_60,baseline_win,/workspace/src/GFI_docker/compare_outputs/GFI_prediction_region_compare/train_minor_0507_twostage/ARPG_3/baseline_win/ARPG_3_2_Easy_2_Easy_5_fps_60_frame_0310_0312_winner_overlay.png,clean_both_no_hole_no_multi,9,0.08,Splat Training,FineTuning,455672,0.8789969135802469,0.10190444003581524,0.1725868607243807,0.7255086992398041,27.68109753480156,27.909300048471323,-0.22820251366976407,0.019041351974010468,0.01882815733551979
train_minor_0507,ARPG_3_2_Easy_2_Easy_5_fps_60_frame_0310_0312,ARPG_3,2_Easy/2_Easy_5/fps_60,baseline_win,/workspace/src/GFI_docker/compare_outputs/GFI_prediction_region_compare/train_minor_0507_twostage/ARPG_3/baseline_win/ARPG_3_2_Easy_2_Easy_5_fps_60_frame_0310_0312_winner_overlay.png,hole_any,9,0.08,Splat Training,FineTuning,54425,0.10498649691358025,0.11272393201653652,0.1901515847496555,0.697124483233808,22.777311202462617,22.9664581059749,-0.18914690351228458,0.03813496232032776,0.03739318251609802
train_minor_0507,ARPG_3_2_Easy_2_Easy_5_fps_60_frame_0310_0312,ARPG_3,2_Easy/2_Easy_5/fps_60,baseline_win,/workspace/src/GFI_docker/compare_outputs/GFI_prediction_region_compare/train_minor_0507_twostage/ARPG_3/baseline_win/ARPG_3_2_Easy_2_Easy_5_fps_60_frame_0310_0312_winner_overlay.png,many_to_one_any,9,0.08,Splat Training,FineTuning,29098,0.0561304012345679,0.0954704790707265,0.10866726235480102,0.7958622585744725,21.722546835964213,22.077410099820632,-0.3548632638564193,0.04087938740849495,0.04045158252120018
train_minor_0507,ARPG_3_2_Easy_2_Easy_5_fps_60_frame_0310_0312,ARPG_3,2_Easy/2_Easy_5/fps_60,baseline_win,/workspace/src/GFI_docker/compare_outputs/GFI_prediction_region_compare/train_minor_0507_twostage/ARPG_3/baseline_win/ARPG_3_2_Easy_2_Easy_5_fps_60_frame_0310_0312_winner_overlay.png,bmv_hole,9,0.08,Splat Training,FineTuning,29422,0.056755401234567904,0.09533682278567059,0.10920399700904085,0.7954591802052886,21.695493712304263,21.69488148151945,0.0006122307848137609,0.04036617651581764,0.040326278656721115
train_minor_0507,ARPG_3_2_Easy_2_Easy_5_fps_60_frame_0310_0312,ARPG_3,2_Easy/2_Easy_5/fps_60,baseline_win,/workspace/src/GFI_docker/compare_outputs/GFI_prediction_region_compare/train_minor_0507_twostage/ARPG_3/baseline_win/ARPG_3_2_Easy_2_Easy_5_fps_60_frame_0310_0312_winner_overlay.png,fmv_hole,9,0.08,Splat Training,FineTuning,27860,0.05374228395061728,0.13094041636755205,0.28668341708542716,0.5823761665470208,24.49937165837111,25.08240270629342,-0.583031047922308,0.03585692122578621,0.03443848714232445
train_minor_0507,ARPG_3_2_Easy_2_Easy_5_fps_60_frame_0310_0312,ARPG_3,2_Easy/2_Easy_5/fps_60,baseline_win,/workspace/src/GFI_docker/compare_outputs/GFI_prediction_region_compare/train_minor_0507_twostage/ARPG_3/baseline_win/ARPG_3_2_Easy_2_Easy_5_fps_60_frame_0310_0312_winner_overlay.png,bmv_many_to_one,9,0.08,Splat Training,FineTuning,3158,0.006091820987654321,0.12159594680177327,0.2694743508549715,0.6089297023432553,15.331798616130786,16.31742729599881,-0.9856286798680252,0.10536369681358337,0.09608878195285797
train_minor_0507,ARPG_3_2_Easy_2_Easy_5_fps_60_frame_0310_0312,ARPG_3,2_Easy/2_Easy_5/fps_60,baseline_win,/workspace/src/GFI_docker/compare_outputs/GFI_prediction_region_compare/train_minor_0507_twostage/ARPG_3/baseline_win/ARPG_3_2_Easy_2_Easy_5_fps_60_frame_0310_0312_winner_overlay.png,fmv_many_to_one,9,0.08,Splat Training,FineTuning,26499,0.05111689814814815,0.0947960300388694,0.08955054907732367,0.815653420883807,23.573641542091856,23.444832161638143,0.12880938045371337,0.034442443400621414,0.035090140998363495
train_minor_0507,ARPG_3_2_Easy_2_Easy_5_fps_60_frame_0370_0372,ARPG_3,2_Easy/2_Easy_5/fps_60,baseline_win,/workspace/src/GFI_docker/compare_outputs/GFI_prediction_region_compare/train_minor_0507_twostage/ARPG_3/baseline_win/ARPG_3_2_Easy_2_Easy_5_fps_60_frame_0370_0372_winner_overlay.png,all,9,0.08,Splat Training,FineTuning,518400,1.0,0.3079764660493827,0.251412037037037,0.44061149691358026,26.678282270307708,26.826691159071537,-0.14840888876382863,0.008537297137081623,0.008580760098993778
train_minor_0507,ARPG_3_2_Easy_2_Easy_5_fps_60_frame_0370_0372,ARPG_3,2_Easy/2_Easy_5/fps_60,baseline_win,/workspace/src/GFI_docker/compare_outputs/GFI_prediction_region_compare/train_minor_0507_twostage/ARPG_3/baseline_win/ARPG_3_2_Easy_2_Easy_5_fps_60_frame_0370_0372_winner_overlay.png,hit_both,9,0.08,Splat Training,FineTuning,503637,0.9715219907407407,0.3059505159470015,0.2518579850169864,0.44219149903601207,27.415822410887678,27.579015510682158,-0.16319309979447993,0.007383397780358791,0.007419186644256115
train_minor_0507,ARPG_3_2_Easy_2_Easy_5_fps_60_frame_0370_0372,ARPG_3,2_Easy/2_Easy_5/fps_60,baseline_win,/workspace/src/GFI_docker/compare_outputs/GFI_prediction_region_compare/train_minor_0507_twostage/ARPG_3/baseline_win/ARPG_3_2_Easy_2_Easy_5_fps_60_frame_0370_0372_winner_overlay.png,clean_both_no_hole_no_multi,9,0.08,Splat Training,FineTuning,499278,0.963113425925926,0.3069973041071307,0.25171547714900316,0.4412872187438661,28.411496047747807,28.521951969909015,-0.11045592216120781,0.006380249746143818,0.006457299459725618
train_minor_0507,ARPG_3_2_Easy_2_Easy_5_fps_60_frame_0370_0372,ARPG_3,2_Easy/2_Easy_5/fps_60,baseline_win,/workspace/src/GFI_docker/compare_outputs/GFI_prediction_region_compare/train_minor_0507_twostage/ARPG_3/baseline_win/ARPG_3_2_Easy_2_Easy_5_fps_60_frame_0370_0372_winner_overlay.png,hole_any,9,0.08,Splat Training,FineTuning,14763,0.02847800925925926,0.3770913770913771,0.23619860461965725,0.3867100182889657,18.665401130720344,18.747194802721772,-0.08179367200142806,0.04790239408612251,0.0482076071202755
train_minor_0507,ARPG_3_2_Easy_2_Easy_5_fps_60_frame_0370_0372,ARPG_3,2_Easy/2_Easy_5/fps_60,baseline_win,/workspace/src/GFI_docker/compare_outputs/GFI_prediction_region_compare/train_minor_0507_twostage/ARPG_3/baseline_win/ARPG_3_2_Easy_2_Easy_5_fps_60_frame_0370_0372_winner_overlay.png,many_to_one_any,9,0.08,Splat Training,FineTuning,7100,0.013695987654320988,0.1676056338028169,0.2256338028169014,0.6067605633802817,14.567616515261982,14.90724265258626,-0.33962613732427904,0.10536758601665497,0.10214471071958542
train_minor_0507,ARPG_3_2_Easy_2_Easy_5_fps_60_frame_0370_0372,ARPG_3,2_Easy/2_Easy_5/fps_60,baseline_win,/workspace/src/GFI_docker/compare_outputs/GFI_prediction_region_compare/train_minor_0507_twostage/ARPG_3/baseline_win/ARPG_3_2_Easy_2_Easy_5_fps_60_frame_0370_0372_winner_overlay.png,bmv_hole,9,0.08,Splat Training,FineTuning,7426,0.014324845679012346,0.4139509830325882,0.2281174252625909,0.3579315917048209,18.275323024150374,18.221210720229134,0.05411230392124011,0.05037890374660492,0.053095556795597076
train_minor_0507,ARPG_3_2_Easy_2_Easy_5_fps_60_frame_0370_0372,ARPG_3,2_Easy/2_Easy_5/fps_60,baseline_win,/workspace/src/GFI_docker/compare_outputs/GFI_prediction_region_compare/train_minor_0507_twostage/ARPG_3/baseline_win/ARPG_3_2_Easy_2_Easy_5_fps_60_frame_0370_0372_winner_overlay.png,fmv_hole,9,0.08,Splat Training,FineTuning,7535,0.014535108024691358,0.3347047113470471,0.2435301924353019,0.42176509621765096,19.022712353798646,19.25674232716245,-0.23402997336380338,0.046175625175237656,0.04413807764649391
train_minor_0507,ARPG_3_2_Easy_2_Easy_5_fps_60_frame_0370_0372,ARPG_3,2_Easy/2_Easy_5/fps_60,baseline_win,/workspace/src/GFI_docker/compare_outputs/GFI_prediction_region_compare/train_minor_0507_twostage/ARPG_3/baseline_win/ARPG_3_2_Easy_2_Easy_5_fps_60_frame_0370_0372_winner_overlay.png,bmv_many_to_one,9,0.08,Splat Training,FineTuning,4006,0.007727623456790123,0.12805791313030454,0.2965551672491263,0.5753869196205691,14.47795811957635,14.979700255578576,-0.5017421360022265,0.10890396684408188,0.10053515434265137
train_minor_0507,ARPG_3_2_Easy_2_Easy_5_fps_60_frame_0370_0372,ARPG_3,2_Easy/2_Easy_5/fps_60,baseline_win,/workspace/src/GFI_docker/compare_outputs/GFI_prediction_region_compare/train_minor_0507_twostage/ARPG_3/baseline_win/ARPG_3_2_Easy_2_Easy_5_fps_60_frame_0370_0372_winner_overlay.png,fmv_many_to_one,9,0.08,Splat Training,FineTuning,3509,0.006768904320987654,0.22656027358221714,0.1268167569108008,0.6466229695069821,14.590968308775345,14.664372972227387,-0.07340466345204177,0.10399626195430756,0.10838572680950165
train_minor_0507,ARPG_3_2_Easy_2_Easy_5_fps_60_frame_0418_0420,ARPG_3,2_Easy/2_Easy_5/fps_60,baseline_win,/workspace/src/GFI_docker/compare_outputs/GFI_prediction_region_compare/train_minor_0507_twostage/ARPG_3/baseline_win/ARPG_3_2_Easy_2_Easy_5_fps_60_frame_0418_0420_winner_overlay.png,all,9,0.08,Splat Training,FineTuning,518400,1.0,0.12989390432098766,0.18007908950617285,0.6900270061728395,26.043479055207,26.09640307270083,-0.05292401749382947,0.023138651624321938,0.02343767136335373
train_minor_0507,ARPG_3_2_Easy_2_Easy_5_fps_60_frame_0418_0420,ARPG_3,2_Easy/2_Easy_5/fps_60,baseline_win,/workspace/src/GFI_docker/compare_outputs/GFI_prediction_region_compare/train_minor_0507_twostage/ARPG_3/baseline_win/ARPG_3_2_Easy_2_Easy_5_fps_60_frame_0418_0420_winner_overlay.png,hit_both,9,0.08,Splat Training,FineTuning,493354,0.9516859567901235,0.12089898936666167,0.177531752048225,0.7015692585851133,26.299892206636173,26.363776657459084,-0.06388445082291128,0.022507142275571823,0.022693751379847527
train_minor_0507,ARPG_3_2_Easy_2_Easy_5_fps_60_frame_0418_0420,ARPG_3,2_Easy/2_Easy_5/fps_60,baseline_win,/workspace/src/GFI_docker/compare_outputs/GFI_prediction_region_compare/train_minor_0507_twostage/ARPG_3/baseline_win/ARPG_3_2_Easy_2_Easy_5_fps_60_frame_0418_0420_winner_overlay.png,clean_both_no_hole_no_multi,9,0.08,Splat Training,FineTuning,485264,0.9360802469135803,0.11719187905964588,0.17612474859045799,0.7066833723498961,26.579182197963508,26.64143707859502,-0.06225488063151019,0.022067170590162277,0.02219047024846077
train_minor_0507,ARPG_3_2_Easy_2_Easy_5_fps_60_frame_0418_0420,ARPG_3,2_Easy/2_Easy_5/fps_60,baseline_win,/workspace/src/GFI_docker/compare_outputs/GFI_prediction_region_compare/train_minor_0507_twostage/ARPG_3/baseline_win/ARPG_3_2_Easy_2_Easy_5_fps_60_frame_0418_0420_winner_overlay.png,hole_any,9,0.08,Splat Training,FineTuning,25046,0.04831404320987654,0.30707498203305916,0.23025632835582527,0.46266868961111557,22.76105235475104,22.71955255345967,0.04149980129136921,0.03557809069752693,0.03809132054448128
train_minor_0507,ARPG_3_2_Easy_2_Easy_5_fps_60_frame_0418_0420,ARPG_3,2_Easy/2_Easy_5/fps_60,baseline_win,/workspace/src/GFI_docker/compare_outputs/GFI_prediction_region_compare/train_minor_0507_twostage/ARPG_3/baseline_win/ARPG_3_2_Easy_2_Easy_5_fps_60_frame_0418_0420_winner_overlay.png,many_to_one_any,9,0.08,Splat Training,FineTuning,11847,0.02285300925925926,0.28462902000506457,0.2635266312146535,0.4518443487802819,19.638232456480452,19.824929900217704,-0.18669744373725194,0.04950548708438873,0.05187381058931351
train_minor_0507,ARPG_3_2_Easy_2_Easy_5_fps_60_frame_0418_0420,ARPG_3,2_Easy/2_Easy_5/fps_60,baseline_win,/workspace/src/GFI_docker/compare_outputs/GFI_prediction_region_compare/train_minor_0507_twostage/ARPG_3/baseline_win/ARPG_3_2_Easy_2_Easy_5_fps_60_frame_0418_0420_winner_overlay.png,bmv_hole,9,0.08,Splat Training,FineTuning,13600,0.026234567901234566,0.30816176470588236,0.21132352941176472,0.48051470588235295,23.25111524526209,23.376352862531245,-0.12523761726915694,0.03389138728380203,0.037422142922878265
train_minor_0507,ARPG_3_2_Easy_2_Easy_5_fps_60_frame_0418_0420,ARPG_3,2_Easy/2_Easy_5/fps_60,baseline_win,/workspace/src/GFI_docker/compare_outputs/GFI_prediction_region_compare/train_minor_0507_twostage/ARPG_3/baseline_win/ARPG_3_2_Easy_2_Easy_5_fps_60_frame_0418_0420_winner_overlay.png,fmv_hole,9,0.08,Splat Training,FineTuning,12427,0.023971836419753086,0.320109439124487,0.24599662026233202,0.433893940613181,22.37382261726871,22.109085454695542,0.26473716257316937,0.03762490674853325,0.03949717432260513
train_minor_0507,ARPG_3_2_Easy_2_Easy_5_fps_60_frame_0418_0420,ARPG_3,2_Easy/2_Easy_5/fps_60,baseline_win,/workspace/src/GFI_docker/compare_outputs/GFI_prediction_region_compare/train_minor_0507_twostage/ARPG_3/baseline_win/ARPG_3_2_Easy_2_Easy_5_fps_60_frame_0418_0420_winner_overlay.png,bmv_many_to_one,9,0.08,Splat Training,FineTuning,6586,0.012704475308641975,0.3384451867597935,0.20482842392954753,0.45672638931065895,19.84454849396701,19.749089885388152,0.09545860857885913,0.04693616181612015,0.05064694583415985
train_minor_0507,ARPG_3_2_Easy_2_Easy_5_fps_60_frame_0418_0420,ARPG_3,2_Easy/2_Easy_5/fps_60,baseline_win,/workspace/src/GFI_docker/compare_outputs/GFI_prediction_region_compare/train_minor_0507_twostage/ARPG_3/baseline_win/ARPG_3_2_Easy_2_Easy_5_fps_60_frame_0418_0420_winner_overlay.png,fmv_many_to_one,9,0.08,Splat Training,FineTuning,6151,0.011865354938271604,0.22337831246951714,0.33815639733376684,0.438465290196716,19.136823173869438,19.306438764605485,-0.16961559073604704,0.05476424843072891,0.05714910849928856
train_minor_0507,ARPG_3_2_Easy_2_Easy_5_fps_60_frame_0538_0540,ARPG_3,2_Easy/2_Easy_5/fps_60,candidate_win,/workspace/src/GFI_docker/compare_outputs/GFI_prediction_region_compare/train_minor_0507_twostage/ARPG_3/candidate_win/ARPG_3_2_Easy_2_Easy_5_fps_60_frame_0538_0540_winner_overlay.png,all,9,0.08,Splat Training,FineTuning,518400,1.0,0.2741917438271605,0.27486689814814813,0.4509413580246914,35.84912666040128,35.49224121541302,0.356885444988265,0.003583639394491911,0.003731316886842251
train_minor_0507,ARPG_3_2_Easy_2_Easy_5_fps_60_frame_0538_0540,ARPG_3,2_Easy/2_Easy_5/fps_60,candidate_win,/workspace/src/GFI_docker/compare_outputs/GFI_prediction_region_compare/train_minor_0507_twostage/ARPG_3/candidate_win/ARPG_3_2_Easy_2_Easy_5_fps_60_frame_0538_0540_winner_overlay.png,hit_both,9,0.08,Splat Training,FineTuning,496753,0.9582426697530865,0.2716138604094993,0.27551116953496,0.45287497005554067,36.99699270497178,36.443329397024186,0.5536633079475948,0.003244203282520175,0.0034088289830833673
train_minor_0507,ARPG_3_2_Easy_2_Easy_5_fps_60_frame_0538_0540,ARPG_3,2_Easy/2_Easy_5/fps_60,candidate_win,/workspace/src/GFI_docker/compare_outputs/GFI_prediction_region_compare/train_minor_0507_twostage/ARPG_3/candidate_win/ARPG_3_2_Easy_2_Easy_5_fps_60_frame_0538_0540_winner_overlay.png,clean_both_no_hole_no_multi,9,0.08,Splat Training,FineTuning,491454,0.9480208333333333,0.26944739487317226,0.27579386880562573,0.454758736321202,37.97109272211467,37.86766571111001,0.103427011004662,0.0030049895867705345,0.00309542752802372
train_minor_0507,ARPG_3_2_Easy_2_Easy_5_fps_60_frame_0538_0540,ARPG_3,2_Easy/2_Easy_5/fps_60,candidate_win,/workspace/src/GFI_docker/compare_outputs/GFI_prediction_region_compare/train_minor_0507_twostage/ARPG_3/candidate_win/ARPG_3_2_Easy_2_Easy_5_fps_60_frame_0538_0540_winner_overlay.png,hole_any,9,0.08,Splat Training,FineTuning,21647,0.04175733024691358,0.333348731925902,0.26008222848431656,0.40656903958978147,27.83514648544603,28.078142103855264,-0.2429956184092319,0.011372978799045086,0.01113173272460699
train_minor_0507,ARPG_3_2_Easy_2_Easy_5_fps_60_frame_0538_0540,ARPG_3,2_Easy/2_Easy_5/fps_60,candidate_win,/workspace/src/GFI_docker/compare_outputs/GFI_prediction_region_compare/train_minor_0507_twostage/ARPG_3/candidate_win/ARPG_3_2_Easy_2_Easy_5_fps_60_frame_0538_0540_winner_overlay.png,many_to_one_any,9,0.08,Splat Training,FineTuning,8491,0.016379243827160495,0.4562477917795313,0.22223530797314803,0.3215169002473207,24.16006343296843,22.76509635987263,1.394967073095799,0.023037387058138847,0.027828004211187363
train_minor_0507,ARPG_3_2_Easy_2_Easy_5_fps_60_frame_0538_0540,ARPG_3,2_Easy/2_Easy_5/fps_60,candidate_win,/workspace/src/GFI_docker/compare_outputs/GFI_prediction_region_compare/train_minor_0507_twostage/ARPG_3/candidate_win/ARPG_3_2_Easy_2_Easy_5_fps_60_frame_0538_0540_winner_overlay.png,bmv_hole,9,0.08,Splat Training,FineTuning,11099,0.021410108024691357,0.3459771150554104,0.26290656815929364,0.39111631678529596,28.001319550777843,28.632385595240333,-0.6310660444624894,0.011479218490421772,0.010505452752113342
train_minor_0507,ARPG_3_2_Easy_2_Easy_5_fps_60_frame_0538_0540,ARPG_3,2_Easy/2_Easy_5/fps_60,candidate_win,/workspace/src/GFI_docker/compare_outputs/GFI_prediction_region_compare/train_minor_0507_twostage/ARPG_3/candidate_win/ARPG_3_2_Easy_2_Easy_5_fps_60_frame_0538_0540_winner_overlay.png,fmv_hole,9,0.08,Splat Training,FineTuning,10952,0.021126543209876544,0.32222425127830534,0.25511322132943753,0.4226625273922571,27.7764099967566,27.625093098613718,0.15131689814288052,0.011163987219333649,0.011791202239692211
train_minor_0507,ARPG_3_2_Easy_2_Easy_5_fps_60_frame_0538_0540,ARPG_3,2_Easy/2_Easy_5/fps_60,candidate_win,/workspace/src/GFI_docker/compare_outputs/GFI_prediction_region_compare/train_minor_0507_twostage/ARPG_3/candidate_win/ARPG_3_2_Easy_2_Easy_5_fps_60_frame_0538_0540_winner_overlay.png,bmv_many_to_one,9,0.08,Splat Training,FineTuning,3745,0.007224151234567901,0.4539385847797063,0.2656875834445928,0.2803738317757009,24.264129134052443,22.382131705366184,1.8819974286862582,0.026189865544438362,0.0324043370783329
train_minor_0507,ARPG_3_2_Easy_2_Easy_5_fps_60_frame_0538_0540,ARPG_3,2_Easy/2_Easy_5/fps_60,candidate_win,/workspace/src/GFI_docker/compare_outputs/GFI_prediction_region_compare/train_minor_0507_twostage/ARPG_3/candidate_win/ARPG_3_2_Easy_2_Easy_5_fps_60_frame_0538_0540_winner_overlay.png,fmv_many_to_one,9,0.08,Splat Training,FineTuning,5472,0.010555555555555556,0.4473684210526316,0.20266812865497075,0.34996345029239767,24.104835667362853,23.181694609840484,0.9231410575223684,0.021825669333338737,0.02474893070757389
train_minor_0507,ARPG_3_2_Easy_2_Easy_5_fps_60_frame_0540_0542,ARPG_3,2_Easy/2_Easy_5/fps_60,candidate_win,/workspace/src/GFI_docker/compare_outputs/GFI_prediction_region_compare/train_minor_0507_twostage/ARPG_3/candidate_win/ARPG_3_2_Easy_2_Easy_5_fps_60_frame_0540_0542_winner_overlay.png,all,9,0.08,Splat Training,FineTuning,518400,1.0,0.2568537808641975,0.27761574074074075,0.46553047839506173,36.11370265160241,35.20091171227739,0.9127909393250206,0.0033996296115219593,0.0036217926535755396
train_minor_0507,ARPG_3_2_Easy_2_Easy_5_fps_60_frame_0540_0542,ARPG_3,2_Easy/2_Easy_5/fps_60,candidate_win,/workspace/src/GFI_docker/compare_outputs/GFI_prediction_region_compare/train_minor_0507_twostage/ARPG_3/candidate_win/ARPG_3_2_Easy_2_Easy_5_fps_60_frame_0540_0542_winner_overlay.png,hit_both,9,0.08,Splat Training,FineTuning,498595,0.9617959104938272,0.2518376638353774,0.27892177017418945,0.4692405659904331,36.82213219554101,36.069559474845995,0.7525727206950137,0.0031443487387150526,0.003314762143418193
train_minor_0507,ARPG_3_2_Easy_2_Easy_5_fps_60_frame_0540_0542,ARPG_3,2_Easy/2_Easy_5/fps_60,candidate_win,/workspace/src/GFI_docker/compare_outputs/GFI_prediction_region_compare/train_minor_0507_twostage/ARPG_3/candidate_win/ARPG_3_2_Easy_2_Easy_5_fps_60_frame_0540_0542_winner_overlay.png,clean_both_no_hole_no_multi,9,0.08,Splat Training,FineTuning,493370,0.9517168209876543,0.24877678010418144,0.2799744613576018,0.47124875853821674,38.053326408955556,37.648799610659374,0.40452679829618177,0.0028666385915130377,0.0029754070565104485
train_minor_0507,ARPG_3_2_Easy_2_Easy_5_fps_60_frame_0540_0542,ARPG_3,2_Easy/2_Easy_5/fps_60,candidate_win,/workspace/src/GFI_docker/compare_outputs/GFI_prediction_region_compare/train_minor_0507_twostage/ARPG_3/candidate_win/ARPG_3_2_Easy_2_Easy_5_fps_60_frame_0540_0542_winner_overlay.png,hole_any,9,0.08,Splat Training,FineTuning,19805,0.038204089506172836,0.3831355718252966,0.24473617773289574,0.37212825044180764,29.311092882019324,27.74722261760942,1.5638702644099034,0.009826329536736012,0.011351329274475574
train_minor_0507,ARPG_3_2_Easy_2_Easy_5_fps_60_frame_0540_0542,ARPG_3,2_Easy/2_Easy_5/fps_60,candidate_win,/workspace/src/GFI_docker/compare_outputs/GFI_prediction_region_compare/train_minor_0507_twostage/ARPG_3/candidate_win/ARPG_3_2_Easy_2_Easy_5_fps_60_frame_0540_0542_winner_overlay.png,many_to_one_any,9,0.08,Splat Training,FineTuning,7702,0.014857253086419752,0.4688392625292132,0.18436769670215528,0.34679304076863154,23.14582110698918,21.526822157506913,1.6189989494822683,0.02727990411221981,0.03303971886634827
train_minor_0507,ARPG_3_2_Easy_2_Easy_5_fps_60_frame_0540_0542,ARPG_3,2_Easy/2_Easy_5/fps_60,candidate_win,/workspace/src/GFI_docker/compare_outputs/GFI_prediction_region_compare/train_minor_0507_twostage/ARPG_3/candidate_win/ARPG_3_2_Easy_2_Easy_5_fps_60_frame_0540_0542_winner_overlay.png,bmv_hole,9,0.08,Splat Training,FineTuning,9823,0.018948688271604938,0.3713733075435203,0.21235874987274764,0.41626794258373206,29.062123231519323,27.4481264565403,1.6139967749790216,0.010751611553132534,0.012650181539356709
train_minor_0507,ARPG_3_2_Easy_2_Easy_5_fps_60_frame_0540_0542,ARPG_3,2_Easy/2_Easy_5/fps_60,candidate_win,/workspace/src/GFI_docker/compare_outputs/GFI_prediction_region_compare/train_minor_0507_twostage/ARPG_3/candidate_win/ARPG_3_2_Easy_2_Easy_5_fps_60_frame_0540_0542_winner_overlay.png,fmv_hole,9,0.08,Splat Training,FineTuning,10316,0.01989969135802469,0.3966653741760372,0.2744280728964715,0.32890655292749127,29.348697161875403,27.790055277599535,1.5586418842758683,0.009251825511455536,0.010698780417442322
train_minor_0507,ARPG_3_2_Easy_2_Easy_5_fps_60_frame_0540_0542,ARPG_3,2_Easy/2_Easy_5/fps_60,candidate_win,/workspace/src/GFI_docker/compare_outputs/GFI_prediction_region_compare/train_minor_0507_twostage/ARPG_3/candidate_win/ARPG_3_2_Easy_2_Easy_5_fps_60_frame_0540_0542_winner_overlay.png,bmv_many_to_one,9,0.08,Splat Training,FineTuning,3605,0.00695408950617284,0.49042995839112347,0.16310679611650486,0.34646324549237173,24.225752790968322,21.205311551320207,3.0204412396481146,0.023142512887716293,0.03304814547300339
train_minor_0507,ARPG_3_2_Easy_2_Easy_5_fps_60_frame_0540_0542,ARPG_3,2_Easy/2_Easy_5/fps_60,candidate_win,/workspace/src/GFI_docker/compare_outputs/GFI_prediction_region_compare/train_minor_0507_twostage/ARPG_3/candidate_win/ARPG_3_2_Easy_2_Easy_5_fps_60_frame_0540_0542_winner_overlay.png,fmv_many_to_one,9,0.08,Splat Training,FineTuning,4624,0.008919753086419752,0.45891003460207613,0.20242214532871972,0.33866782006920415,22.372924930248605,21.644901184062363,0.728023746186242,0.031535662710666656,0.034550342708826065
train_minor_0507,ARPG_3_2_Easy_2_Easy_5_fps_60_frame_0546_0548,ARPG_3,2_Easy/2_Easy_5/fps_60,baseline_win,/workspace/src/GFI_docker/compare_outputs/GFI_prediction_region_compare/train_minor_0507_twostage/ARPG_3/baseline_win/ARPG_3_2_Easy_2_Easy_5_fps_60_frame_0546_0548_winner_overlay.png,all,9,0.08,Splat Training,FineTuning,518400,1.0,0.03626929012345679,0.22528356481481482,0.7384471450617284,24.629232743739724,24.71299722031082,-0.08376447657109765,0.024776484817266464,0.023918630555272102
train_minor_0507,ARPG_3_2_Easy_2_Easy_5_fps_60_frame_0546_0548,ARPG_3,2_Easy/2_Easy_5/fps_60,baseline_win,/workspace/src/GFI_docker/compare_outputs/GFI_prediction_region_compare/train_minor_0507_twostage/ARPG_3/baseline_win/ARPG_3_2_Easy_2_Easy_5_fps_60_frame_0546_0548_winner_overlay.png,hit_both,9,0.08,Splat Training,FineTuning,489917,0.9450559413580247,0.02300185541632562,0.23078807226530207,0.7462100723183723,24.76503302646733,24.918275994619425,-0.15324296815209593,0.024502236396074295,0.023344436660408974
train_minor_0507,ARPG_3_2_Easy_2_Easy_5_fps_60_frame_0546_0548,ARPG_3,2_Easy/2_Easy_5/fps_60,baseline_win,/workspace/src/GFI_docker/compare_outputs/GFI_prediction_region_compare/train_minor_0507_twostage/ARPG_3/baseline_win/ARPG_3_2_Easy_2_Easy_5_fps_60_frame_0546_0548_winner_overlay.png,clean_both_no_hole_no_multi,9,0.08,Splat Training,FineTuning,483090,0.931886574074074,0.018714939245275206,0.22946862903392742,0.7518164317207974,24.89306929689002,25.065240997603276,-0.17217170071325683,0.024183468893170357,0.022946514189243317
train_minor_0507,ARPG_3_2_Easy_2_Easy_5_fps_60_frame_0546_0548,ARPG_3,2_Easy/2_Easy_5/fps_60,baseline_win,/workspace/src/GFI_docker/compare_outputs/GFI_prediction_region_compare/train_minor_0507_twostage/ARPG_3/baseline_win/ARPG_3_2_Easy_2_Easy_5_fps_60_frame_0546_0548_winner_overlay.png,hole_any,9,0.08,Splat Training,FineTuning,28483,0.05494405864197531,0.26447354562370534,0.13060422006108907,0.6049222343152055,22.78366858465268,22.17455028325365,0.6091183013990289,0.029493387788534164,0.033794861286878586
train_minor_0507,ARPG_3_2_Easy_2_Easy_5_fps_60_frame_0546_0548,ARPG_3,2_Easy/2_Easy_5/fps_60,baseline_win,/workspace/src/GFI_docker/compare_outputs/GFI_prediction_region_compare/train_minor_0507_twostage/ARPG_3/baseline_win/ARPG_3_2_Easy_2_Easy_5_fps_60_frame_0546_0548_winner_overlay.png,many_to_one_any,9,0.08,Splat Training,FineTuning,10202,0.019679783950617286,0.23554205057831798,0.23642423054303077,0.5280337188786512,20.243747847493832,20.168936907755345,0.07481093973848729,0.043871957808732986,0.04632027819752693
train_minor_0507,ARPG_3_2_Easy_2_Easy_5_fps_60_frame_0546_0548,ARPG_3,2_Easy/2_Easy_5/fps_60,baseline_win,/workspace/src/GFI_docker/compare_outputs/GFI_prediction_region_compare/train_minor_0507_twostage/ARPG_3/baseline_win/ARPG_3_2_Easy_2_Easy_5_fps_60_frame_0546_0548_winner_overlay.png,bmv_hole,9,0.08,Splat Training,FineTuning,14722,0.02839891975308642,0.21736177149843772,0.12640945523706018,0.6562287732645021,25.21770699801106,23.584635328281735,1.6330716697293255,0.026586685329675674,0.03275006264448166
train_minor_0507,ARPG_3_2_Easy_2_Easy_5_fps_60_frame_0546_0548,ARPG_3,2_Easy/2_Easy_5/fps_60,baseline_win,/workspace/src/GFI_docker/compare_outputs/GFI_prediction_region_compare/train_minor_0507_twostage/ARPG_3/baseline_win/ARPG_3_2_Easy_2_Easy_5_fps_60_frame_0546_0548_winner_overlay.png,fmv_hole,9,0.08,Splat Training,FineTuning,14667,0.028292824074074074,0.33346969387059383,0.1345878502761301,0.531942455853276,21.26033591664868,20.474298306373523,0.7860376102751552,0.032505232840776443,0.03959277272224426
train_minor_0507,ARPG_3_2_Easy_2_Easy_5_fps_60_frame_0546_0548,ARPG_3,2_Easy/2_Easy_5/fps_60,baseline_win,/workspace/src/GFI_docker/compare_outputs/GFI_prediction_region_compare/train_minor_0507_twostage/ARPG_3/baseline_win/ARPG_3_2_Easy_2_Easy_5_fps_60_frame_0546_0548_winner_overlay.png,bmv_many_to_one,9,0.08,Splat Training,FineTuning,6053,0.011676311728395061,0.2565669915744259,0.2542540888815463,0.48917891954402776,21.198056781325228,20.955162595925287,0.24289418539994045,0.039616718888282776,0.04294116422533989
train_minor_0507,ARPG_3_2_Easy_2_Easy_5_fps_60_frame_0546_0548,ARPG_3,2_Easy/2_Easy_5/fps_60,baseline_win,/workspace/src/GFI_docker/compare_outputs/GFI_prediction_region_compare/train_minor_0507_twostage/ARPG_3/baseline_win/ARPG_3_2_Easy_2_Easy_5_fps_60_frame_0546_0548_winner_overlay.png,fmv_many_to_one,9,0.08,Splat Training,FineTuning,5949,0.011475694444444445,0.24592368465288283,0.2400403429147756,0.5140359724323416,19.416941470485533,19.425171719835582,-0.008230249350049235,0.050908539444208145,0.05290195345878601
train_minor_0507,ARPG_3_2_Easy_2_Easy_5_fps_60_frame_0552_0554,ARPG_3,2_Easy/2_Easy_5/fps_60,baseline_win,/workspace/src/GFI_docker/compare_outputs/GFI_prediction_region_compare/train_minor_0507_twostage/ARPG_3/baseline_win/ARPG_3_2_Easy_2_Easy_5_fps_60_frame_0552_0554_winner_overlay.png,all,9,0.08,Splat Training,FineTuning,518400,1.0,0.028333333333333332,0.21903163580246915,0.7526350308641976,24.520090368613566,24.695542046830056,-0.17545167821648988,0.02529028430581093,0.024248827248811722
train_minor_0507,ARPG_3_2_Easy_2_Easy_5_fps_60_frame_0552_0554,ARPG_3,2_Easy/2_Easy_5/fps_60,baseline_win,/workspace/src/GFI_docker/compare_outputs/GFI_prediction_region_compare/train_minor_0507_twostage/ARPG_3/baseline_win/ARPG_3_2_Easy_2_Easy_5_fps_60_frame_0552_0554_winner_overlay.png,hit_both,9,0.08,Splat Training,FineTuning,491204,0.9475385802469136,0.019653748747974365,0.2210853331813259,0.7592609180706997,24.62402867319577,24.818210116557786,-0.19418144336201593,0.025097375735640526,0.023916859179735184
train_minor_0507,ARPG_3_2_Easy_2_Easy_5_fps_60_frame_0552_0554,ARPG_3,2_Easy/2_Easy_5/fps_60,baseline_win,/workspace/src/GFI_docker/compare_outputs/GFI_prediction_region_compare/train_minor_0507_twostage/ARPG_3/baseline_win/ARPG_3_2_Easy_2_Easy_5_fps_60_frame_0552_0554_winner_overlay.png,clean_both_no_hole_no_multi,9,0.08,Splat Training,FineTuning,485287,0.9361246141975309,0.01655515189980362,0.21979364788259317,0.7636512002176032,24.814181661422587,25.006862719531597,-0.19268105810900948,0.024626299738883972,0.023395201191306114
train_minor_0507,ARPG_3_2_Easy_2_Easy_5_fps_60_frame_0552_0554,ARPG_3,2_Easy/2_Easy_5/fps_60,baseline_win,/workspace/src/GFI_docker/compare_outputs/GFI_prediction_region_compare/train_minor_0507_twostage/ARPG_3/baseline_win/ARPG_3_2_Easy_2_Easy_5_fps_60_frame_0552_0554_winner_overlay.png,hole_any,9,0.08,Splat Training,FineTuning,27196,0.05246141975308642,0.18510075011031035,0.18193852037064273,0.6329607295190469,22.975419215007236,22.92589364569654,0.049525569310695516,0.028774704784154892,0.03024430386722088
train_minor_0507,ARPG_3_2_Easy_2_Easy_5_fps_60_frame_0552_0554,ARPG_3,2_Easy/2_Easy_5/fps_60,baseline_win,/workspace/src/GFI_docker/compare_outputs/GFI_prediction_region_compare/train_minor_0507_twostage/ARPG_3/baseline_win/ARPG_3_2_Easy_2_Easy_5_fps_60_frame_0552_0554_winner_overlay.png,many_to_one_any,9,0.08,Splat Training,FineTuning,9272,0.017885802469135802,0.1942407247627265,0.24471527178602243,0.561044003451251,18.81421089846515,19.062549460332217,-0.24833856186706882,0.055666085332632065,0.057093676179647446
train_minor_0507,ARPG_3_2_Easy_2_Easy_5_fps_60_frame_0552_0554,ARPG_3,2_Easy/2_Easy_5/fps_60,baseline_win,/workspace/src/GFI_docker/compare_outputs/GFI_prediction_region_compare/train_minor_0507_twostage/ARPG_3/baseline_win/ARPG_3_2_Easy_2_Easy_5_fps_60_frame_0552_0554_winner_overlay.png,bmv_hole,9,0.08,Splat Training,FineTuning,13925,0.026861496913580248,0.2007181328545781,0.13802513464991023,0.6612567324955116,23.800856740907342,23.475053099188685,0.3258036417186574,0.02886640466749668,0.03130176663398743
train_minor_0507,ARPG_3_2_Easy_2_Easy_5_fps_60_frame_0552_0554,ARPG_3,2_Easy/2_Easy_5/fps_60,baseline_win,/workspace/src/GFI_docker/compare_outputs/GFI_prediction_region_compare/train_minor_0507_twostage/ARPG_3/baseline_win/ARPG_3_2_Easy_2_Easy_5_fps_60_frame_0552_0554_winner_overlay.png,fmv_hole,9,0.08,Splat Training,FineTuning,13577,0.02619020061728395,0.177285114531929,0.22736981660160566,0.5953450688664653,22.098823623199504,22.05368599402675,0.045137629172753435,0.029354620724916458,0.03098781406879425
train_minor_0507,ARPG_3_2_Easy_2_Easy_5_fps_60_frame_0552_0554,ARPG_3,2_Easy/2_Easy_5/fps_60,baseline_win,/workspace/src/GFI_docker/compare_outputs/GFI_prediction_region_compare/train_minor_0507_twostage/ARPG_3/baseline_win/ARPG_3_2_Easy_2_Easy_5_fps_60_frame_0552_0554_winner_overlay.png,bmv_many_to_one,9,0.08,Splat Training,FineTuning,5645,0.010889274691358026,0.1629760850310009,0.25562444641275467,0.5813994685562445,18.64700878807422,19.06738488279505,-0.4203760947208295,0.05708540230989456,0.05724911764264107
train_minor_0507,ARPG_3_2_Easy_2_Easy_5_fps_60_frame_0552_0554,ARPG_3,2_Easy/2_Easy_5/fps_60,baseline_win,/workspace/src/GFI_docker/compare_outputs/GFI_prediction_region_compare/train_minor_0507_twostage/ARPG_3/baseline_win/ARPG_3_2_Easy_2_Easy_5_fps_60_frame_0552_0554_winner_overlay.png,fmv_many_to_one,9,0.08,Splat Training,FineTuning,4683,0.009033564814814815,0.28037582746102924,0.2252829382874226,0.49434123425154813,18.687915626732803,18.607349132014676,0.08056649471812705,0.056968674063682556,0.06137622147798538
train_minor_0507,ARPG_3_2_Easy_2_Easy_5_fps_60_frame_0554_0556,ARPG_3,2_Easy/2_Easy_5/fps_60,candidate_win,/workspace/src/GFI_docker/compare_outputs/GFI_prediction_region_compare/train_minor_0507_twostage/ARPG_3/candidate_win/ARPG_3_2_Easy_2_Easy_5_fps_60_frame_0554_0556_winner_overlay.png,all,9,0.08,Splat Training,FineTuning,518400,1.0,0.2905594135802469,0.27784143518518517,0.4315991512345679,35.928214810688075,35.12811467384805,0.8001001368400225,0.002902903826907277,0.0031823620665818453
train_minor_0507,ARPG_3_2_Easy_2_Easy_5_fps_60_frame_0554_0556,ARPG_3,2_Easy/2_Easy_5/fps_60,candidate_win,/workspace/src/GFI_docker/compare_outputs/GFI_prediction_region_compare/train_minor_0507_twostage/ARPG_3/candidate_win/ARPG_3_2_Easy_2_Easy_5_fps_60_frame_0554_0556_winner_overlay.png,hit_both,9,0.08,Splat Training,FineTuning,499831,0.9641801697530864,0.2868669610328291,0.27669552308680334,0.43643751588036755,37.09797539641774,36.23450778348209,0.8634676129356507,0.0025980817154049873,0.002831481397151947
train_minor_0507,ARPG_3_2_Easy_2_Easy_5_fps_60_frame_0554_0556,ARPG_3,2_Easy/2_Easy_5/fps_60,candidate_win,/workspace/src/GFI_docker/compare_outputs/GFI_prediction_region_compare/train_minor_0507_twostage/ARPG_3/candidate_win/ARPG_3_2_Easy_2_Easy_5_fps_60_frame_0554_0556_winner_overlay.png,clean_both_no_hole_no_multi,9,0.08,Splat Training,FineTuning,495206,0.955258487654321,0.2848612496617569,0.2773532630864731,0.43778548725176997,38.59279398146941,38.33051266079229,0.2622813206771255,0.0023283925838768482,0.0024346434511244297
train_minor_0507,ARPG_3_2_Easy_2_Easy_5_fps_60_frame_0554_0556,ARPG_3,2_Easy/2_Easy_5/fps_60,candidate_win,/workspace/src/GFI_docker/compare_outputs/GFI_prediction_region_compare/train_minor_0507_twostage/ARPG_3/candidate_win/ARPG_3_2_Easy_2_Easy_5_fps_60_frame_0554_0556_winner_overlay.png,hole_any,9,0.08,Splat Training,FineTuning,18569,0.03581983024691358,0.3899509935914697,0.30868652054499435,0.301362485863536,27.261904728187663,26.644004742521894,0.617899985665769,0.011107978411018848,0.012627202086150646
train_minor_0507,ARPG_3_2_Easy_2_Easy_5_fps_60_frame_0554_0556,ARPG_3,2_Easy/2_Easy_5/fps_60,candidate_win,/workspace/src/GFI_docker/compare_outputs/GFI_prediction_region_compare/train_minor_0507_twostage/ARPG_3/candidate_win/ARPG_3_2_Easy_2_Easy_5_fps_60_frame_0554_0556_winner_overlay.png,many_to_one_any,9,0.08,Splat Training,FineTuning,6689,0.012903163580246913,0.4407235760203319,0.21423232172223053,0.3450441022574376,22.045070791586163,20.473157515441006,1.5719132761451569,0.03039347566664219,0.04055511951446533
train_minor_0507,ARPG_3_2_Easy_2_Easy_5_fps_60_frame_0554_0556,ARPG_3,2_Easy/2_Easy_5/fps_60,candidate_win,/workspace/src/GFI_docker/compare_outputs/GFI_prediction_region_compare/train_minor_0507_twostage/ARPG_3/candidate_win/ARPG_3_2_Easy_2_Easy_5_fps_60_frame_0554_0556_winner_overlay.png,bmv_hole,9,0.08,Splat Training,FineTuning,9617,0.01855131172839506,0.3520848497452428,0.3414786315898929,0.3064365186648643,29.907940582682237,28.88428785697402,1.0236527257082173,0.008547771722078323,0.009684646502137184
train_minor_0507,ARPG_3_2_Easy_2_Easy_5_fps_60_frame_0554_0556,ARPG_3,2_Easy/2_Easy_5/fps_60,candidate_win,/workspace/src/GFI_docker/compare_outputs/GFI_prediction_region_compare/train_minor_0507_twostage/ARPG_3/candidate_win/ARPG_3_2_Easy_2_Easy_5_fps_60_frame_0554_0556_winner_overlay.png,fmv_hole,9,0.08,Splat Training,FineTuning,9463,0.018254243827160493,0.42682024727887563,0.27242946211560815,0.3007502906055162,25.70045383637734,25.06662888445474,0.6338249519225982,0.01362775918096304,0.01595204882323742
train_minor_0507,ARPG_3_2_Easy_2_Easy_5_fps_60_frame_0554_0556,ARPG_3,2_Easy/2_Easy_5/fps_60,candidate_win,/workspace/src/GFI_docker/compare_outputs/GFI_prediction_region_compare/train_minor_0507_twostage/ARPG_3/candidate_win/ARPG_3_2_Easy_2_Easy_5_fps_60_frame_0554_0556_winner_overlay.png,bmv_many_to_one,9,0.08,Splat Training,FineTuning,3972,0.007662037037037037,0.4028197381671702,0.25327291037260824,0.34390735146022156,21.715331625666522,20.06977754876132,1.6455540769052028,0.03112638369202614,0.042091045528650284
train_minor_0507,ARPG_3_2_Easy_2_Easy_5_fps_60_frame_0554_0556,ARPG_3,2_Easy/2_Easy_5/fps_60,candidate_win,/workspace/src/GFI_docker/compare_outputs/GFI_prediction_region_compare/train_minor_0507_twostage/ARPG_3/candidate_win/ARPG_3_2_Easy_2_Easy_5_fps_60_frame_0554_0556_winner_overlay.png,fmv_many_to_one,9,0.08,Splat Training,FineTuning,3345,0.0064525462962962965,0.5127055306427504,0.15874439461883408,0.3285500747384155,22.113155337095254,19.814136369151342,2.299018967943912,0.03196693956851959,0.047432418912649155
train_minor_0507,ARPG_3_2_Medium_2_Medium_5_fps_60_frame_0046_0048,ARPG_3,2_Medium/2_Medium_5/fps_60,candidate_win,/workspace/src/GFI_docker/compare_outputs/GFI_prediction_region_compare/train_minor_0507_twostage/ARPG_3/candidate_win/ARPG_3_2_Medium_2_Medium_5_fps_60_frame_0046_0048_winner_overlay.png,all,9,0.08,Splat Training,FineTuning,518400,1.0,0.28585262345679013,0.17634645061728396,0.5378009259259259,26.615082887166615,26.055526775890012,0.5595561112766028,0.019873376935720444,0.02122524194419384
train_minor_0507,ARPG_3_2_Medium_2_Medium_5_fps_60_frame_0046_0048,ARPG_3,2_Medium/2_Medium_5/fps_60,candidate_win,/workspace/src/GFI_docker/compare_outputs/GFI_prediction_region_compare/train_minor_0507_twostage/ARPG_3/candidate_win/ARPG_3_2_Medium_2_Medium_5_fps_60_frame_0046_0048_winner_overlay.png,hit_both,9,0.08,Splat Training,FineTuning,490913,0.946977237654321,0.28281182205400957,0.17627970740232995,0.5409084705436605,27.25767153978643,26.688076626682946,0.569594913103483,0.018556103110313416,0.0197828970849514
train_minor_0507,ARPG_3_2_Medium_2_Medium_5_fps_60_frame_0046_0048,ARPG_3,2_Medium/2_Medium_5/fps_60,candidate_win,/workspace/src/GFI_docker/compare_outputs/GFI_prediction_region_compare/train_minor_0507_twostage/ARPG_3/candidate_win/ARPG_3_2_Medium_2_Medium_5_fps_60_frame_0046_0048_winner_overlay.png,clean_both_no_hole_no_multi,9,0.08,Splat Training,FineTuning,481283,0.928400848765432,0.280377657220388,0.1762497324858763,0.5433726102937357,27.704119559021375,27.20438154553786,0.49973801348351543,0.017857879400253296,0.018906546756625175
train_minor_0507,ARPG_3_2_Medium_2_Medium_5_fps_60_frame_0046_0048,ARPG_3,2_Medium/2_Medium_5/fps_60,candidate_win,/workspace/src/GFI_docker/compare_outputs/GFI_prediction_region_compare/train_minor_0507_twostage/ARPG_3/candidate_win/ARPG_3_2_Medium_2_Medium_5_fps_60_frame_0046_0048_winner_overlay.png,hole_any,9,0.08,Splat Training,FineTuning,27487,0.053022762345679014,0.3401608032888274,0.17753847273256448,0.48230072397860807,21.228888927698264,20.71435509000085,0.5145338376974138,0.04339957609772682,0.04698539897799492
train_minor_0507,ARPG_3_2_Medium_2_Medium_5_fps_60_frame_0046_0048,ARPG_3,2_Medium/2_Medium_5/fps_60,candidate_win,/workspace/src/GFI_docker/compare_outputs/GFI_prediction_region_compare/train_minor_0507_twostage/ARPG_3/candidate_win/ARPG_3_2_Medium_2_Medium_5_fps_60_frame_0046_0048_winner_overlay.png,many_to_one_any,9,0.08,Splat Training,FineTuning,16853,0.0325096450617284,0.36070729247018335,0.16673589271939715,0.4725568148104195,19.40135282723402,18.58434603857978,0.8170067886542398,0.057686205953359604,0.06569269299507141
train_minor_0507,ARPG_3_2_Medium_2_Medium_5_fps_60_frame_0046_0048,ARPG_3,2_Medium/2_Medium_5/fps_60,candidate_win,/workspace/src/GFI_docker/compare_outputs/GFI_prediction_region_compare/train_minor_0507_twostage/ARPG_3/candidate_win/ARPG_3_2_Medium_2_Medium_5_fps_60_frame_0046_0048_winner_overlay.png,bmv_hole,9,0.08,Splat Training,FineTuning,14077,0.027154706790123457,0.366910563330255,0.1758187113731619,0.4572707252965831,22.002170715316296,21.10939147402079,0.8927792412955071,0.04115218669176102,0.045971523970365524
train_minor_0507,ARPG_3_2_Medium_2_Medium_5_fps_60_frame_0046_0048,ARPG_3,2_Medium/2_Medium_5/fps_60,candidate_win,/workspace/src/GFI_docker/compare_outputs/GFI_prediction_region_compare/train_minor_0507_twostage/ARPG_3/candidate_win/ARPG_3_2_Medium_2_Medium_5_fps_60_frame_0046_0048_winner_overlay.png,fmv_hole,9,0.08,Splat Training,FineTuning,14010,0.027025462962962963,0.3220556745182013,0.17851534618129908,0.4994289793004996,20.40259156616816,19.939499627929212,0.46309193823894645,0.04692642763257027,0.05096583813428879
train_minor_0507,ARPG_3_2_Medium_2_Medium_5_fps_60_frame_0046_0048,ARPG_3,2_Medium/2_Medium_5/fps_60,candidate_win,/workspace/src/GFI_docker/compare_outputs/GFI_prediction_region_compare/train_minor_0507_twostage/ARPG_3/candidate_win/ARPG_3_2_Medium_2_Medium_5_fps_60_frame_0046_0048_winner_overlay.png,bmv_many_to_one,9,0.08,Splat Training,FineTuning,6839,0.013192515432098765,0.390992835209826,0.1473899692937564,0.4616171954964176,18.434526187467583,17.43177618674247,1.0027500007251113,0.06650591641664505,0.07804489135742188
train_minor_0507,ARPG_3_2_Medium_2_Medium_5_fps_60_frame_0046_0048,ARPG_3,2_Medium/2_Medium_5/fps_60,candidate_win,/workspace/src/GFI_docker/compare_outputs/GFI_prediction_region_compare/train_minor_0507_twostage/ARPG_3/candidate_win/ARPG_3_2_Medium_2_Medium_5_fps_60_frame_0046_0048_winner_overlay.png,fmv_many_to_one,9,0.08,Splat Training,FineTuning,10582,0.020412808641975307,0.3519183519183519,0.17463617463617465,0.47344547344547344,19.905476573503226,19.18874314077095,0.7167334327322763,0.05346209928393364,0.060258813202381134
train_minor_0507,ARPG_3_2_Medium_2_Medium_5_fps_60_frame_0098_0100,ARPG_3,2_Medium/2_Medium_5/fps_60,candidate_win,/workspace/src/GFI_docker/compare_outputs/GFI_prediction_region_compare/train_minor_0507_twostage/ARPG_3/candidate_win/ARPG_3_2_Medium_2_Medium_5_fps_60_frame_0098_0100_winner_overlay.png,all,9,0.08,Splat Training,FineTuning,518400,1.0,0.18126543209876544,0.2680054012345679,0.5507291666666667,25.925144967218973,25.642458919852604,0.2826860473663686,0.02163252793252468,0.022066723555326462
train_minor_0507,ARPG_3_2_Medium_2_Medium_5_fps_60_frame_0098_0100,ARPG_3,2_Medium/2_Medium_5/fps_60,candidate_win,/workspace/src/GFI_docker/compare_outputs/GFI_prediction_region_compare/train_minor_0507_twostage/ARPG_3/candidate_win/ARPG_3_2_Medium_2_Medium_5_fps_60_frame_0098_0100_winner_overlay.png,hit_both,9,0.08,Splat Training,FineTuning,488594,0.9425038580246914,0.1740995591431741,0.2711269479363234,0.5547734929205025,26.499003305215247,26.26587662417066,0.23312668104458822,0.020269669592380524,0.020543839782476425
train_minor_0507,ARPG_3_2_Medium_2_Medium_5_fps_60_frame_0098_0100,ARPG_3,2_Medium/2_Medium_5/fps_60,candidate_win,/workspace/src/GFI_docker/compare_outputs/GFI_prediction_region_compare/train_minor_0507_twostage/ARPG_3/candidate_win/ARPG_3_2_Medium_2_Medium_5_fps_60_frame_0098_0100_winner_overlay.png,clean_both_no_hole_no_multi,9,0.08,Splat Training,FineTuning,478321,0.9226871141975309,0.16934652670486974,0.2739812803535701,0.5566721929415601,26.85322323677653,26.699662912941243,0.15356032383528628,0.01963414065539837,0.019720369949936867
train_minor_0507,ARPG_3_2_Medium_2_Medium_5_fps_60_frame_0098_0100,ARPG_3,2_Medium/2_Medium_5/fps_60,candidate_win,/workspace/src/GFI_docker/compare_outputs/GFI_prediction_region_compare/train_minor_0507_twostage/ARPG_3/candidate_win/ARPG_3_2_Medium_2_Medium_5_fps_60_frame_0098_0100_winner_overlay.png,hole_any,9,0.08,Splat Training,FineTuning,29806,0.05749614197530864,0.29873179896665103,0.21683553646916728,0.4844326645641817,21.112107418962005,20.60183489132726,0.5102725276347435,0.043973032385110855,0.04703044891357422
train_minor_0507,ARPG_3_2_Medium_2_Medium_5_fps_60_frame_0098_0100,ARPG_3,2_Medium/2_Medium_5/fps_60,candidate_win,/workspace/src/GFI_docker/compare_outputs/GFI_prediction_region_compare/train_minor_0507_twostage/ARPG_3/candidate_win/ARPG_3_2_Medium_2_Medium_5_fps_60_frame_0098_0100_winner_overlay.png,many_to_one_any,9,0.08,Splat Training,FineTuning,18583,0.035846836419753086,0.3535489425819297,0.16014637033848142,0.48630468707958885,19.62190794462972,18.774270900263218,0.8476370443665004,0.053089141845703125,0.0609327033162117
train_minor_0507,ARPG_3_2_Medium_2_Medium_5_fps_60_frame_0098_0100,ARPG_3,2_Medium/2_Medium_5/fps_60,candidate_win,/workspace/src/GFI_docker/compare_outputs/GFI_prediction_region_compare/train_minor_0507_twostage/ARPG_3/candidate_win/ARPG_3_2_Medium_2_Medium_5_fps_60_frame_0098_0100_winner_overlay.png,bmv_hole,9,0.08,Splat Training,FineTuning,15219,0.029357638888888888,0.26887443327419674,0.1873973322820159,0.5437282344437874,22.05754251537015,21.67377815457272,0.38376436079743215,0.03905437886714935,0.04184380918741226
train_minor_0507,ARPG_3_2_Medium_2_Medium_5_fps_60_frame_0098_0100,ARPG_3,2_Medium/2_Medium_5/fps_60,candidate_win,/workspace/src/GFI_docker/compare_outputs/GFI_prediction_region_compare/train_minor_0507_twostage/ARPG_3/candidate_win/ARPG_3_2_Medium_2_Medium_5_fps_60_frame_0098_0100_winner_overlay.png,fmv_hole,9,0.08,Splat Training,FineTuning,15099,0.029126157407407406,0.3371746473276376,0.24392343863832042,0.418901914034042,20.258304342791686,19.678463588275545,0.579840754516141,0.04947849363088608,0.052907027304172516
train_minor_0507,ARPG_3_2_Medium_2_Medium_5_fps_60_frame_0098_0100,ARPG_3,2_Medium/2_Medium_5/fps_60,candidate_win,/workspace/src/GFI_docker/compare_outputs/GFI_prediction_region_compare/train_minor_0507_twostage/ARPG_3/candidate_win/ARPG_3_2_Medium_2_Medium_5_fps_60_frame_0098_0100_winner_overlay.png,bmv_many_to_one,9,0.08,Splat Training,FineTuning,9506,0.018337191358024692,0.4095308226383337,0.13433620871028823,0.4561329686513781,19.11081774934315,17.952545327291926,1.1582724220512226,0.05962797626852989,0.07180095463991165
train_minor_0507,ARPG_3_2_Medium_2_Medium_5_fps_60_frame_0098_0100,ARPG_3,2_Medium/2_Medium_5/fps_60,candidate_win,/workspace/src/GFI_docker/compare_outputs/GFI_prediction_region_compare/train_minor_0507_twostage/ARPG_3/candidate_win/ARPG_3_2_Medium_2_Medium_5_fps_60_frame_0098_0100_winner_overlay.png,fmv_many_to_one,9,0.08,Splat Training,FineTuning,9443,0.018215663580246913,0.30456422747008366,0.18246320025415652,0.5129725722757599,20.162306716495575,19.720677574460847,0.4416291420347278,0.04707765206694603,0.050796423107385635
train_minor_0507,ARPG_3_2_Medium_2_Medium_5_fps_60_frame_0310_0312,ARPG_3,2_Medium/2_Medium_5/fps_60,baseline_win,/workspace/src/GFI_docker/compare_outputs/GFI_prediction_region_compare/train_minor_0507_twostage/ARPG_3/baseline_win/ARPG_3_2_Medium_2_Medium_5_fps_60_frame_0310_0312_winner_overlay.png,all,9,0.08,Splat Training,FineTuning,518400,1.0,0.11395833333333333,0.1766994598765432,0.7093422067901235,24.661622180632875,24.81246450503795,-0.15084232440507606,0.025422995910048485,0.02527371421456337
train_minor_0507,ARPG_3_2_Medium_2_Medium_5_fps_60_frame_0310_0312,ARPG_3,2_Medium/2_Medium_5/fps_60,baseline_win,/workspace/src/GFI_docker/compare_outputs/GFI_prediction_region_compare/train_minor_0507_twostage/ARPG_3/baseline_win/ARPG_3_2_Medium_2_Medium_5_fps_60_frame_0310_0312_winner_overlay.png,hit_both,9,0.08,Splat Training,FineTuning,456182,0.8799807098765432,0.10976540065149436,0.17468904954601452,0.7155455498024911,25.60425246587647,25.770865404948957,-0.1666129390724862,0.02255852520465851,0.022441210225224495
train_minor_0507,ARPG_3_2_Medium_2_Medium_5_fps_60_frame_0310_0312,ARPG_3,2_Medium/2_Medium_5/fps_60,baseline_win,/workspace/src/GFI_docker/compare_outputs/GFI_prediction_region_compare/train_minor_0507_twostage/ARPG_3/baseline_win/ARPG_3_2_Medium_2_Medium_5_fps_60_frame_0310_0312_winner_overlay.png,clean_both_no_hole_no_multi,9,0.08,Splat Training,FineTuning,442067,0.8527527006172839,0.10936125067014729,0.1761316723483092,0.7145070769815435,26.699993025973274,26.880103760957144,-0.1801107349838702,0.02047308348119259,0.02033383399248123
train_minor_0507,ARPG_3_2_Medium_2_Medium_5_fps_60_frame_0310_0312,ARPG_3,2_Medium/2_Medium_5/fps_60,baseline_win,/workspace/src/GFI_docker/compare_outputs/GFI_prediction_region_compare/train_minor_0507_twostage/ARPG_3/baseline_win/ARPG_3_2_Medium_2_Medium_5_fps_60_frame_0310_0312_winner_overlay.png,hole_any,9,0.08,Splat Training,FineTuning,62218,0.12001929012345679,0.14470089041756404,0.19143977627053263,0.6638593333119033,20.804597021677193,20.917380839042593,-0.11278381736540055,0.04642529413104057,0.046041589230298996
train_minor_0507,ARPG_3_2_Medium_2_Medium_5_fps_60_frame_0310_0312,ARPG_3,2_Medium/2_Medium_5/fps_60,baseline_win,/workspace/src/GFI_docker/compare_outputs/GFI_prediction_region_compare/train_minor_0507_twostage/ARPG_3/baseline_win/ARPG_3_2_Medium_2_Medium_5_fps_60_frame_0310_0312_winner_overlay.png,many_to_one_any,9,0.08,Splat Training,FineTuning,35897,0.06924575617283951,0.10552413850739616,0.10641557790344597,0.7880602835891579,19.166252438932357,19.336625222616853,-0.1703727836844955,0.05881551653146744,0.05887814983725548
train_minor_0507,ARPG_3_2_Medium_2_Medium_5_fps_60_frame_0310_0312,ARPG_3,2_Medium/2_Medium_5/fps_60,baseline_win,/workspace/src/GFI_docker/compare_outputs/GFI_prediction_region_compare/train_minor_0507_twostage/ARPG_3/baseline_win/ARPG_3_2_Medium_2_Medium_5_fps_60_frame_0310_0312_winner_overlay.png,bmv_hole,9,0.08,Splat Training,FineTuning,33212,0.06406635802469136,0.11128507768276527,0.10703962423220523,0.7816752980850296,19.308078796004196,19.369956855338415,-0.061878059334219415,0.05350781977176666,0.05343828350305557
train_minor_0507,ARPG_3_2_Medium_2_Medium_5_fps_60_frame_0310_0312,ARPG_3,2_Medium/2_Medium_5/fps_60,baseline_win,/workspace/src/GFI_docker/compare_outputs/GFI_prediction_region_compare/train_minor_0507_twostage/ARPG_3/baseline_win/ARPG_3_2_Medium_2_Medium_5_fps_60_frame_0310_0312_winner_overlay.png,fmv_hole,9,0.08,Splat Training,FineTuning,32135,0.061988811728395064,0.1806441574607126,0.2874124786058814,0.5319433639334059,23.559048347071364,23.80387878174954,-0.24483043467817467,0.03856735676527023,0.037956252694129944
train_minor_0507,ARPG_3_2_Medium_2_Medium_5_fps_60_frame_0310_0312,ARPG_3,2_Medium/2_Medium_5/fps_60,baseline_win,/workspace/src/GFI_docker/compare_outputs/GFI_prediction_region_compare/train_minor_0507_twostage/ARPG_3/baseline_win/ARPG_3_2_Medium_2_Medium_5_fps_60_frame_0310_0312_winner_overlay.png,bmv_many_to_one,9,0.08,Splat Training,FineTuning,6847,0.013207947530864197,0.12063677523002775,0.1758434350810574,0.7035197896889148,14.309236200311648,14.723384085624662,-0.41414788531301383,0.13039898872375488,0.12606333196163177
train_minor_0507,ARPG_3_2_Medium_2_Medium_5_fps_60_frame_0310_0312,ARPG_3,2_Medium/2_Medium_5/fps_60,baseline_win,/workspace/src/GFI_docker/compare_outputs/GFI_prediction_region_compare/train_minor_0507_twostage/ARPG_3/baseline_win/ARPG_3_2_Medium_2_Medium_5_fps_60_frame_0310_0312_winner_overlay.png,fmv_many_to_one,9,0.08,Splat Training,FineTuning,30110,0.058082561728395064,0.10295582862836267,0.09266024576552641,0.8043839256061109,21.109175034132242,21.039321602353972,0.06985343177827019,0.045785628259181976,0.04668785631656647
train_minor_0507,ARPG_3_2_Medium_2_Medium_5_fps_60_frame_0418_0420,ARPG_3,2_Medium/2_Medium_5/fps_60,baseline_win,/workspace/src/GFI_docker/compare_outputs/GFI_prediction_region_compare/train_minor_0507_twostage/ARPG_3/baseline_win/ARPG_3_2_Medium_2_Medium_5_fps_60_frame_0418_0420_winner_overlay.png,all,9,0.08,Splat Training,FineTuning,518400,1.0,0.1333371913580247,0.186875,0.6797878086419753,23.495432431635678,23.810803033938377,-0.31537060230269987,0.02865016832947731,0.028534045442938805
train_minor_0507,ARPG_3_2_Medium_2_Medium_5_fps_60_frame_0418_0420,ARPG_3,2_Medium/2_Medium_5/fps_60,baseline_win,/workspace/src/GFI_docker/compare_outputs/GFI_prediction_region_compare/train_minor_0507_twostage/ARPG_3/baseline_win/ARPG_3_2_Medium_2_Medium_5_fps_60_frame_0418_0420_winner_overlay.png,hit_both,9,0.08,Splat Training,FineTuning,483661,0.9329880401234568,0.12235842873417538,0.18007860877763557,0.697562962488189,24.507127098560566,24.729018678639996,-0.22189158007942922,0.025946911424398422,0.025861170142889023
train_minor_0507,ARPG_3_2_Medium_2_Medium_5_fps_60_frame_0418_0420,ARPG_3,2_Medium/2_Medium_5/fps_60,baseline_win,/workspace/src/GFI_docker/compare_outputs/GFI_prediction_region_compare/train_minor_0507_twostage/ARPG_3/baseline_win/ARPG_3_2_Medium_2_Medium_5_fps_60_frame_0418_0420_winner_overlay.png,clean_both_no_hole_no_multi,9,0.08,Splat Training,FineTuning,471419,0.9093730709876543,0.11872453167988563,0.17929485235003256,0.7019806159700818,25.35354352980628,25.59515807742297,-0.2416145476166882,0.024116884917020798,0.023995114490389824
train_minor_0507,ARPG_3_2_Medium_2_Medium_5_fps_60_frame_0418_0420,ARPG_3,2_Medium/2_Medium_5/fps_60,baseline_win,/workspace/src/GFI_docker/compare_outputs/GFI_prediction_region_compare/train_minor_0507_twostage/ARPG_3/baseline_win/ARPG_3_2_Medium_2_Medium_5_fps_60_frame_0418_0420_winner_overlay.png,hole_any,9,0.08,Splat Training,FineTuning,34739,0.06701195987654321,0.28619131235786865,0.281499179596419,0.43230950804571233,17.592319229941452,18.18397848905738,-0.5916592591159286,0.06628669053316116,0.0657477006316185
train_minor_0507,ARPG_3_2_Medium_2_Medium_5_fps_60_frame_0418_0420,ARPG_3,2_Medium/2_Medium_5/fps_60,baseline_win,/workspace/src/GFI_docker/compare_outputs/GFI_prediction_region_compare/train_minor_0507_twostage/ARPG_3/baseline_win/ARPG_3_2_Medium_2_Medium_5_fps_60_frame_0418_0420_winner_overlay.png,many_to_one_any,9,0.08,Splat Training,FineTuning,17301,0.033373842592592594,0.24079532974972545,0.2244378937633663,0.5347667764869083,15.898738902547455,16.063194049940215,-0.16445514739275957,0.09129511564970016,0.09248436242341995
train_minor_0507,ARPG_3_2_Medium_2_Medium_5_fps_60_frame_0418_0420,ARPG_3,2_Medium/2_Medium_5/fps_60,baseline_win,/workspace/src/GFI_docker/compare_outputs/GFI_prediction_region_compare/train_minor_0507_twostage/ARPG_3/baseline_win/ARPG_3_2_Medium_2_Medium_5_fps_60_frame_0418_0420_winner_overlay.png,bmv_hole,9,0.08,Splat Training,FineTuning,21044,0.040594135802469136,0.26145219540011405,0.3433757840714693,0.39517202052841666,19.8012687431209,21.16193956025342,-1.3606708171325188,0.04735686630010605,0.04505200684070587
train_minor_0507,ARPG_3_2_Medium_2_Medium_5_fps_60_frame_0418_0420,ARPG_3,2_Medium/2_Medium_5/fps_60,baseline_win,/workspace/src/GFI_docker/compare_outputs/GFI_prediction_region_compare/train_minor_0507_twostage/ARPG_3/baseline_win/ARPG_3_2_Medium_2_Medium_5_fps_60_frame_0418_0420_winner_overlay.png,fmv_hole,9,0.08,Splat Training,FineTuning,15647,0.030183256172839505,0.3359110372595386,0.2059819773758548,0.45810698536460664,15.486799626180632,15.88903235968008,-0.40223273349944755,0.09517963975667953,0.09638824313879013
train_minor_0507,ARPG_3_2_Medium_2_Medium_5_fps_60_frame_0418_0420,ARPG_3,2_Medium/2_Medium_5/fps_60,baseline_win,/workspace/src/GFI_docker/compare_outputs/GFI_prediction_region_compare/train_minor_0507_twostage/ARPG_3/baseline_win/ARPG_3_2_Medium_2_Medium_5_fps_60_frame_0418_0420_winner_overlay.png,bmv_many_to_one,9,0.08,Splat Training,FineTuning,9428,0.01818672839506173,0.30886720407297413,0.19028425965210014,0.5008485362749258,17.675405125671134,17.55525668182657,0.12014844384456325,0.06963002681732178,0.0743468850851059
train_minor_0507,ARPG_3_2_Medium_2_Medium_5_fps_60_frame_0418_0420,ARPG_3,2_Medium/2_Medium_5/fps_60,baseline_win,/workspace/src/GFI_docker/compare_outputs/GFI_prediction_region_compare/train_minor_0507_twostage/ARPG_3/baseline_win/ARPG_3_2_Medium_2_Medium_5_fps_60_frame_0418_0420_winner_overlay.png,fmv_many_to_one,9,0.08,Splat Training,FineTuning,9047,0.017451774691358026,0.17342765557643416,0.27401348513319335,0.5525588592903725,14.669621373965736,14.879435023828103,-0.20981364986236706,0.11277765035629272,0.11160310357809067
train_minor_0507,ARPG_3_2_Medium_2_Medium_5_fps_60_frame_0452_0454,ARPG_3,2_Medium/2_Medium_5/fps_60,candidate_win,/workspace/src/GFI_docker/compare_outputs/GFI_prediction_region_compare/train_minor_0507_twostage/ARPG_3/candidate_win/ARPG_3_2_Medium_2_Medium_5_fps_60_frame_0452_0454_winner_overlay.png,all,9,0.08,Splat Training,FineTuning,518400,1.0,0.31299382716049384,0.30879050925925927,0.37821566358024694,28.638076437203857,26.04321802285776,2.5948584143460955,0.009829724207520485,0.013861826620995998
train_minor_0507,ARPG_3_2_Medium_2_Medium_5_fps_60_frame_0452_0454,ARPG_3,2_Medium/2_Medium_5/fps_60,candidate_win,/workspace/src/GFI_docker/compare_outputs/GFI_prediction_region_compare/train_minor_0507_twostage/ARPG_3/candidate_win/ARPG_3_2_Medium_2_Medium_5_fps_60_frame_0452_0454_winner_overlay.png,hit_both,9,0.08,Splat Training,FineTuning,473442,0.9132754629629629,0.2980745265523549,0.30545874679474994,0.3964667266528952,31.140474087700305,27.91690168866006,3.2235723990402434,0.006518474314361811,0.009486769326031208
train_minor_0507,ARPG_3_2_Medium_2_Medium_5_fps_60_frame_0452_0454,ARPG_3,2_Medium/2_Medium_5/fps_60,candidate_win,/workspace/src/GFI_docker/compare_outputs/GFI_prediction_region_compare/train_minor_0507_twostage/ARPG_3/candidate_win/ARPG_3_2_Medium_2_Medium_5_fps_60_frame_0452_0454_winner_overlay.png,clean_both_no_hole_no_multi,9,0.08,Splat Training,FineTuning,452179,0.8722588734567901,0.27748524367562405,0.314390982332218,0.408123773992158,34.769481940833025,32.39895144228682,2.370530498546202,0.004358728416264057,0.0051825339905917645
train_minor_0507,ARPG_3_2_Medium_2_Medium_5_fps_60_frame_0452_0454,ARPG_3,2_Medium/2_Medium_5/fps_60,candidate_win,/workspace/src/GFI_docker/compare_outputs/GFI_prediction_region_compare/train_minor_0507_twostage/ARPG_3/candidate_win/ARPG_3_2_Medium_2_Medium_5_fps_60_frame_0452_0454_winner_overlay.png,hole_any,9,0.08,Splat Training,FineTuning,44958,0.08672453703703703,0.4701054317362872,0.34387650696205346,0.18601806130165932,21.14678475934817,19.331299718223427,1.8154850411247416,0.04469972848892212,0.05993451923131943
train_minor_0507,ARPG_3_2_Medium_2_Medium_5_fps_60_frame_0452_0454,ARPG_3,2_Medium/2_Medium_5/fps_60,candidate_win,/workspace/src/GFI_docker/compare_outputs/GFI_prediction_region_compare/train_minor_0507_twostage/ARPG_3/candidate_win/ARPG_3_2_Medium_2_Medium_5_fps_60_frame_0452_0454_winner_overlay.png,many_to_one_any,9,0.08,Splat Training,FineTuning,29530,0.056963734567901235,0.6593294954283779,0.15557060616322385,0.18509989840839824,19.61305727742864,16.81659730306103,2.796459974367611,0.05448054522275925,0.09158874303102493
train_minor_0507,ARPG_3_2_Medium_2_Medium_5_fps_60_frame_0452_0454,ARPG_3,2_Medium/2_Medium_5/fps_60,candidate_win,/workspace/src/GFI_docker/compare_outputs/GFI_prediction_region_compare/train_minor_0507_twostage/ARPG_3/candidate_win/ARPG_3_2_Medium_2_Medium_5_fps_60_frame_0452_0454_winner_overlay.png,bmv_hole,9,0.08,Splat Training,FineTuning,22801,0.04398341049382716,0.44103328801368363,0.4046752335423885,0.1542914784439279,22.502992064642584,20.396969719897037,2.106022344745547,0.04042094200849533,0.0514848455786705
train_minor_0507,ARPG_3_2_Medium_2_Medium_5_fps_60_frame_0452_0454,ARPG_3,2_Medium/2_Medium_5/fps_60,candidate_win,/workspace/src/GFI_docker/compare_outputs/GFI_prediction_region_compare/train_minor_0507_twostage/ARPG_3/candidate_win/ARPG_3_2_Medium_2_Medium_5_fps_60_frame_0452_0454_winner_overlay.png,fmv_hole,9,0.08,Splat Training,FineTuning,23373,0.045086805555555554,0.5071663885680058,0.2792110554913789,0.21362255594061524,20.053149167443806,18.186122028060623,1.8670271393831825,0.04970983788371086,0.07169722765684128
train_minor_0507,ARPG_3_2_Medium_2_Medium_5_fps_60_frame_0452_0454,ARPG_3,2_Medium/2_Medium_5/fps_60,candidate_win,/workspace/src/GFI_docker/compare_outputs/GFI_prediction_region_compare/train_minor_0507_twostage/ARPG_3/candidate_win/ARPG_3_2_Medium_2_Medium_5_fps_60_frame_0452_0454_winner_overlay.png,bmv_many_to_one,9,0.08,Splat Training,FineTuning,16462,0.0317554012345679,0.660247843518406,0.1587899404689588,0.18096221601263515,19.650811162954753,15.938230175314981,3.7125809876397717,0.05250134319067001,0.10231145471334457
train_minor_0507,ARPG_3_2_Medium_2_Medium_5_fps_60_frame_0452_0454,ARPG_3,2_Medium/2_Medium_5/fps_60,candidate_win,/workspace/src/GFI_docker/compare_outputs/GFI_prediction_region_compare/train_minor_0507_twostage/ARPG_3/candidate_win/ARPG_3_2_Medium_2_Medium_5_fps_60_frame_0452_0454_winner_overlay.png,fmv_many_to_one,9,0.08,Splat Training,FineTuning,15124,0.02917438271604938,0.6624570219518646,0.147315524993388,0.19022745305474742,19.184129414909528,16.933027744529337,2.2511016703801907,0.060767464339733124,0.0925903171300888
train_minor_0507,ARPG_3_2_Medium_2_Medium_5_fps_60_frame_0460_0462,ARPG_3,2_Medium/2_Medium_5/fps_60,candidate_win,/workspace/src/GFI_docker/compare_outputs/GFI_prediction_region_compare/train_minor_0507_twostage/ARPG_3/candidate_win/ARPG_3_2_Medium_2_Medium_5_fps_60_frame_0460_0462_winner_overlay.png,all,9,0.08,Splat Training,FineTuning,518400,1.0,0.34330439814814817,0.30352623456790123,0.3531693672839506,26.210059954018607,24.65587755669429,1.5541823973243183,0.014391697943210602,0.018619054928421974
train_minor_0507,ARPG_3_2_Medium_2_Medium_5_fps_60_frame_0460_0462,ARPG_3,2_Medium/2_Medium_5/fps_60,candidate_win,/workspace/src/GFI_docker/compare_outputs/GFI_prediction_region_compare/train_minor_0507_twostage/ARPG_3/candidate_win/ARPG_3_2_Medium_2_Medium_5_fps_60_frame_0460_0462_winner_overlay.png,hit_both,9,0.08,Splat Training,FineTuning,463931,0.8949286265432099,0.33289648676204003,0.2947679719613477,0.3723355412766123,29.59475493017902,26.38788597942774,3.2068689507512786,0.008861642330884933,0.013130436651408672
train_minor_0507,ARPG_3_2_Medium_2_Medium_5_fps_60_frame_0460_0462,ARPG_3,2_Medium/2_Medium_5/fps_60,candidate_win,/workspace/src/GFI_docker/compare_outputs/GFI_prediction_region_compare/train_minor_0507_twostage/ARPG_3/candidate_win/ARPG_3_2_Medium_2_Medium_5_fps_60_frame_0460_0462_winner_overlay.png,clean_both_no_hole_no_multi,9,0.08,Splat Training,FineTuning,440542,0.8498109567901234,0.3128986566547571,0.302665807119412,0.38443553622583093,32.39305000760377,29.837412843816136,2.555637163787633,0.006311866920441389,0.008003532886505127
train_minor_0507,ARPG_3_2_Medium_2_Medium_5_fps_60_frame_0460_0462,ARPG_3,2_Medium/2_Medium_5/fps_60,candidate_win,/workspace/src/GFI_docker/compare_outputs/GFI_prediction_region_compare/train_minor_0507_twostage/ARPG_3/candidate_win/ARPG_3_2_Medium_2_Medium_5_fps_60_frame_0460_0462_winner_overlay.png,hole_any,9,0.08,Splat Training,FineTuning,54469,0.10507137345679013,0.43195211955424184,0.3781233362095871,0.18992454423617103,18.720105424143238,18.85667403627416,-0.13656861213092242,0.06149306520819664,0.06536746770143509
train_minor_0507,ARPG_3_2_Medium_2_Medium_5_fps_60_frame_0460_0462,ARPG_3,2_Medium/2_Medium_5/fps_60,candidate_win,/workspace/src/GFI_docker/compare_outputs/GFI_prediction_region_compare/train_minor_0507_twostage/ARPG_3/candidate_win/ARPG_3_2_Medium_2_Medium_5_fps_60_frame_0460_0462_winner_overlay.png,many_to_one_any,9,0.08,Splat Training,FineTuning,37529,0.07239390432098765,0.6170428202190306,0.19731407711369875,0.18564310266727063,18.511515704978084,16.177032756071203,2.3344829489068815,0.06578442454338074,0.10382305085659027
train_minor_0507,ARPG_3_2_Medium_2_Medium_5_fps_60_frame_0460_0462,ARPG_3,2_Medium/2_Medium_5/fps_60,candidate_win,/workspace/src/GFI_docker/compare_outputs/GFI_prediction_region_compare/train_minor_0507_twostage/ARPG_3/candidate_win/ARPG_3_2_Medium_2_Medium_5_fps_60_frame_0460_0462_winner_overlay.png,bmv_hole,9,0.08,Splat Training,FineTuning,27148,0.052368827160493826,0.42669809930749963,0.3982245469279505,0.1750773537645499,20.69675653172378,19.261184463009663,1.4355720687141158,0.04416801035404205,0.056393228471279144
train_minor_0507,ARPG_3_2_Medium_2_Medium_5_fps_60_frame_0460_0462,ARPG_3,2_Medium/2_Medium_5/fps_60,candidate_win,/workspace/src/GFI_docker/compare_outputs/GFI_prediction_region_compare/train_minor_0507_twostage/ARPG_3/candidate_win/ARPG_3_2_Medium_2_Medium_5_fps_60_frame_0460_0462_winner_overlay.png,fmv_hole,9,0.08,Splat Training,FineTuning,28151,0.054303626543209874,0.4367162800610991,0.3571098717629924,0.2061738481759085,17.262100777203614,18.215521177658786,-0.9534204004551725,0.08011423051357269,0.0764675885438919
train_minor_0507,ARPG_3_2_Medium_2_Medium_5_fps_60_frame_0460_0462,ARPG_3,2_Medium/2_Medium_5/fps_60,candidate_win,/workspace/src/GFI_docker/compare_outputs/GFI_prediction_region_compare/train_minor_0507_twostage/ARPG_3/candidate_win/ARPG_3_2_Medium_2_Medium_5_fps_60_frame_0460_0462_winner_overlay.png,bmv_many_to_one,9,0.08,Splat Training,FineTuning,20243,0.03904899691358025,0.5504618880600701,0.23578520970211925,0.2137529022378106,17.335936692928023,15.79215866310374,1.5437780298242831,0.08036312460899353,0.1118915006518364
train_minor_0507,ARPG_3_2_Medium_2_Medium_5_fps_60_frame_0460_0462,ARPG_3,2_Medium/2_Medium_5/fps_60,candidate_win,/workspace/src/GFI_docker/compare_outputs/GFI_prediction_region_compare/train_minor_0507_twostage/ARPG_3/candidate_win/ARPG_3_2_Medium_2_Medium_5_fps_60_frame_0460_0462_winner_overlay.png,fmv_many_to_one,9,0.08,Splat Training,FineTuning,18964,0.03658179012345679,0.6896751740139211,0.1558215566336216,0.15450326935245728,20.008480363456073,16.256629937602437,3.751850425853636,0.052579984068870544,0.0995909720659256
train_minor_0507,ARPG_3_2_Medium_2_Medium_5_fps_60_frame_0538_0540,ARPG_3,2_Medium/2_Medium_5/fps_60,candidate_win,/workspace/src/GFI_docker/compare_outputs/GFI_prediction_region_compare/train_minor_0507_twostage/ARPG_3/candidate_win/ARPG_3_2_Medium_2_Medium_5_fps_60_frame_0538_0540_winner_overlay.png,all,9,0.08,Splat Training,FineTuning,518400,1.0,0.2741917438271605,0.27486689814814813,0.4509413580246914,35.84912666040128,35.49224121541302,0.356885444988265,0.003583639394491911,0.003731316886842251
train_minor_0507,ARPG_3_2_Medium_2_Medium_5_fps_60_frame_0538_0540,ARPG_3,2_Medium/2_Medium_5/fps_60,candidate_win,/workspace/src/GFI_docker/compare_outputs/GFI_prediction_region_compare/train_minor_0507_twostage/ARPG_3/candidate_win/ARPG_3_2_Medium_2_Medium_5_fps_60_frame_0538_0540_winner_overlay.png,hit_both,9,0.08,Splat Training,FineTuning,496753,0.9582426697530865,0.2716138604094993,0.27551116953496,0.45287497005554067,36.99699270497178,36.443329397024186,0.5536633079475948,0.003244203282520175,0.0034088289830833673
train_minor_0507,ARPG_3_2_Medium_2_Medium_5_fps_60_frame_0538_0540,ARPG_3,2_Medium/2_Medium_5/fps_60,candidate_win,/workspace/src/GFI_docker/compare_outputs/GFI_prediction_region_compare/train_minor_0507_twostage/ARPG_3/candidate_win/ARPG_3_2_Medium_2_Medium_5_fps_60_frame_0538_0540_winner_overlay.png,clean_both_no_hole_no_multi,9,0.08,Splat Training,FineTuning,491454,0.9480208333333333,0.26944739487317226,0.27579386880562573,0.454758736321202,37.97109272211467,37.86766571111001,0.103427011004662,0.0030049895867705345,0.00309542752802372
train_minor_0507,ARPG_3_2_Medium_2_Medium_5_fps_60_frame_0538_0540,ARPG_3,2_Medium/2_Medium_5/fps_60,candidate_win,/workspace/src/GFI_docker/compare_outputs/GFI_prediction_region_compare/train_minor_0507_twostage/ARPG_3/candidate_win/ARPG_3_2_Medium_2_Medium_5_fps_60_frame_0538_0540_winner_overlay.png,hole_any,9,0.08,Splat Training,FineTuning,21647,0.04175733024691358,0.333348731925902,0.26008222848431656,0.40656903958978147,27.83514648544603,28.078142103855264,-0.2429956184092319,0.011372978799045086,0.01113173272460699
train_minor_0507,ARPG_3_2_Medium_2_Medium_5_fps_60_frame_0538_0540,ARPG_3,2_Medium/2_Medium_5/fps_60,candidate_win,/workspace/src/GFI_docker/compare_outputs/GFI_prediction_region_compare/train_minor_0507_twostage/ARPG_3/candidate_win/ARPG_3_2_Medium_2_Medium_5_fps_60_frame_0538_0540_winner_overlay.png,many_to_one_any,9,0.08,Splat Training,FineTuning,8491,0.016379243827160495,0.4562477917795313,0.22223530797314803,0.3215169002473207,24.16006343296843,22.76509635987263,1.394967073095799,0.023037387058138847,0.027828004211187363
train_minor_0507,ARPG_3_2_Medium_2_Medium_5_fps_60_frame_0538_0540,ARPG_3,2_Medium/2_Medium_5/fps_60,candidate_win,/workspace/src/GFI_docker/compare_outputs/GFI_prediction_region_compare/train_minor_0507_twostage/ARPG_3/candidate_win/ARPG_3_2_Medium_2_Medium_5_fps_60_frame_0538_0540_winner_overlay.png,bmv_hole,9,0.08,Splat Training,FineTuning,11099,0.021410108024691357,0.3459771150554104,0.26290656815929364,0.39111631678529596,28.001319550777843,28.632385595240333,-0.6310660444624894,0.011479218490421772,0.010505452752113342
train_minor_0507,ARPG_3_2_Medium_2_Medium_5_fps_60_frame_0538_0540,ARPG_3,2_Medium/2_Medium_5/fps_60,candidate_win,/workspace/src/GFI_docker/compare_outputs/GFI_prediction_region_compare/train_minor_0507_twostage/ARPG_3/candidate_win/ARPG_3_2_Medium_2_Medium_5_fps_60_frame_0538_0540_winner_overlay.png,fmv_hole,9,0.08,Splat Training,FineTuning,10952,0.021126543209876544,0.32222425127830534,0.25511322132943753,0.4226625273922571,27.7764099967566,27.625093098613718,0.15131689814288052,0.011163987219333649,0.011791202239692211
train_minor_0507,ARPG_3_2_Medium_2_Medium_5_fps_60_frame_0538_0540,ARPG_3,2_Medium/2_Medium_5/fps_60,candidate_win,/workspace/src/GFI_docker/compare_outputs/GFI_prediction_region_compare/train_minor_0507_twostage/ARPG_3/candidate_win/ARPG_3_2_Medium_2_Medium_5_fps_60_frame_0538_0540_winner_overlay.png,bmv_many_to_one,9,0.08,Splat Training,FineTuning,3745,0.007224151234567901,0.4539385847797063,0.2656875834445928,0.2803738317757009,24.264129134052443,22.382131705366184,1.8819974286862582,0.026189865544438362,0.0324043370783329
train_minor_0507,ARPG_3_2_Medium_2_Medium_5_fps_60_frame_0538_0540,ARPG_3,2_Medium/2_Medium_5/fps_60,candidate_win,/workspace/src/GFI_docker/compare_outputs/GFI_prediction_region_compare/train_minor_0507_twostage/ARPG_3/candidate_win/ARPG_3_2_Medium_2_Medium_5_fps_60_frame_0538_0540_winner_overlay.png,fmv_many_to_one,9,0.08,Splat Training,FineTuning,5472,0.010555555555555556,0.4473684210526316,0.20266812865497075,0.34996345029239767,24.104835667362853,23.181694609840484,0.9231410575223684,0.021825669333338737,0.02474893070757389
train_minor_0507,ARPG_3_2_Medium_2_Medium_5_fps_60_frame_0540_0542,ARPG_3,2_Medium/2_Medium_5/fps_60,candidate_win,/workspace/src/GFI_docker/compare_outputs/GFI_prediction_region_compare/train_minor_0507_twostage/ARPG_3/candidate_win/ARPG_3_2_Medium_2_Medium_5_fps_60_frame_0540_0542_winner_overlay.png,all,9,0.08,Splat Training,FineTuning,518400,1.0,0.2568537808641975,0.27761574074074075,0.46553047839506173,36.11370265160241,35.20091171227739,0.9127909393250206,0.0033996296115219593,0.0036217926535755396
train_minor_0507,ARPG_3_2_Medium_2_Medium_5_fps_60_frame_0540_0542,ARPG_3,2_Medium/2_Medium_5/fps_60,candidate_win,/workspace/src/GFI_docker/compare_outputs/GFI_prediction_region_compare/train_minor_0507_twostage/ARPG_3/candidate_win/ARPG_3_2_Medium_2_Medium_5_fps_60_frame_0540_0542_winner_overlay.png,hit_both,9,0.08,Splat Training,FineTuning,498595,0.9617959104938272,0.2518376638353774,0.27892177017418945,0.4692405659904331,36.82213219554101,36.069559474845995,0.7525727206950137,0.0031443487387150526,0.003314762143418193
train_minor_0507,ARPG_3_2_Medium_2_Medium_5_fps_60_frame_0540_0542,ARPG_3,2_Medium/2_Medium_5/fps_60,candidate_win,/workspace/src/GFI_docker/compare_outputs/GFI_prediction_region_compare/train_minor_0507_twostage/ARPG_3/candidate_win/ARPG_3_2_Medium_2_Medium_5_fps_60_frame_0540_0542_winner_overlay.png,clean_both_no_hole_no_multi,9,0.08,Splat Training,FineTuning,493370,0.9517168209876543,0.24877678010418144,0.2799744613576018,0.47124875853821674,38.053326408955556,37.648799610659374,0.40452679829618177,0.0028666385915130377,0.0029754070565104485
train_minor_0507,ARPG_3_2_Medium_2_Medium_5_fps_60_frame_0540_0542,ARPG_3,2_Medium/2_Medium_5/fps_60,candidate_win,/workspace/src/GFI_docker/compare_outputs/GFI_prediction_region_compare/train_minor_0507_twostage/ARPG_3/candidate_win/ARPG_3_2_Medium_2_Medium_5_fps_60_frame_0540_0542_winner_overlay.png,hole_any,9,0.08,Splat Training,FineTuning,19805,0.038204089506172836,0.3831355718252966,0.24473617773289574,0.37212825044180764,29.311092882019324,27.74722261760942,1.5638702644099034,0.009826329536736012,0.011351329274475574
train_minor_0507,ARPG_3_2_Medium_2_Medium_5_fps_60_frame_0540_0542,ARPG_3,2_Medium/2_Medium_5/fps_60,candidate_win,/workspace/src/GFI_docker/compare_outputs/GFI_prediction_region_compare/train_minor_0507_twostage/ARPG_3/candidate_win/ARPG_3_2_Medium_2_Medium_5_fps_60_frame_0540_0542_winner_overlay.png,many_to_one_any,9,0.08,Splat Training,FineTuning,7702,0.014857253086419752,0.4688392625292132,0.18436769670215528,0.34679304076863154,23.14582110698918,21.526822157506913,1.6189989494822683,0.02727990411221981,0.03303971886634827
train_minor_0507,ARPG_3_2_Medium_2_Medium_5_fps_60_frame_0540_0542,ARPG_3,2_Medium/2_Medium_5/fps_60,candidate_win,/workspace/src/GFI_docker/compare_outputs/GFI_prediction_region_compare/train_minor_0507_twostage/ARPG_3/candidate_win/ARPG_3_2_Medium_2_Medium_5_fps_60_frame_0540_0542_winner_overlay.png,bmv_hole,9,0.08,Splat Training,FineTuning,9823,0.018948688271604938,0.3713733075435203,0.21235874987274764,0.41626794258373206,29.062123231519323,27.4481264565403,1.6139967749790216,0.010751611553132534,0.012650181539356709
train_minor_0507,ARPG_3_2_Medium_2_Medium_5_fps_60_frame_0540_0542,ARPG_3,2_Medium/2_Medium_5/fps_60,candidate_win,/workspace/src/GFI_docker/compare_outputs/GFI_prediction_region_compare/train_minor_0507_twostage/ARPG_3/candidate_win/ARPG_3_2_Medium_2_Medium_5_fps_60_frame_0540_0542_winner_overlay.png,fmv_hole,9,0.08,Splat Training,FineTuning,10316,0.01989969135802469,0.3966653741760372,0.2744280728964715,0.32890655292749127,29.348697161875403,27.790055277599535,1.5586418842758683,0.009251825511455536,0.010698780417442322
train_minor_0507,ARPG_3_2_Medium_2_Medium_5_fps_60_frame_0540_0542,ARPG_3,2_Medium/2_Medium_5/fps_60,candidate_win,/workspace/src/GFI_docker/compare_outputs/GFI_prediction_region_compare/train_minor_0507_twostage/ARPG_3/candidate_win/ARPG_3_2_Medium_2_Medium_5_fps_60_frame_0540_0542_winner_overlay.png,bmv_many_to_one,9,0.08,Splat Training,FineTuning,3605,0.00695408950617284,0.49042995839112347,0.16310679611650486,0.34646324549237173,24.225752790968322,21.205311551320207,3.0204412396481146,0.023142512887716293,0.03304814547300339
train_minor_0507,ARPG_3_2_Medium_2_Medium_5_fps_60_frame_0540_0542,ARPG_3,2_Medium/2_Medium_5/fps_60,candidate_win,/workspace/src/GFI_docker/compare_outputs/GFI_prediction_region_compare/train_minor_0507_twostage/ARPG_3/candidate_win/ARPG_3_2_Medium_2_Medium_5_fps_60_frame_0540_0542_winner_overlay.png,fmv_many_to_one,9,0.08,Splat Training,FineTuning,4624,0.008919753086419752,0.45891003460207613,0.20242214532871972,0.33866782006920415,22.372924930248605,21.644901184062363,0.728023746186242,0.031535662710666656,0.034550342708826065
train_minor_0507,ARPG_3_2_Medium_2_Medium_5_fps_60_frame_0546_0548,ARPG_3,2_Medium/2_Medium_5/fps_60,baseline_win,/workspace/src/GFI_docker/compare_outputs/GFI_prediction_region_compare/train_minor_0507_twostage/ARPG_3/baseline_win/ARPG_3_2_Medium_2_Medium_5_fps_60_frame_0546_0548_winner_overlay.png,all,9,0.08,Splat Training,FineTuning,518400,1.0,0.03626929012345679,0.22528356481481482,0.7384471450617284,24.629232743739724,24.71299722031082,-0.08376447657109765,0.024776484817266464,0.023918630555272102
train_minor_0507,ARPG_3_2_Medium_2_Medium_5_fps_60_frame_0546_0548,ARPG_3,2_Medium/2_Medium_5/fps_60,baseline_win,/workspace/src/GFI_docker/compare_outputs/GFI_prediction_region_compare/train_minor_0507_twostage/ARPG_3/baseline_win/ARPG_3_2_Medium_2_Medium_5_fps_60_frame_0546_0548_winner_overlay.png,hit_both,9,0.08,Splat Training,FineTuning,489917,0.9450559413580247,0.02300185541632562,0.23078807226530207,0.7462100723183723,24.76503302646733,24.918275994619425,-0.15324296815209593,0.024502236396074295,0.023344436660408974
train_minor_0507,ARPG_3_2_Medium_2_Medium_5_fps_60_frame_0546_0548,ARPG_3,2_Medium/2_Medium_5/fps_60,baseline_win,/workspace/src/GFI_docker/compare_outputs/GFI_prediction_region_compare/train_minor_0507_twostage/ARPG_3/baseline_win/ARPG_3_2_Medium_2_Medium_5_fps_60_frame_0546_0548_winner_overlay.png,clean_both_no_hole_no_multi,9,0.08,Splat Training,FineTuning,483090,0.931886574074074,0.018714939245275206,0.22946862903392742,0.7518164317207974,24.89306929689002,25.065240997603276,-0.17217170071325683,0.024183468893170357,0.022946514189243317
train_minor_0507,ARPG_3_2_Medium_2_Medium_5_fps_60_frame_0546_0548,ARPG_3,2_Medium/2_Medium_5/fps_60,baseline_win,/workspace/src/GFI_docker/compare_outputs/GFI_prediction_region_compare/train_minor_0507_twostage/ARPG_3/baseline_win/ARPG_3_2_Medium_2_Medium_5_fps_60_frame_0546_0548_winner_overlay.png,hole_any,9,0.08,Splat Training,FineTuning,28483,0.05494405864197531,0.26447354562370534,0.13060422006108907,0.6049222343152055,22.78366858465268,22.17455028325365,0.6091183013990289,0.029493387788534164,0.033794861286878586
train_minor_0507,ARPG_3_2_Medium_2_Medium_5_fps_60_frame_0546_0548,ARPG_3,2_Medium/2_Medium_5/fps_60,baseline_win,/workspace/src/GFI_docker/compare_outputs/GFI_prediction_region_compare/train_minor_0507_twostage/ARPG_3/baseline_win/ARPG_3_2_Medium_2_Medium_5_fps_60_frame_0546_0548_winner_overlay.png,many_to_one_any,9,0.08,Splat Training,FineTuning,10202,0.019679783950617286,0.23554205057831798,0.23642423054303077,0.5280337188786512,20.243747847493832,20.168936907755345,0.07481093973848729,0.043871957808732986,0.04632027819752693
train_minor_0507,ARPG_3_2_Medium_2_Medium_5_fps_60_frame_0546_0548,ARPG_3,2_Medium/2_Medium_5/fps_60,baseline_win,/workspace/src/GFI_docker/compare_outputs/GFI_prediction_region_compare/train_minor_0507_twostage/ARPG_3/baseline_win/ARPG_3_2_Medium_2_Medium_5_fps_60_frame_0546_0548_winner_overlay.png,bmv_hole,9,0.08,Splat Training,FineTuning,14722,0.02839891975308642,0.21736177149843772,0.12640945523706018,0.6562287732645021,25.21770699801106,23.584635328281735,1.6330716697293255,0.026586685329675674,0.03275006264448166
train_minor_0507,ARPG_3_2_Medium_2_Medium_5_fps_60_frame_0546_0548,ARPG_3,2_Medium/2_Medium_5/fps_60,baseline_win,/workspace/src/GFI_docker/compare_outputs/GFI_prediction_region_compare/train_minor_0507_twostage/ARPG_3/baseline_win/ARPG_3_2_Medium_2_Medium_5_fps_60_frame_0546_0548_winner_overlay.png,fmv_hole,9,0.08,Splat Training,FineTuning,14667,0.028292824074074074,0.33346969387059383,0.1345878502761301,0.531942455853276,21.26033591664868,20.474298306373523,0.7860376102751552,0.032505232840776443,0.03959277272224426
train_minor_0507,ARPG_3_2_Medium_2_Medium_5_fps_60_frame_0546_0548,ARPG_3,2_Medium/2_Medium_5/fps_60,baseline_win,/workspace/src/GFI_docker/compare_outputs/GFI_prediction_region_compare/train_minor_0507_twostage/ARPG_3/baseline_win/ARPG_3_2_Medium_2_Medium_5_fps_60_frame_0546_0548_winner_overlay.png,bmv_many_to_one,9,0.08,Splat Training,FineTuning,6053,0.011676311728395061,0.2565669915744259,0.2542540888815463,0.48917891954402776,21.198056781325228,20.955162595925287,0.24289418539994045,0.039616718888282776,0.04294116422533989
train_minor_0507,ARPG_3_2_Medium_2_Medium_5_fps_60_frame_0546_0548,ARPG_3,2_Medium/2_Medium_5/fps_60,baseline_win,/workspace/src/GFI_docker/compare_outputs/GFI_prediction_region_compare/train_minor_0507_twostage/ARPG_3/baseline_win/ARPG_3_2_Medium_2_Medium_5_fps_60_frame_0546_0548_winner_overlay.png,fmv_many_to_one,9,0.08,Splat Training,FineTuning,5949,0.011475694444444445,0.24592368465288283,0.2400403429147756,0.5140359724323416,19.416941470485533,19.425171719835582,-0.008230249350049235,0.050908539444208145,0.05290195345878601
train_minor_0507,ARPG_3_2_Medium_2_Medium_5_fps_60_frame_0552_0554,ARPG_3,2_Medium/2_Medium_5/fps_60,baseline_win,/workspace/src/GFI_docker/compare_outputs/GFI_prediction_region_compare/train_minor_0507_twostage/ARPG_3/baseline_win/ARPG_3_2_Medium_2_Medium_5_fps_60_frame_0552_0554_winner_overlay.png,all,9,0.08,Splat Training,FineTuning,518400,1.0,0.028333333333333332,0.21903163580246915,0.7526350308641976,24.520090368613566,24.695542046830056,-0.17545167821648988,0.02529028430581093,0.024248827248811722
train_minor_0507,ARPG_3_2_Medium_2_Medium_5_fps_60_frame_0552_0554,ARPG_3,2_Medium/2_Medium_5/fps_60,baseline_win,/workspace/src/GFI_docker/compare_outputs/GFI_prediction_region_compare/train_minor_0507_twostage/ARPG_3/baseline_win/ARPG_3_2_Medium_2_Medium_5_fps_60_frame_0552_0554_winner_overlay.png,hit_both,9,0.08,Splat Training,FineTuning,491204,0.9475385802469136,0.019653748747974365,0.2210853331813259,0.7592609180706997,24.62402867319577,24.818210116557786,-0.19418144336201593,0.025097375735640526,0.023916859179735184
train_minor_0507,ARPG_3_2_Medium_2_Medium_5_fps_60_frame_0552_0554,ARPG_3,2_Medium/2_Medium_5/fps_60,baseline_win,/workspace/src/GFI_docker/compare_outputs/GFI_prediction_region_compare/train_minor_0507_twostage/ARPG_3/baseline_win/ARPG_3_2_Medium_2_Medium_5_fps_60_frame_0552_0554_winner_overlay.png,clean_both_no_hole_no_multi,9,0.08,Splat Training,FineTuning,485287,0.9361246141975309,0.01655515189980362,0.21979364788259317,0.7636512002176032,24.814181661422587,25.006862719531597,-0.19268105810900948,0.024626299738883972,0.023395201191306114
train_minor_0507,ARPG_3_2_Medium_2_Medium_5_fps_60_frame_0552_0554,ARPG_3,2_Medium/2_Medium_5/fps_60,baseline_win,/workspace/src/GFI_docker/compare_outputs/GFI_prediction_region_compare/train_minor_0507_twostage/ARPG_3/baseline_win/ARPG_3_2_Medium_2_Medium_5_fps_60_frame_0552_0554_winner_overlay.png,hole_any,9,0.08,Splat Training,FineTuning,27196,0.05246141975308642,0.18510075011031035,0.18193852037064273,0.6329607295190469,22.975419215007236,22.92589364569654,0.049525569310695516,0.028774704784154892,0.03024430386722088
train_minor_0507,ARPG_3_2_Medium_2_Medium_5_fps_60_frame_0552_0554,ARPG_3,2_Medium/2_Medium_5/fps_60,baseline_win,/workspace/src/GFI_docker/compare_outputs/GFI_prediction_region_compare/train_minor_0507_twostage/ARPG_3/baseline_win/ARPG_3_2_Medium_2_Medium_5_fps_60_frame_0552_0554_winner_overlay.png,many_to_one_any,9,0.08,Splat Training,FineTuning,9272,0.017885802469135802,0.1942407247627265,0.24471527178602243,0.561044003451251,18.81421089846515,19.062549460332217,-0.24833856186706882,0.055666085332632065,0.057093676179647446
train_minor_0507,ARPG_3_2_Medium_2_Medium_5_fps_60_frame_0552_0554,ARPG_3,2_Medium/2_Medium_5/fps_60,baseline_win,/workspace/src/GFI_docker/compare_outputs/GFI_prediction_region_compare/train_minor_0507_twostage/ARPG_3/baseline_win/ARPG_3_2_Medium_2_Medium_5_fps_60_frame_0552_0554_winner_overlay.png,bmv_hole,9,0.08,Splat Training,FineTuning,13925,0.026861496913580248,0.2007181328545781,0.13802513464991023,0.6612567324955116,23.800856740907342,23.475053099188685,0.3258036417186574,0.02886640466749668,0.03130176663398743
train_minor_0507,ARPG_3_2_Medium_2_Medium_5_fps_60_frame_0552_0554,ARPG_3,2_Medium/2_Medium_5/fps_60,baseline_win,/workspace/src/GFI_docker/compare_outputs/GFI_prediction_region_compare/train_minor_0507_twostage/ARPG_3/baseline_win/ARPG_3_2_Medium_2_Medium_5_fps_60_frame_0552_0554_winner_overlay.png,fmv_hole,9,0.08,Splat Training,FineTuning,13577,0.02619020061728395,0.177285114531929,0.22736981660160566,0.5953450688664653,22.098823623199504,22.05368599402675,0.045137629172753435,0.029354620724916458,0.03098781406879425
train_minor_0507,ARPG_3_2_Medium_2_Medium_5_fps_60_frame_0552_0554,ARPG_3,2_Medium/2_Medium_5/fps_60,baseline_win,/workspace/src/GFI_docker/compare_outputs/GFI_prediction_region_compare/train_minor_0507_twostage/ARPG_3/baseline_win/ARPG_3_2_Medium_2_Medium_5_fps_60_frame_0552_0554_winner_overlay.png,bmv_many_to_one,9,0.08,Splat Training,FineTuning,5645,0.010889274691358026,0.1629760850310009,0.25562444641275467,0.5813994685562445,18.64700878807422,19.06738488279505,-0.4203760947208295,0.05708540230989456,0.05724911764264107
train_minor_0507,ARPG_3_2_Medium_2_Medium_5_fps_60_frame_0552_0554,ARPG_3,2_Medium/2_Medium_5/fps_60,baseline_win,/workspace/src/GFI_docker/compare_outputs/GFI_prediction_region_compare/train_minor_0507_twostage/ARPG_3/baseline_win/ARPG_3_2_Medium_2_Medium_5_fps_60_frame_0552_0554_winner_overlay.png,fmv_many_to_one,9,0.08,Splat Training,FineTuning,4683,0.009033564814814815,0.28037582746102924,0.2252829382874226,0.49434123425154813,18.687915626732803,18.607349132014676,0.08056649471812705,0.056968674063682556,0.06137622147798538
train_minor_0507,ARPG_3_2_Medium_2_Medium_5_fps_60_frame_0554_0556,ARPG_3,2_Medium/2_Medium_5/fps_60,candidate_win,/workspace/src/GFI_docker/compare_outputs/GFI_prediction_region_compare/train_minor_0507_twostage/ARPG_3/candidate_win/ARPG_3_2_Medium_2_Medium_5_fps_60_frame_0554_0556_winner_overlay.png,all,9,0.08,Splat Training,FineTuning,518400,1.0,0.2905594135802469,0.27784143518518517,0.4315991512345679,35.928214810688075,35.12811467384805,0.8001001368400225,0.0029029063880443573,0.0031823620665818453
train_minor_0507,ARPG_3_2_Medium_2_Medium_5_fps_60_frame_0554_0556,ARPG_3,2_Medium/2_Medium_5/fps_60,candidate_win,/workspace/src/GFI_docker/compare_outputs/GFI_prediction_region_compare/train_minor_0507_twostage/ARPG_3/candidate_win/ARPG_3_2_Medium_2_Medium_5_fps_60_frame_0554_0556_winner_overlay.png,hit_both,9,0.08,Splat Training,FineTuning,499831,0.9641801697530864,0.2868669610328291,0.27669552308680334,0.43643751588036755,37.09797539641774,36.23450778348209,0.8634676129356507,0.0025980842765420675,0.002831481397151947
train_minor_0507,ARPG_3_2_Medium_2_Medium_5_fps_60_frame_0554_0556,ARPG_3,2_Medium/2_Medium_5/fps_60,candidate_win,/workspace/src/GFI_docker/compare_outputs/GFI_prediction_region_compare/train_minor_0507_twostage/ARPG_3/candidate_win/ARPG_3_2_Medium_2_Medium_5_fps_60_frame_0554_0556_winner_overlay.png,clean_both_no_hole_no_multi,9,0.08,Splat Training,FineTuning,495206,0.955258487654321,0.2848612496617569,0.2773532630864731,0.43778548725176997,38.59279352439823,38.33051266079229,0.2622808636059446,0.0023283951450139284,0.0024346434511244297
train_minor_0507,ARPG_3_2_Medium_2_Medium_5_fps_60_frame_0554_0556,ARPG_3,2_Medium/2_Medium_5/fps_60,candidate_win,/workspace/src/GFI_docker/compare_outputs/GFI_prediction_region_compare/train_minor_0507_twostage/ARPG_3/candidate_win/ARPG_3_2_Medium_2_Medium_5_fps_60_frame_0554_0556_winner_overlay.png,hole_any,9,0.08,Splat Training,FineTuning,18569,0.03581983024691358,0.3899509935914697,0.30868652054499435,0.301362485863536,27.261904728187663,26.644004742521894,0.617899985665769,0.011107978411018848,0.012627202086150646
train_minor_0507,ARPG_3_2_Medium_2_Medium_5_fps_60_frame_0554_0556,ARPG_3,2_Medium/2_Medium_5/fps_60,candidate_win,/workspace/src/GFI_docker/compare_outputs/GFI_prediction_region_compare/train_minor_0507_twostage/ARPG_3/candidate_win/ARPG_3_2_Medium_2_Medium_5_fps_60_frame_0554_0556_winner_overlay.png,many_to_one_any,9,0.08,Splat Training,FineTuning,6689,0.012903163580246913,0.4407235760203319,0.21423232172223053,0.3450441022574376,22.045070791586163,20.473157515441006,1.5719132761451569,0.03039347566664219,0.04055511951446533
train_minor_0507,ARPG_3_2_Medium_2_Medium_5_fps_60_frame_0554_0556,ARPG_3,2_Medium/2_Medium_5/fps_60,candidate_win,/workspace/src/GFI_docker/compare_outputs/GFI_prediction_region_compare/train_minor_0507_twostage/ARPG_3/candidate_win/ARPG_3_2_Medium_2_Medium_5_fps_60_frame_0554_0556_winner_overlay.png,bmv_hole,9,0.08,Splat Training,FineTuning,9617,0.01855131172839506,0.3520848497452428,0.3414786315898929,0.3064365186648643,29.907940582682237,28.88428785697402,1.0236527257082173,0.008547771722078323,0.009684646502137184
train_minor_0507,ARPG_3_2_Medium_2_Medium_5_fps_60_frame_0554_0556,ARPG_3,2_Medium/2_Medium_5/fps_60,candidate_win,/workspace/src/GFI_docker/compare_outputs/GFI_prediction_region_compare/train_minor_0507_twostage/ARPG_3/candidate_win/ARPG_3_2_Medium_2_Medium_5_fps_60_frame_0554_0556_winner_overlay.png,fmv_hole,9,0.08,Splat Training,FineTuning,9463,0.018254243827160493,0.42682024727887563,0.27242946211560815,0.3007502906055162,25.70045383637734,25.06662888445474,0.6338249519225982,0.01362775918096304,0.01595204882323742
train_minor_0507,ARPG_3_2_Medium_2_Medium_5_fps_60_frame_0554_0556,ARPG_3,2_Medium/2_Medium_5/fps_60,candidate_win,/workspace/src/GFI_docker/compare_outputs/GFI_prediction_region_compare/train_minor_0507_twostage/ARPG_3/candidate_win/ARPG_3_2_Medium_2_Medium_5_fps_60_frame_0554_0556_winner_overlay.png,bmv_many_to_one,9,0.08,Splat Training,FineTuning,3972,0.007662037037037037,0.4028197381671702,0.25327291037260824,0.34390735146022156,21.715331625666522,20.06977754876132,1.6455540769052028,0.03112638369202614,0.042091045528650284
train_minor_0507,ARPG_3_2_Medium_2_Medium_5_fps_60_frame_0554_0556,ARPG_3,2_Medium/2_Medium_5/fps_60,candidate_win,/workspace/src/GFI_docker/compare_outputs/GFI_prediction_region_compare/train_minor_0507_twostage/ARPG_3/candidate_win/ARPG_3_2_Medium_2_Medium_5_fps_60_frame_0554_0556_winner_overlay.png,fmv_many_to_one,9,0.08,Splat Training,FineTuning,3345,0.0064525462962962965,0.5127055306427504,0.15874439461883408,0.3285500747384155,22.113155337095254,19.814136369151342,2.299018967943912,0.03196693956851959,0.047432418912649155
train_minor_0507,ARPG_3_2_Medium_2_Medium_5_fps_60_frame_0590_0592,ARPG_3,2_Medium/2_Medium_5/fps_60,candidate_win,/workspace/src/GFI_docker/compare_outputs/GFI_prediction_region_compare/train_minor_0507_twostage/ARPG_3/candidate_win/ARPG_3_2_Medium_2_Medium_5_fps_60_frame_0590_0592_winner_overlay.png,all,9,0.08,Splat Training,FineTuning,518400,1.0,0.307397762345679,0.35193479938271605,0.34066743827160495,26.73070847471026,26.018135879940782,0.7125725947694761,0.012086467817425728,0.012629993259906769
train_minor_0507,ARPG_3_2_Medium_2_Medium_5_fps_60_frame_0590_0592,ARPG_3,2_Medium/2_Medium_5/fps_60,candidate_win,/workspace/src/GFI_docker/compare_outputs/GFI_prediction_region_compare/train_minor_0507_twostage/ARPG_3/candidate_win/ARPG_3_2_Medium_2_Medium_5_fps_60_frame_0590_0592_winner_overlay.png,hit_both,9,0.08,Splat Training,FineTuning,464414,0.8958603395061728,0.30913581416580893,0.33609451911441085,0.3547696667197802,27.365740681319334,26.80829046917622,0.5574502121431131,0.009780355729162693,0.010424844920635223
train_minor_0507,ARPG_3_2_Medium_2_Medium_5_fps_60_frame_0590_0592,ARPG_3,2_Medium/2_Medium_5/fps_60,candidate_win,/workspace/src/GFI_docker/compare_outputs/GFI_prediction_region_compare/train_minor_0507_twostage/ARPG_3/candidate_win/ARPG_3_2_Medium_2_Medium_5_fps_60_frame_0590_0592_winner_overlay.png,clean_both_no_hole_no_multi,9,0.08,Splat Training,FineTuning,447899,0.8640027006172839,0.3098555701173702,0.33877280369011764,0.35137162619251217,32.520210622197176,31.7937101247572,0.7265004974399751,0.006028437055647373,0.006303128786385059
train_minor_0507,ARPG_3_2_Medium_2_Medium_5_fps_60_frame_0590_0592,ARPG_3,2_Medium/2_Medium_5/fps_60,candidate_win,/workspace/src/GFI_docker/compare_outputs/GFI_prediction_region_compare/train_minor_0507_twostage/ARPG_3/candidate_win/ARPG_3_2_Medium_2_Medium_5_fps_60_frame_0590_0592_winner_overlay.png,hole_any,9,0.08,Splat Training,FineTuning,53986,0.10413966049382715,0.2924461897528989,0.488200644611566,0.21935316563553514,23.365657289923774,22.16026362226488,1.205393667658896,0.031924810260534286,0.03159977123141289
train_minor_0507,ARPG_3_2_Medium_2_Medium_5_fps_60_frame_0590_0592,ARPG_3,2_Medium/2_Medium_5/fps_60,candidate_win,/workspace/src/GFI_docker/compare_outputs/GFI_prediction_region_compare/train_minor_0507_twostage/ARPG_3/candidate_win/ARPG_3_2_Medium_2_Medium_5_fps_60_frame_0590_0592_winner_overlay.png,many_to_one_any,9,0.08,Splat Training,FineTuning,32053,0.06183063271604938,0.3403425576389106,0.25844694724362777,0.4012104951174617,16.548957928553364,15.851630947532975,0.6973269810203888,0.07271216809749603,0.0823279470205307
train_minor_0507,ARPG_3_2_Medium_2_Medium_5_fps_60_frame_0590_0592,ARPG_3,2_Medium/2_Medium_5/fps_60,candidate_win,/workspace/src/GFI_docker/compare_outputs/GFI_prediction_region_compare/train_minor_0507_twostage/ARPG_3/candidate_win/ARPG_3_2_Medium_2_Medium_5_fps_60_frame_0590_0592_winner_overlay.png,bmv_hole,9,0.08,Splat Training,FineTuning,24877,0.04798804012345679,0.2840776620975198,0.5376854122281626,0.17823692567431765,22.726936738076866,21.292206975568657,1.4347297625082085,0.035928983241319656,0.036922208964824677
train_minor_0507,ARPG_3_2_Medium_2_Medium_5_fps_60_frame_0590_0592,ARPG_3,2_Medium/2_Medium_5/fps_60,candidate_win,/workspace/src/GFI_docker/compare_outputs/GFI_prediction_region_compare/train_minor_0507_twostage/ARPG_3/candidate_win/ARPG_3_2_Medium_2_Medium_5_fps_60_frame_0590_0592_winner_overlay.png,fmv_hole,9,0.08,Splat Training,FineTuning,30923,0.0596508487654321,0.3104161950651618,0.4408692558936714,0.24871454904116677,23.959589281548578,22.853130924093954,1.106458357454624,0.02909017913043499,0.028628351166844368
train_minor_0507,ARPG_3_2_Medium_2_Medium_5_fps_60_frame_0590_0592,ARPG_3,2_Medium/2_Medium_5/fps_60,candidate_win,/workspace/src/GFI_docker/compare_outputs/GFI_prediction_region_compare/train_minor_0507_twostage/ARPG_3/candidate_win/ARPG_3_2_Medium_2_Medium_5_fps_60_frame_0590_0592_winner_overlay.png,bmv_many_to_one,9,0.08,Splat Training,FineTuning,22275,0.04296875,0.33571268237934904,0.2314253647586981,0.43286195286195284,17.882719391730983,17.565539749008288,0.31717964272269583,0.05556638538837433,0.05945250764489174
train_minor_0507,ARPG_3_2_Medium_2_Medium_5_fps_60_frame_0590_0592,ARPG_3,2_Medium/2_Medium_5/fps_60,candidate_win,/workspace/src/GFI_docker/compare_outputs/GFI_prediction_region_compare/train_minor_0507_twostage/ARPG_3/candidate_win/ARPG_3_2_Medium_2_Medium_5_fps_60_frame_0590_0592_winner_overlay.png,fmv_many_to_one,9,0.08,Splat Training,FineTuning,11948,0.02304783950617284,0.302979578172079,0.272012052226314,0.425008369601607,13.408674345168546,12.694560661158565,0.7141136840099804,0.1373845487833023,0.15631103515625
